======================================================================
                 AIRAOS-OCTAVE KERNEL AUDIT
======================================================================
Repository : /home/manan/Aira-Octave
Timestamp  : 2026-09-08T10:38:25+00:00
Host       : Linux IPAD-SERVER 6.6.87.2-microsoft-standard-WSL2 #1 SMP PREEMPT_DYNAMIC Thu Jun  5 18:30:46 UTC 2025 x86_64 GNU/Linux
======================================================================

[1/15] Checking repository structure...
[FOUND] linux-7.2.2
[FOUND] initramfs
[FOUND] initramfs.cpio
[FOUND] configs

[2/15] Collecting repository metadata...
Git root:
/home/manan/Aira-Octave

Current branch:
main

HEAD:
83a73251c38ad5e721f64912e0750cae510077ed

Last commits:
83a73251c (HEAD -> main, origin/main) test: autonomous kernel and userspace validation
1eec0061e test: rebuild and boot-test Aira Octave
44935635f chore: remove large Linux source archive
f677e7377 feat: boot AiraOS Linux userspace

Repository status:
 M initramfs.cpio
?? logs/initramfs-20260830-082619.sha256
?? logs/initramfs-result.txt
?? logs/initramfs.sha256
?? logs/octave-audit-20260908-103825/
?? reports/kernel-foundation-20260830-082619.txt
?? scripts/

Top-level files:
./.gitignore
./configs/airaos-x86_64-working.config
./configs/airaos-x86_64.config
./initramfs.cpio
./initramfs/init
./linux-7.2.2.tar.xz
./logs/AIRA-OCTAVE-BUILD-REPORT.txt
./logs/autonomous-20260830-063845.log
./logs/autonomous-build-start.txt
./logs/autonomous-errors.txt
./logs/autonomous-full-20260830-070926.log
./logs/autonomous-kernel-build.log
./logs/autonomous-olddefconfig.log
./logs/autonomous-qemu.log
./logs/build-start.log
./logs/initramfs-20260830-082619.sha256
./logs/initramfs-build.log
./logs/initramfs-result.txt
./logs/initramfs.sha256
./logs/kernel-build.log
./logs/kernel-foundation-20260830-082619.log
./logs/kernel-foundation-boot-20260830-082619.log
./logs/kernel-k34-boot-20260830-082619.log
./logs/qemu-autonomous-20260830-070926.log
./logs/qemu-boot.log
./logs/qemu-clean-boot.log
./logs/qemu-direct-debug.log
./reports/AIRA-OCTAVE-AUTONOMOUS-REPORT.txt
./reports/kernel-foundation-20260830-082619.txt
./scripts/boot-qemu-autonomous.sh
./test/airaos-bzImage

[3/15] Inspecting kernel source identity...
Kernel Makefile identity:
VERSION = 7
PATCHLEVEL = 2
SUBLEVEL = 2
EXTRAVERSION =

Kernel version:
7.2.2

Kernel directory:
2.7G	/home/manan/Aira-Octave/linux-7.2.2

Kernel source file count:
106312

Kernel git status, if this is a git tree:
 M ../initramfs.cpio
?? ../logs/initramfs-20260830-082619.sha256
?? ../logs/initramfs-result.txt
?? ../logs/initramfs.sha256
?? ../logs/octave-audit-20260908-103825/
?? ../reports/kernel-foundation-20260830-082619.txt
?? ../scripts/

Kernel git revision, if available:
83a73251c38ad5e721f64912e0750cae510077ed

Kernel git remote, if available:
origin	https://github.com/manansulya01/Aira-Octave.git (fetch)
origin	https://github.com/manansulya01/Aira-Octave.git (push)

[4/15] Locating Octave/Aira-specific configuration...
Configuration files:
/home/manan/Aira-Octave/configs/airaos-x86_64-working.config
/home/manan/Aira-Octave/configs/airaos-x86_64.config

Kernel config files:
/home/manan/Aira-Octave/linux-7.2.2/.cocciconfig
/home/manan/Aira-Octave/linux-7.2.2/.config
/home/manan/Aira-Octave/linux-7.2.2/.config.old
/home/manan/Aira-Octave/linux-7.2.2/.config.pre-foundation-20260830-082619
/home/manan/Aira-Octave/linux-7.2.2/.editorconfig
/home/manan/Aira-Octave/linux-7.2.2/Documentation/Kconfig
/home/manan/Aira-Octave/linux-7.2.2/Kconfig
/home/manan/Aira-Octave/linux-7.2.2/arch/Kconfig
/home/manan/Aira-Octave/linux-7.2.2/block/Kconfig
/home/manan/Aira-Octave/linux-7.2.2/block/Kconfig.iosched
/home/manan/Aira-Octave/linux-7.2.2/certs/Kconfig
/home/manan/Aira-Octave/linux-7.2.2/crypto/Kconfig
/home/manan/Aira-Octave/linux-7.2.2/drivers/Kconfig
/home/manan/Aira-Octave/linux-7.2.2/fs/Kconfig
/home/manan/Aira-Octave/linux-7.2.2/fs/Kconfig.binfmt
/home/manan/Aira-Octave/linux-7.2.2/init/.kunitconfig
/home/manan/Aira-Octave/linux-7.2.2/init/Kconfig
/home/manan/Aira-Octave/linux-7.2.2/io_uring/Kconfig
/home/manan/Aira-Octave/linux-7.2.2/kernel/Kconfig.freezer
/home/manan/Aira-Octave/linux-7.2.2/kernel/Kconfig.hz
/home/manan/Aira-Octave/linux-7.2.2/kernel/Kconfig.kexec
/home/manan/Aira-Octave/linux-7.2.2/kernel/Kconfig.locks
/home/manan/Aira-Octave/linux-7.2.2/kernel/Kconfig.preempt
/home/manan/Aira-Octave/linux-7.2.2/kernel/configs.c
/home/manan/Aira-Octave/linux-7.2.2/lib/Kconfig
/home/manan/Aira-Octave/linux-7.2.2/lib/Kconfig.debug
/home/manan/Aira-Octave/linux-7.2.2/lib/Kconfig.kasan
/home/manan/Aira-Octave/linux-7.2.2/lib/Kconfig.kcsan
/home/manan/Aira-Octave/linux-7.2.2/lib/Kconfig.kfence
/home/manan/Aira-Octave/linux-7.2.2/lib/Kconfig.kgdb
/home/manan/Aira-Octave/linux-7.2.2/lib/Kconfig.kmsan
/home/manan/Aira-Octave/linux-7.2.2/lib/Kconfig.ubsan
/home/manan/Aira-Octave/linux-7.2.2/lib/bootconfig-data.S
/home/manan/Aira-Octave/linux-7.2.2/lib/bootconfig.c
/home/manan/Aira-Octave/linux-7.2.2/lib/of-reconfig-notifier-error-inject.c
/home/manan/Aira-Octave/linux-7.2.2/mm/Kconfig
/home/manan/Aira-Octave/linux-7.2.2/mm/Kconfig.debug
/home/manan/Aira-Octave/linux-7.2.2/net/Kconfig
/home/manan/Aira-Octave/linux-7.2.2/net/Kconfig.debug
/home/manan/Aira-Octave/linux-7.2.2/rust/.kunitconfig
/home/manan/Aira-Octave/linux-7.2.2/samples/Kconfig
/home/manan/Aira-Octave/linux-7.2.2/scripts/Kconfig.include
/home/manan/Aira-Octave/linux-7.2.2/scripts/checkkconfigsymbols.py
/home/manan/Aira-Octave/linux-7.2.2/scripts/config
/home/manan/Aira-Octave/linux-7.2.2/scripts/diffconfig
/home/manan/Aira-Octave/linux-7.2.2/scripts/extract-ikconfig
/home/manan/Aira-Octave/linux-7.2.2/security/Kconfig
/home/manan/Aira-Octave/linux-7.2.2/security/Kconfig.hardening
/home/manan/Aira-Octave/linux-7.2.2/sound/Kconfig
/home/manan/Aira-Octave/linux-7.2.2/usr/Kconfig

Candidate Octave config contents:

===== /home/manan/Aira-Octave/configs/airaos-x86_64-working.config =====
# CONFIG_COMPILE_TEST is not set
# CONFIG_WERROR is not set
# CONFIG_LOCALVERSION_AUTO is not set
# CONFIG_KERNEL_GZIP is not set
# CONFIG_KERNEL_BZIP2 is not set
# CONFIG_KERNEL_LZMA is not set
# CONFIG_KERNEL_LZO is not set
# CONFIG_KERNEL_LZ4 is not set
# CONFIG_KERNEL_ZSTD is not set
# CONFIG_SYSVIPC is not set
# CONFIG_POSIX_MQUEUE is not set
# CONFIG_WATCH_QUEUE is not set
# CONFIG_CROSS_MEMORY_ATTACH is not set
# CONFIG_AUDIT is not set
CONFIG_HZ_PERIODIC=y
# CONFIG_NO_HZ_IDLE is not set
# CONFIG_NO_HZ_FULL is not set
# CONFIG_NO_HZ is not set
# CONFIG_HIGH_RES_TIMERS is not set
# CONFIG_BPF_SYSCALL is not set
# CONFIG_BPF_JIT is not set
CONFIG_PREEMPT_BUILD=y
# CONFIG_PREEMPT is not set
CONFIG_PREEMPT_LAZY=y
# CONFIG_PREEMPT_RT is not set
CONFIG_PREEMPT_COUNT=y
CONFIG_PREEMPTION=y
# CONFIG_PREEMPT_DYNAMIC is not set
# CONFIG_SCHED_CORE is not set
# CONFIG_VIRT_CPU_ACCOUNTING_GEN is not set
# CONFIG_IRQ_TIME_ACCOUNTING is not set
# CONFIG_PSI is not set
# CONFIG_RCU_EXPERT is not set
# CONFIG_IKCONFIG is not set
# CONFIG_IKHEADERS is not set
# CONFIG_UCLAMP_TASK is not set
# CONFIG_SCHED_PROXY_EXEC is not set
# CONFIG_CGROUPS is not set
# CONFIG_CHECKPOINT_RESTORE is not set
# CONFIG_SCHED_AUTOGROUP is not set
# CONFIG_RELAY is not set
CONFIG_BLK_DEV_INITRD=y
CONFIG_INITRAMFS_SOURCE=""
# CONFIG_BOOT_CONFIG is not set
CONFIG_INITRAMFS_PRESERVE_MTIME=y
# CONFIG_CC_OPTIMIZE_FOR_PERFORMANCE is not set
# CONFIG_SYSFS_SYSCALL is not set
# CONFIG_MULTIUSER is not set
# CONFIG_SGETMASK_SYSCALL is not set
# CONFIG_FHANDLE is not set
# CONFIG_POSIX_TIMERS is not set
# CONFIG_PRINTK is not set
# CONFIG_BUG is not set
# CONFIG_PCSPKR_PLATFORM is not set
# CONFIG_BASE_SMALL is not set
# CONFIG_FUTEX is not set
# CONFIG_EPOLL is not set
# CONFIG_SIGNALFD is not set
# CONFIG_TIMERFD is not set
# CONFIG_EVENTFD is not set
# CONFIG_SHMEM is not set
# CONFIG_AIO is not set
# CONFIG_IO_URING is not set
# CONFIG_ADVISE_SYSCALLS is not set
# CONFIG_MEMBARRIER is not set
# CONFIG_KCMP is not set
# CONFIG_RSEQ is not set
# CONFIG_CACHESTAT_SYSCALL is not set
# CONFIG_KALLSYMS is not set
# CONFIG_DEBUG_PERF_USE_VMALLOC is not set
# CONFIG_PROFILING is not set
# CONFIG_KEXEC is not set
# CONFIG_KEXEC_FILE is not set
# CONFIG_KEXEC_HANDOVER is not set
CONFIG_64BIT=y
CONFIG_X86_64=y
CONFIG_LOCKDEP_SUPPORT=y
CONFIG_SMP=y
# CONFIG_X86_CPU_RESCTRL is not set
# CONFIG_X86_FRED is not set
# CONFIG_X86_EXTENDED_PLATFORM is not set
# CONFIG_X86_INTEL_LPSS is not set
# CONFIG_X86_AMD_PLATFORM_DEVICE is not set
# CONFIG_IOSF_MBI is not set
# CONFIG_SCHED_OMIT_FRAME_POINTER is not set
# CONFIG_HYPERVISOR_GUEST is not set
# CONFIG_X86_NATIVE_CPU is not set
# CONFIG_PROCESSOR_SELECT is not set
# CONFIG_DMI is not set
# CONFIG_GART_IOMMU is not set
# CONFIG_MAXSMP is not set
CONFIG_ACPI_MADT_WAKEUP=y
# CONFIG_X86_REROUTE_FOR_BROKEN_BOOT_IRQS is not set
# CONFIG_X86_MCE is not set
# CONFIG_PERF_EVENTS_AMD_POWER is not set
# CONFIG_PERF_EVENTS_AMD_UNCORE is not set
# CONFIG_PERF_EVENTS_AMD_BRS is not set
# CONFIG_X86_IOPL_IOPERM is not set
# CONFIG_MICROCODE_LATE_LOADING is not set
# CONFIG_MICROCODE_DBG is not set
# CONFIG_X86_MSR is not set
# CONFIG_X86_CPUID is not set
# CONFIG_AMD_MEM_ENCRYPT is not set
# CONFIG_NUMA is not set
# CONFIG_X86_PMEM_LEGACY is not set
# CONFIG_X86_CHECK_BIOS_CORRUPTION is not set
# CONFIG_MTRR is not set
# CONFIG_X86_UMIP is not set
# CONFIG_X86_INTEL_TSX_MODE_OFF is not set
# CONFIG_X86_INTEL_TSX_MODE_ON is not set
# CONFIG_X86_USER_SHADOW_STACK is not set
CONFIG_EFI=y
CONFIG_EFI_STUB=y
CONFIG_EFI_HANDOVER_PROTOCOL=y
# CONFIG_EFI_MIXED is not set
# CONFIG_EFI_RUNTIME_MAP is not set
# CONFIG_HZ_100 is not set
CONFIG_HZ_250=y
# CONFIG_HZ_300 is not set
# CONFIG_HZ_1000 is not set
CONFIG_HZ=250
CONFIG_RANDOMIZE_BASE=y
CONFIG_RANDOMIZE_MEMORY=y
CONFIG_RANDOMIZE_MEMORY_PHYSICAL_PADDING=0x0
# CONFIG_ADDRESS_MASKING is not set
# CONFIG_LEGACY_VSYSCALL_NONE is not set
# CONFIG_CMDLINE_BOOL is not set
# CONFIG_MODIFY_LDT_SYSCALL is not set
# CONFIG_STRICT_SIGALTSTACK_SIZE is not set
# CONFIG_X86_BUS_LOCK_DETECT is not set
# CONFIG_CPU_MITIGATIONS is not set
# CONFIG_SUSPEND is not set
# CONFIG_HIBERNATION is not set
# CONFIG_PM_QOS_CPU_SYSTEM_WAKEUP is not set
# CONFIG_PM is not set
# CONFIG_ENERGY_MODEL is not set
CONFIG_ACPI=y
CONFIG_ACPI_LEGACY_TABLES_LOOKUP=y
CONFIG_ACPI_SYSTEM_POWER_STATES_SUPPORT=y
CONFIG_ACPI_THERMAL_LIB=y
# CONFIG_ACPI_DEBUGGER is not set
CONFIG_ACPI_SPCR_TABLE=y
# CONFIG_ACPI_FPDT is not set
CONFIG_ACPI_LPIT=y
CONFIG_ACPI_REV_OVERRIDE_POSSIBLE=y
CONFIG_ACPI_EC=y
# CONFIG_ACPI_EC_DEBUGFS is not set
CONFIG_ACPI_AC=y
CONFIG_ACPI_BATTERY=y
CONFIG_ACPI_BUTTON=y
CONFIG_ACPI_FAN=y
# CONFIG_ACPI_DOCK is not set
CONFIG_ACPI_CPU_FREQ_PSS=y
CONFIG_ACPI_PROCESSOR_CSTATE=y
CONFIG_ACPI_PROCESSOR_IDLE=y
CONFIG_ACPI_CPPC_LIB=y
CONFIG_ACPI_PROCESSOR=y
CONFIG_ACPI_HOTPLUG_CPU=y
# CONFIG_ACPI_PROCESSOR_AGGREGATOR is not set
CONFIG_ACPI_THERMAL=y
CONFIG_ACPI_PLATFORM_PROFILE=y
CONFIG_ACPI_CUSTOM_DSDT_FILE=""
CONFIG_ACPI_TABLE_UPGRADE=y
CONFIG_ACPI_DEBUG=y
# CONFIG_ACPI_PCI_SLOT is not set
CONFIG_ACPI_CONTAINER=y
CONFIG_ACPI_HOTPLUG_IOAPIC=y
# CONFIG_ACPI_SBS is not set
# CONFIG_ACPI_HED is not set
# CONFIG_ACPI_BGRT is not set
# CONFIG_ACPI_REDUCED_HARDWARE_ONLY is not set
# CONFIG_ACPI_NFIT is not set
CONFIG_ACPI_APEI=y
# CONFIG_ACPI_APEI_GHES is not set
# CONFIG_ACPI_APEI_ERST_DEBUG is not set
# CONFIG_ACPI_DPTF is not set
# CONFIG_ACPI_CONFIGFS is not set
# CONFIG_ACPI_PFRUT is not set
CONFIG_ACPI_PCC=y
# CONFIG_ACPI_FFH is not set
CONFIG_ACPI_MRRM=y
# CONFIG_PMIC_OPREGION is not set
CONFIG_ACPI_PRMT=y
# CONFIG_CPU_FREQ_STAT is not set
# CONFIG_CPU_FREQ_DEFAULT_GOV_PERFORMANCE is not set
# CONFIG_CPU_FREQ_DEFAULT_GOV_POWERSAVE is not set
# CONFIG_CPU_FREQ_DEFAULT_GOV_USERSPACE is not set
# CONFIG_CPU_FREQ_GOV_POWERSAVE is not set
# CONFIG_CPU_FREQ_GOV_USERSPACE is not set
# CONFIG_CPU_FREQ_GOV_ONDEMAND is not set
# CONFIG_CPU_FREQ_GOV_CONSERVATIVE is not set
# CONFIG_X86_PCC_CPUFREQ is not set
# CONFIG_X86_AMD_PSTATE_UT is not set
# CONFIG_X86_ACPI_CPUFREQ is not set
# CONFIG_X86_SPEEDSTEP_CENTRINO is not set
# CONFIG_X86_P4_CLOCKMOD is not set
# CONFIG_CPU_IDLE_GOV_MENU is not set
# CONFIG_CPU_IDLE_GOV_TEO is not set
# CONFIG_INTEL_IDLE is not set
CONFIG_PCI_DIRECT=y
CONFIG_PCI_MMCONFIG=y
# CONFIG_ISA_BUS is not set
# CONFIG_IA32_EMULATION is not set
# CONFIG_X86_X32_ABI is not set
# CONFIG_VIRTUALIZATION is not set
# CONFIG_KPROBES is not set
# CONFIG_JUMP_LABEL is not set
# CONFIG_STATIC_CALL_SELFTEST is not set
# CONFIG_SECCOMP is not set
# CONFIG_STACKPROTECTOR is not set
CONFIG_MODULES_USE_ELF_RELA=y
# CONFIG_COMPAT_32BIT_TIME is not set
# CONFIG_RANDOMIZE_KSTACK_OFFSET is not set
CONFIG_MODULES=y
# CONFIG_MODULE_FORCE_LOAD is not set
# CONFIG_MODULE_FORCE_UNLOAD is not set
# CONFIG_MODULE_UNLOAD_TAINT_TRACKING is not set
# CONFIG_MODVERSIONS is not set
# CONFIG_MODULE_SRCVERSION_ALL is not set
# CONFIG_MODULE_SIG is not set
# CONFIG_MODULE_COMPRESS is not set
# CONFIG_MODULE_ALLOW_MISSING_NAMESPACE_IMPORTS is not set
# CONFIG_TRIM_UNUSED_KSYMS is not set
CONFIG_MODULES_TREE_LOOKUP=y
# CONFIG_BLK_DEV_BSGLIB is not set
# CONFIG_BLK_DEV_INTEGRITY is not set
CONFIG_BLK_DEV_WRITE_MOUNTED=y
# CONFIG_BLK_DEV_ZONED is not set
# CONFIG_BLK_WBT is not set
# CONFIG_BLK_INLINE_ENCRYPTION is not set
# CONFIG_PARTITION_ADVANCED is not set
CONFIG_EFI_PARTITION=y
# CONFIG_BLK_ERROR_INJECTION is not set
# CONFIG_IOSCHED_BFQ is not set
# CONFIG_BINFMT_ELF is not set
# CONFIG_BINFMT_SCRIPT is not set
# CONFIG_BINFMT_MISC is not set
# CONFIG_COREDUMP is not set
# CONFIG_ZSWAP is not set
# CONFIG_SHUFFLE_PAGE_ALLOCATOR is not set
# CONFIG_COMPAT_BRK is not set
# CONFIG_MEMORY_HOTPLUG is not set
# CONFIG_COMPACTION is not set
# CONFIG_PAGE_REPORTING is not set
# CONFIG_KSM is not set
# CONFIG_TRANSPARENT_HUGEPAGE is not set
# CONFIG_CMA is not set
# CONFIG_DEFERRED_STRUCT_PAGE_INIT is not set
# CONFIG_IDLE_PAGE_TRACKING is not set
# CONFIG_ZONE_DMA is not set
# CONFIG_VM_EVENT_COUNTERS is not set
# CONFIG_PERCPU_STATS is not set
# CONFIG_DMAPOOL_TEST is not set
# CONFIG_MEMFD_CREATE is not set
# CONFIG_SECRETMEM is not set
# CONFIG_USERFAULTFD is not set
# CONFIG_LRU_GEN is not set
# CONFIG_DAMON is not set
CONFIG_NET=y
# CONFIG_PACKET is not set
# CONFIG_INET_PSP is not set
# CONFIG_UNIX is not set
# CONFIG_TLS is not set
# CONFIG_XFRM_USER is not set
# CONFIG_NET_KEY is not set
# CONFIG_DIBS is not set
CONFIG_INET=y
# CONFIG_IP_MULTICAST is not set
# CONFIG_IP_ADVANCED_ROUTER is not set
# CONFIG_IP_PNP is not set
# CONFIG_NET_IPIP is not set
# CONFIG_NET_IPGRE_DEMUX is not set
CONFIG_NET_IP_TUNNEL=m
# CONFIG_SYN_COOKIES is not set
# CONFIG_NET_IPVTI is not set
# CONFIG_NET_FOU is not set
# CONFIG_NET_FOU_IP_TUNNELS is not set
# CONFIG_INET_AH is not set
# CONFIG_INET_ESP is not set
# CONFIG_INET_IPCOMP is not set
CONFIG_INET_TABLE_PERTURB_ORDER=16
CONFIG_INET_TUNNEL=m
CONFIG_INET_DIAG=y
CONFIG_INET_TCP_DIAG=y
# CONFIG_INET_UDP_DIAG is not set
# CONFIG_INET_RAW_DIAG is not set
# CONFIG_INET_DIAG_DESTROY is not set
# CONFIG_TCP_CONG_ADVANCED is not set
# CONFIG_TCP_AO is not set
# CONFIG_TCP_MD5SIG is not set
CONFIG_IPV6=y
# CONFIG_IPV6_ROUTER_PREF is not set
# CONFIG_IPV6_OPTIMISTIC_DAD is not set
# CONFIG_INET6_AH is not set
# CONFIG_INET6_ESP is not set
# CONFIG_INET6_IPCOMP is not set
# CONFIG_IPV6_MIP6 is not set
# CONFIG_IPV6_VTI is not set
CONFIG_IPV6_SIT=m
# CONFIG_IPV6_SIT_6RD is not set
CONFIG_IPV6_NDISC_NODETYPE=y
# CONFIG_IPV6_TUNNEL is not set
# CONFIG_IPV6_MULTIPLE_TABLES is not set
# CONFIG_IPV6_MROUTE is not set
# CONFIG_IPV6_SEG6_LWTUNNEL is not set
# CONFIG_IPV6_SEG6_HMAC is not set
# CONFIG_IPV6_RPL_LWTUNNEL is not set
# CONFIG_IPV6_IOAM6_LWTUNNEL is not set
# CONFIG_MPTCP is not set
# CONFIG_NETWORK_SECMARK is not set
# CONFIG_NETWORK_PHY_TIMESTAMPING is not set
# CONFIG_NETFILTER is not set
# CONFIG_IP_SCTP is not set
# CONFIG_RDS is not set
# CONFIG_TIPC is not set
# CONFIG_ATM is not set
# CONFIG_L2TP is not set
# CONFIG_BRIDGE is not set
# CONFIG_VLAN_8021Q is not set
# CONFIG_LLC2 is not set
# CONFIG_X25 is not set
# CONFIG_LAPB is not set
# CONFIG_PHONET is not set
# CONFIG_6LOWPAN is not set
# CONFIG_IEEE802154 is not set
# CONFIG_NET_SCHED is not set
# CONFIG_DCB is not set
# CONFIG_BATMAN_ADV is not set
# CONFIG_OPENVSWITCH is not set
# CONFIG_VSOCKETS is not set
# CONFIG_NETLINK_DIAG is not set
# CONFIG_MPLS is not set
# CONFIG_NET_NSH is not set
# CONFIG_HSR is not set
# CONFIG_NET_SWITCHDEV is not set
# CONFIG_NET_L3_MASTER_DEV is not set
# CONFIG_QRTR is not set
# CONFIG_NET_NCSI is not set
CONFIG_NET_RX_BUSY_POLL=y
CONFIG_NET_FLOW_LIMIT=y
# CONFIG_NET_PKTGEN is not set
# CONFIG_CAN is not set
# CONFIG_BT is not set
# CONFIG_AF_RXRPC is not set
# CONFIG_AF_KCM is not set
# CONFIG_MCTP is not set
# CONFIG_CFG80211 is not set
# CONFIG_RFKILL is not set
# CONFIG_NET_9P is not set
# CONFIG_CEPH_LIB is not set
# CONFIG_NFC is not set
# CONFIG_PSAMPLE is not set
# CONFIG_NET_IFE is not set
# CONFIG_LWTUNNEL is not set
# CONFIG_FAILOVER is not set
CONFIG_PCI=y
CONFIG_PCI_DOMAINS=y
# CONFIG_PCIEPORTBUS is not set
CONFIG_PCIEASPM=y
CONFIG_PCIEASPM_DEFAULT=y
# CONFIG_PCIEASPM_POWERSAVE is not set
# CONFIG_PCIEASPM_POWER_SUPERSAVE is not set
# CONFIG_PCIEASPM_PERFORMANCE is not set
# CONFIG_PCIE_PTM is not set
CONFIG_PCI_MSI=y
CONFIG_PCI_QUIRKS=y
# CONFIG_PCI_DEBUG is not set
# CONFIG_PCI_STUB is not set
# CONFIG_PCI_TSM is not set
# CONFIG_PCI_DOE is not set
CONFIG_PCI_LOCKLESS_CONFIG=y
# CONFIG_PCI_IOV is not set
# CONFIG_PCI_PRI is not set
# CONFIG_PCI_PASID is not set
# CONFIG_PCIE_TPH is not set
CONFIG_PCI_LABEL=y
# CONFIG_HOTPLUG_PCI is not set
# CONFIG_VMD is not set
# CONFIG_PCI_MESON is not set
# CONFIG_PCIE_DW_PLAT_HOST is not set
# CONFIG_PCI_ENDPOINT is not set
# CONFIG_PCI_SW_SWITCHTEC is not set
# CONFIG_PCI_PWRCTRL_GENERIC is not set
# CONFIG_CXL_BUS is not set
# CONFIG_PCCARD is not set
# CONFIG_RAPIDIO is not set
# CONFIG_PC104 is not set
# CONFIG_UEVENT_HELPER is not set
# CONFIG_DEVTMPFS_SAFE is not set
# CONFIG_STANDALONE is not set
# CONFIG_PREVENT_FIRMWARE_BUILD is not set
# CONFIG_FW_LOADER is not set
# CONFIG_ALLOW_DEV_COREDUMP is not set
# CONFIG_DEBUG_DRIVER is not set
# CONFIG_DEBUG_DEVRES is not set
# CONFIG_DEBUG_TEST_DRIVER_REMOVE is not set
# CONFIG_TEST_ASYNC_DRIVER_PROBE is not set
# CONFIG_FW_DEVLINK_SYNC_STATE_TIMEOUT is not set
# CONFIG_MHI_BUS is not set
# CONFIG_MHI_BUS_EP is not set
# CONFIG_CONNECTOR is not set
# CONFIG_EDD is not set
# CONFIG_FIRMWARE_MEMMAP is not set
# CONFIG_FW_CFG_SYSFS is not set
# CONFIG_SYSFB_SIMPLEFB is not set
# CONFIG_GOOGLE_FIRMWARE is not set
CONFIG_EFI_ESRT=y
CONFIG_EFI_VARS_PSTORE=y
# CONFIG_EFI_VARS_PSTORE_DEFAULT_DISABLE is not set
CONFIG_EFI_DXE_MEM_ATTRIBUTES=y
CONFIG_EFI_RUNTIME_WRAPPERS=y
# CONFIG_EFI_BOOTLOADER_CONTROL is not set
# CONFIG_EFI_CAPSULE_LOADER is not set
# CONFIG_EFI_TEST is not set
# CONFIG_APPLE_PROPERTIES is not set
# CONFIG_RESET_ATTACK_MITIGATION is not set
# CONFIG_EFI_RCI2_TABLE is not set
# CONFIG_EFI_DISABLE_PCI_DMA is not set
CONFIG_EFI_EARLYCON=y
# CONFIG_EFI_CUSTOM_SSDT_OVERLAYS is not set
# CONFIG_EFI_DISABLE_RUNTIME is not set
# CONFIG_EFI_COCO_SECRET is not set
# CONFIG_OVMF_DEBUG_LOG is not set
CONFIG_EFI_SBAT_FILE=""
# CONFIG_FWCTL is not set
# CONFIG_GNSS is not set
# CONFIG_MTD is not set
# CONFIG_OF is not set
# CONFIG_PARPORT is not set
CONFIG_BLK_DEV=y
# CONFIG_BLK_DEV_NULL_BLK is not set
# CONFIG_BLK_DEV_FD is not set
# CONFIG_BLK_DEV_PCIESSD_MTIP32XX is not set
# CONFIG_ZRAM is not set
# CONFIG_BLK_DEV_LOOP is not set
# CONFIG_BLK_DEV_DRBD is not set
# CONFIG_BLK_DEV_NBD is not set
CONFIG_BLK_DEV_RAM=y
CONFIG_BLK_DEV_RAM_COUNT=16
CONFIG_BLK_DEV_RAM_SIZE=4096
# CONFIG_ATA_OVER_ETH is not set
CONFIG_VIRTIO_BLK=y
# CONFIG_BLK_DEV_RBD is not set
# CONFIG_BLK_DEV_UBLK is not set
CONFIG_BLK_DEV_NVME=y
# CONFIG_NVME_MULTIPATH is not set
# CONFIG_NVME_VERBOSE_ERRORS is not set
# CONFIG_NVME_FC is not set
# CONFIG_NVME_TCP is not set
# CONFIG_NVME_HOST_AUTH is not set
# CONFIG_NVME_TARGET is not set
# CONFIG_DUMMY_IRQ is not set
# CONFIG_IBM_ASM is not set
# CONFIG_PHANTOM is not set
# CONFIG_RPMB is not set
# CONFIG_TIFM_CORE is not set
# CONFIG_ENCLOSURE_SERVICES is not set
# CONFIG_HP_ILO is not set
# CONFIG_SRAM is not set
# CONFIG_DW_XDATA_PCIE is not set
# CONFIG_PCI_ENDPOINT_TEST is not set
# CONFIG_XILINX_SDFEC is not set
# CONFIG_NTSYNC is not set
# CONFIG_NSM is not set
# CONFIG_C2PORT is not set
# CONFIG_CB710_CORE is not set
# CONFIG_INTEL_MEI_TXE is not set
# CONFIG_INTEL_MEI_CSC is not set
# CONFIG_VMWARE_VMCI is not set
# CONFIG_GENWQE is not set
# CONFIG_BCM_VK is not set
# CONFIG_MISC_ALCOR_PCI is not set
# CONFIG_MISC_RTSX_PCI is not set
# CONFIG_PVPANIC is not set
# CONFIG_RAID_ATTRS is not set
# CONFIG_SCSI is not set
# CONFIG_ATA is not set
# CONFIG_MD is not set
# CONFIG_TARGET_CORE is not set
# CONFIG_FUSION is not set
# CONFIG_FIREWIRE is not set
# CONFIG_FIREWIRE_NOSY is not set
# CONFIG_MACINTOSH_DRIVERS is not set
# CONFIG_NETDEVICES is not set
# CONFIG_INPUT_FF_MEMLESS is not set
# CONFIG_INPUT_SPARSEKMAP is not set
# CONFIG_INPUT_MATRIXKMAP is not set
# CONFIG_INPUT_MOUSEDEV is not set
# CONFIG_INPUT_JOYDEV is not set
# CONFIG_INPUT_EVDEV is not set
# CONFIG_KEYBOARD_LKKBD is not set
# CONFIG_KEYBOARD_NEWTON is not set
# CONFIG_KEYBOARD_OPENCORES is not set
# CONFIG_KEYBOARD_STOWAWAY is not set
# CONFIG_KEYBOARD_SUNKBD is not set
# CONFIG_KEYBOARD_XTKBD is not set
# CONFIG_MOUSE_PS2_ELANTECH is not set
# CONFIG_MOUSE_PS2_SENTELIC is not set
# CONFIG_MOUSE_PS2_TOUCHKIT is not set
# CONFIG_MOUSE_SERIAL is not set

===== /home/manan/Aira-Octave/configs/airaos-x86_64.config =====
# CONFIG_COMPILE_TEST is not set
# CONFIG_WERROR is not set
# CONFIG_LOCALVERSION_AUTO is not set
# CONFIG_KERNEL_GZIP is not set
# CONFIG_KERNEL_BZIP2 is not set
# CONFIG_KERNEL_LZMA is not set
# CONFIG_KERNEL_LZO is not set
# CONFIG_KERNEL_LZ4 is not set
# CONFIG_KERNEL_ZSTD is not set
# CONFIG_SYSVIPC is not set
# CONFIG_POSIX_MQUEUE is not set
# CONFIG_WATCH_QUEUE is not set
# CONFIG_CROSS_MEMORY_ATTACH is not set
# CONFIG_AUDIT is not set
CONFIG_HZ_PERIODIC=y
# CONFIG_NO_HZ_IDLE is not set
# CONFIG_NO_HZ_FULL is not set
# CONFIG_NO_HZ is not set
# CONFIG_HIGH_RES_TIMERS is not set
# CONFIG_BPF_SYSCALL is not set
# CONFIG_BPF_JIT is not set
CONFIG_PREEMPT_BUILD=y
# CONFIG_PREEMPT is not set
CONFIG_PREEMPT_LAZY=y
# CONFIG_PREEMPT_RT is not set
CONFIG_PREEMPT_COUNT=y
CONFIG_PREEMPTION=y
# CONFIG_PREEMPT_DYNAMIC is not set
# CONFIG_SCHED_CORE is not set
# CONFIG_VIRT_CPU_ACCOUNTING_GEN is not set
# CONFIG_IRQ_TIME_ACCOUNTING is not set
# CONFIG_PSI is not set
# CONFIG_RCU_EXPERT is not set
# CONFIG_IKCONFIG is not set
# CONFIG_IKHEADERS is not set
# CONFIG_UCLAMP_TASK is not set
# CONFIG_SCHED_PROXY_EXEC is not set
# CONFIG_CGROUPS is not set
# CONFIG_CHECKPOINT_RESTORE is not set
# CONFIG_SCHED_AUTOGROUP is not set
# CONFIG_RELAY is not set
CONFIG_BLK_DEV_INITRD=y
CONFIG_INITRAMFS_SOURCE=""
# CONFIG_BOOT_CONFIG is not set
CONFIG_INITRAMFS_PRESERVE_MTIME=y
# CONFIG_CC_OPTIMIZE_FOR_PERFORMANCE is not set
# CONFIG_SYSFS_SYSCALL is not set
# CONFIG_MULTIUSER is not set
# CONFIG_SGETMASK_SYSCALL is not set
# CONFIG_FHANDLE is not set
# CONFIG_POSIX_TIMERS is not set
# CONFIG_PRINTK is not set
# CONFIG_BUG is not set
# CONFIG_PCSPKR_PLATFORM is not set
# CONFIG_BASE_SMALL is not set
# CONFIG_FUTEX is not set
# CONFIG_EPOLL is not set
# CONFIG_SIGNALFD is not set
# CONFIG_TIMERFD is not set
# CONFIG_EVENTFD is not set
# CONFIG_SHMEM is not set
# CONFIG_AIO is not set
# CONFIG_IO_URING is not set
# CONFIG_ADVISE_SYSCALLS is not set
# CONFIG_MEMBARRIER is not set
# CONFIG_KCMP is not set
# CONFIG_RSEQ is not set
# CONFIG_CACHESTAT_SYSCALL is not set
# CONFIG_KALLSYMS is not set
# CONFIG_DEBUG_PERF_USE_VMALLOC is not set
# CONFIG_PROFILING is not set
# CONFIG_KEXEC is not set
# CONFIG_KEXEC_FILE is not set
# CONFIG_KEXEC_HANDOVER is not set
CONFIG_64BIT=y
CONFIG_X86_64=y
CONFIG_LOCKDEP_SUPPORT=y
CONFIG_SMP=y
# CONFIG_X86_CPU_RESCTRL is not set
# CONFIG_X86_FRED is not set
# CONFIG_X86_EXTENDED_PLATFORM is not set
# CONFIG_X86_INTEL_LPSS is not set
# CONFIG_X86_AMD_PLATFORM_DEVICE is not set
# CONFIG_IOSF_MBI is not set
# CONFIG_SCHED_OMIT_FRAME_POINTER is not set
# CONFIG_HYPERVISOR_GUEST is not set
# CONFIG_X86_NATIVE_CPU is not set
# CONFIG_PROCESSOR_SELECT is not set
# CONFIG_DMI is not set
# CONFIG_GART_IOMMU is not set
# CONFIG_MAXSMP is not set
CONFIG_ACPI_MADT_WAKEUP=y
# CONFIG_X86_REROUTE_FOR_BROKEN_BOOT_IRQS is not set
# CONFIG_X86_MCE is not set
# CONFIG_PERF_EVENTS_AMD_POWER is not set
# CONFIG_PERF_EVENTS_AMD_UNCORE is not set
# CONFIG_PERF_EVENTS_AMD_BRS is not set
# CONFIG_X86_IOPL_IOPERM is not set
# CONFIG_MICROCODE_LATE_LOADING is not set
# CONFIG_MICROCODE_DBG is not set
# CONFIG_X86_MSR is not set
# CONFIG_X86_CPUID is not set
# CONFIG_AMD_MEM_ENCRYPT is not set
# CONFIG_NUMA is not set
# CONFIG_X86_PMEM_LEGACY is not set
# CONFIG_X86_CHECK_BIOS_CORRUPTION is not set
# CONFIG_MTRR is not set
# CONFIG_X86_UMIP is not set
# CONFIG_X86_INTEL_TSX_MODE_OFF is not set
# CONFIG_X86_INTEL_TSX_MODE_ON is not set
# CONFIG_X86_USER_SHADOW_STACK is not set
CONFIG_EFI=y
CONFIG_EFI_STUB=y
CONFIG_EFI_HANDOVER_PROTOCOL=y
# CONFIG_EFI_MIXED is not set
# CONFIG_EFI_RUNTIME_MAP is not set
# CONFIG_HZ_100 is not set
CONFIG_HZ_250=y
# CONFIG_HZ_300 is not set
# CONFIG_HZ_1000 is not set
CONFIG_HZ=250
CONFIG_RANDOMIZE_BASE=y
CONFIG_RANDOMIZE_MEMORY=y
CONFIG_RANDOMIZE_MEMORY_PHYSICAL_PADDING=0x0
# CONFIG_ADDRESS_MASKING is not set
# CONFIG_LEGACY_VSYSCALL_NONE is not set
# CONFIG_CMDLINE_BOOL is not set
# CONFIG_MODIFY_LDT_SYSCALL is not set
# CONFIG_STRICT_SIGALTSTACK_SIZE is not set
# CONFIG_X86_BUS_LOCK_DETECT is not set
# CONFIG_CPU_MITIGATIONS is not set
# CONFIG_SUSPEND is not set
# CONFIG_HIBERNATION is not set
# CONFIG_PM_QOS_CPU_SYSTEM_WAKEUP is not set
# CONFIG_PM is not set
# CONFIG_ENERGY_MODEL is not set
CONFIG_ACPI=y
CONFIG_ACPI_LEGACY_TABLES_LOOKUP=y
CONFIG_ACPI_SYSTEM_POWER_STATES_SUPPORT=y
CONFIG_ACPI_THERMAL_LIB=y
# CONFIG_ACPI_DEBUGGER is not set
CONFIG_ACPI_SPCR_TABLE=y
# CONFIG_ACPI_FPDT is not set
CONFIG_ACPI_LPIT=y
CONFIG_ACPI_REV_OVERRIDE_POSSIBLE=y
CONFIG_ACPI_EC=y
# CONFIG_ACPI_EC_DEBUGFS is not set
CONFIG_ACPI_AC=y
CONFIG_ACPI_BATTERY=y
CONFIG_ACPI_BUTTON=y
CONFIG_ACPI_FAN=y
# CONFIG_ACPI_DOCK is not set
CONFIG_ACPI_CPU_FREQ_PSS=y
CONFIG_ACPI_PROCESSOR_CSTATE=y
CONFIG_ACPI_PROCESSOR_IDLE=y
CONFIG_ACPI_CPPC_LIB=y
CONFIG_ACPI_PROCESSOR=y
CONFIG_ACPI_HOTPLUG_CPU=y
# CONFIG_ACPI_PROCESSOR_AGGREGATOR is not set
CONFIG_ACPI_THERMAL=y
CONFIG_ACPI_PLATFORM_PROFILE=y
CONFIG_ACPI_CUSTOM_DSDT_FILE=""
CONFIG_ACPI_TABLE_UPGRADE=y
CONFIG_ACPI_DEBUG=y
# CONFIG_ACPI_PCI_SLOT is not set
CONFIG_ACPI_CONTAINER=y
CONFIG_ACPI_HOTPLUG_IOAPIC=y
# CONFIG_ACPI_SBS is not set
# CONFIG_ACPI_HED is not set
# CONFIG_ACPI_BGRT is not set
# CONFIG_ACPI_REDUCED_HARDWARE_ONLY is not set
# CONFIG_ACPI_NFIT is not set
CONFIG_ACPI_APEI=y
# CONFIG_ACPI_APEI_GHES is not set
# CONFIG_ACPI_APEI_ERST_DEBUG is not set
# CONFIG_ACPI_DPTF is not set
# CONFIG_ACPI_CONFIGFS is not set
# CONFIG_ACPI_PFRUT is not set
CONFIG_ACPI_PCC=y
# CONFIG_ACPI_FFH is not set
CONFIG_ACPI_MRRM=y
# CONFIG_PMIC_OPREGION is not set
CONFIG_ACPI_PRMT=y
# CONFIG_CPU_FREQ_STAT is not set
# CONFIG_CPU_FREQ_DEFAULT_GOV_PERFORMANCE is not set
# CONFIG_CPU_FREQ_DEFAULT_GOV_POWERSAVE is not set
# CONFIG_CPU_FREQ_DEFAULT_GOV_USERSPACE is not set
# CONFIG_CPU_FREQ_GOV_POWERSAVE is not set
# CONFIG_CPU_FREQ_GOV_USERSPACE is not set
# CONFIG_CPU_FREQ_GOV_ONDEMAND is not set
# CONFIG_CPU_FREQ_GOV_CONSERVATIVE is not set
# CONFIG_X86_PCC_CPUFREQ is not set
# CONFIG_X86_AMD_PSTATE_UT is not set
# CONFIG_X86_ACPI_CPUFREQ is not set
# CONFIG_X86_SPEEDSTEP_CENTRINO is not set
# CONFIG_X86_P4_CLOCKMOD is not set
# CONFIG_CPU_IDLE_GOV_MENU is not set
# CONFIG_CPU_IDLE_GOV_TEO is not set
# CONFIG_INTEL_IDLE is not set
CONFIG_PCI_DIRECT=y
CONFIG_PCI_MMCONFIG=y
# CONFIG_ISA_BUS is not set
# CONFIG_IA32_EMULATION is not set
# CONFIG_X86_X32_ABI is not set
# CONFIG_VIRTUALIZATION is not set
# CONFIG_KPROBES is not set
# CONFIG_JUMP_LABEL is not set
# CONFIG_STATIC_CALL_SELFTEST is not set
# CONFIG_SECCOMP is not set
# CONFIG_STACKPROTECTOR is not set
CONFIG_MODULES_USE_ELF_RELA=y
# CONFIG_COMPAT_32BIT_TIME is not set
# CONFIG_RANDOMIZE_KSTACK_OFFSET is not set
CONFIG_MODULES=y
# CONFIG_MODULE_FORCE_LOAD is not set
# CONFIG_MODULE_FORCE_UNLOAD is not set
# CONFIG_MODULE_UNLOAD_TAINT_TRACKING is not set
# CONFIG_MODVERSIONS is not set
# CONFIG_MODULE_SRCVERSION_ALL is not set
# CONFIG_MODULE_SIG is not set
# CONFIG_MODULE_COMPRESS is not set
# CONFIG_MODULE_ALLOW_MISSING_NAMESPACE_IMPORTS is not set
# CONFIG_TRIM_UNUSED_KSYMS is not set
CONFIG_MODULES_TREE_LOOKUP=y
# CONFIG_BLK_DEV_BSGLIB is not set
# CONFIG_BLK_DEV_INTEGRITY is not set
CONFIG_BLK_DEV_WRITE_MOUNTED=y
# CONFIG_BLK_DEV_ZONED is not set
# CONFIG_BLK_WBT is not set
# CONFIG_BLK_INLINE_ENCRYPTION is not set
# CONFIG_PARTITION_ADVANCED is not set
CONFIG_EFI_PARTITION=y
# CONFIG_BLK_ERROR_INJECTION is not set
# CONFIG_IOSCHED_BFQ is not set
# CONFIG_BINFMT_ELF is not set
# CONFIG_BINFMT_SCRIPT is not set
# CONFIG_BINFMT_MISC is not set
# CONFIG_COREDUMP is not set
# CONFIG_ZSWAP is not set
# CONFIG_SHUFFLE_PAGE_ALLOCATOR is not set
# CONFIG_COMPAT_BRK is not set
# CONFIG_MEMORY_HOTPLUG is not set
# CONFIG_COMPACTION is not set
# CONFIG_PAGE_REPORTING is not set
# CONFIG_KSM is not set
# CONFIG_TRANSPARENT_HUGEPAGE is not set
# CONFIG_CMA is not set
# CONFIG_DEFERRED_STRUCT_PAGE_INIT is not set
# CONFIG_IDLE_PAGE_TRACKING is not set
# CONFIG_ZONE_DMA is not set
# CONFIG_VM_EVENT_COUNTERS is not set
# CONFIG_PERCPU_STATS is not set
# CONFIG_DMAPOOL_TEST is not set
# CONFIG_MEMFD_CREATE is not set
# CONFIG_SECRETMEM is not set
# CONFIG_USERFAULTFD is not set
# CONFIG_LRU_GEN is not set
# CONFIG_DAMON is not set
CONFIG_NET=y
# CONFIG_PACKET is not set
# CONFIG_INET_PSP is not set
# CONFIG_UNIX is not set
# CONFIG_TLS is not set
# CONFIG_XFRM_USER is not set
# CONFIG_NET_KEY is not set
# CONFIG_DIBS is not set
CONFIG_INET=y
# CONFIG_IP_MULTICAST is not set
# CONFIG_IP_ADVANCED_ROUTER is not set
# CONFIG_IP_PNP is not set
# CONFIG_NET_IPIP is not set
# CONFIG_NET_IPGRE_DEMUX is not set
CONFIG_NET_IP_TUNNEL=m
# CONFIG_SYN_COOKIES is not set
# CONFIG_NET_IPVTI is not set
# CONFIG_NET_FOU is not set
# CONFIG_NET_FOU_IP_TUNNELS is not set
# CONFIG_INET_AH is not set
# CONFIG_INET_ESP is not set
# CONFIG_INET_IPCOMP is not set
CONFIG_INET_TABLE_PERTURB_ORDER=16
CONFIG_INET_TUNNEL=m
CONFIG_INET_DIAG=y
CONFIG_INET_TCP_DIAG=y
# CONFIG_INET_UDP_DIAG is not set
# CONFIG_INET_RAW_DIAG is not set
# CONFIG_INET_DIAG_DESTROY is not set
# CONFIG_TCP_CONG_ADVANCED is not set
# CONFIG_TCP_AO is not set
# CONFIG_TCP_MD5SIG is not set
CONFIG_IPV6=y
# CONFIG_IPV6_ROUTER_PREF is not set
# CONFIG_IPV6_OPTIMISTIC_DAD is not set
# CONFIG_INET6_AH is not set
# CONFIG_INET6_ESP is not set
# CONFIG_INET6_IPCOMP is not set
# CONFIG_IPV6_MIP6 is not set
# CONFIG_IPV6_VTI is not set
CONFIG_IPV6_SIT=m
# CONFIG_IPV6_SIT_6RD is not set
CONFIG_IPV6_NDISC_NODETYPE=y
# CONFIG_IPV6_TUNNEL is not set
# CONFIG_IPV6_MULTIPLE_TABLES is not set
# CONFIG_IPV6_MROUTE is not set
# CONFIG_IPV6_SEG6_LWTUNNEL is not set
# CONFIG_IPV6_SEG6_HMAC is not set
# CONFIG_IPV6_RPL_LWTUNNEL is not set
# CONFIG_IPV6_IOAM6_LWTUNNEL is not set
# CONFIG_MPTCP is not set
# CONFIG_NETWORK_SECMARK is not set
# CONFIG_NETWORK_PHY_TIMESTAMPING is not set
# CONFIG_NETFILTER is not set
# CONFIG_IP_SCTP is not set
# CONFIG_RDS is not set
# CONFIG_TIPC is not set
# CONFIG_ATM is not set
# CONFIG_L2TP is not set
# CONFIG_BRIDGE is not set
# CONFIG_VLAN_8021Q is not set
# CONFIG_LLC2 is not set
# CONFIG_X25 is not set
# CONFIG_LAPB is not set
# CONFIG_PHONET is not set
# CONFIG_6LOWPAN is not set
# CONFIG_IEEE802154 is not set
# CONFIG_NET_SCHED is not set
# CONFIG_DCB is not set
# CONFIG_BATMAN_ADV is not set
# CONFIG_OPENVSWITCH is not set
# CONFIG_VSOCKETS is not set
# CONFIG_NETLINK_DIAG is not set
# CONFIG_MPLS is not set
# CONFIG_NET_NSH is not set
# CONFIG_HSR is not set
# CONFIG_NET_SWITCHDEV is not set
# CONFIG_NET_L3_MASTER_DEV is not set
# CONFIG_QRTR is not set
# CONFIG_NET_NCSI is not set
CONFIG_NET_RX_BUSY_POLL=y
CONFIG_NET_FLOW_LIMIT=y
# CONFIG_NET_PKTGEN is not set
# CONFIG_CAN is not set
# CONFIG_BT is not set
# CONFIG_AF_RXRPC is not set
# CONFIG_AF_KCM is not set
# CONFIG_MCTP is not set
# CONFIG_CFG80211 is not set
# CONFIG_RFKILL is not set
# CONFIG_NET_9P is not set
# CONFIG_CEPH_LIB is not set
# CONFIG_NFC is not set
# CONFIG_PSAMPLE is not set
# CONFIG_NET_IFE is not set
# CONFIG_LWTUNNEL is not set
# CONFIG_FAILOVER is not set
CONFIG_PCI=y
CONFIG_PCI_DOMAINS=y
# CONFIG_PCIEPORTBUS is not set
CONFIG_PCIEASPM=y
CONFIG_PCIEASPM_DEFAULT=y
# CONFIG_PCIEASPM_POWERSAVE is not set
# CONFIG_PCIEASPM_POWER_SUPERSAVE is not set
# CONFIG_PCIEASPM_PERFORMANCE is not set
# CONFIG_PCIE_PTM is not set
CONFIG_PCI_MSI=y
CONFIG_PCI_QUIRKS=y
# CONFIG_PCI_DEBUG is not set
# CONFIG_PCI_STUB is not set
# CONFIG_PCI_TSM is not set
# CONFIG_PCI_DOE is not set
CONFIG_PCI_LOCKLESS_CONFIG=y
# CONFIG_PCI_IOV is not set
# CONFIG_PCI_PRI is not set
# CONFIG_PCI_PASID is not set
# CONFIG_PCIE_TPH is not set
CONFIG_PCI_LABEL=y
# CONFIG_HOTPLUG_PCI is not set
# CONFIG_VMD is not set
# CONFIG_PCI_MESON is not set
# CONFIG_PCIE_DW_PLAT_HOST is not set
# CONFIG_PCI_ENDPOINT is not set
# CONFIG_PCI_SW_SWITCHTEC is not set
# CONFIG_PCI_PWRCTRL_GENERIC is not set
# CONFIG_CXL_BUS is not set
# CONFIG_PCCARD is not set
# CONFIG_RAPIDIO is not set
# CONFIG_PC104 is not set
# CONFIG_UEVENT_HELPER is not set
# CONFIG_DEVTMPFS_SAFE is not set
# CONFIG_STANDALONE is not set
# CONFIG_PREVENT_FIRMWARE_BUILD is not set
# CONFIG_FW_LOADER is not set
# CONFIG_ALLOW_DEV_COREDUMP is not set
# CONFIG_DEBUG_DRIVER is not set
# CONFIG_DEBUG_DEVRES is not set
# CONFIG_DEBUG_TEST_DRIVER_REMOVE is not set
# CONFIG_TEST_ASYNC_DRIVER_PROBE is not set
# CONFIG_FW_DEVLINK_SYNC_STATE_TIMEOUT is not set
# CONFIG_MHI_BUS is not set
# CONFIG_MHI_BUS_EP is not set
# CONFIG_CONNECTOR is not set
# CONFIG_EDD is not set
# CONFIG_FIRMWARE_MEMMAP is not set
# CONFIG_FW_CFG_SYSFS is not set
# CONFIG_SYSFB_SIMPLEFB is not set
# CONFIG_GOOGLE_FIRMWARE is not set
CONFIG_EFI_ESRT=y
CONFIG_EFI_VARS_PSTORE=y
# CONFIG_EFI_VARS_PSTORE_DEFAULT_DISABLE is not set
CONFIG_EFI_DXE_MEM_ATTRIBUTES=y
CONFIG_EFI_RUNTIME_WRAPPERS=y
# CONFIG_EFI_BOOTLOADER_CONTROL is not set
# CONFIG_EFI_CAPSULE_LOADER is not set
# CONFIG_EFI_TEST is not set
# CONFIG_APPLE_PROPERTIES is not set
# CONFIG_RESET_ATTACK_MITIGATION is not set
# CONFIG_EFI_RCI2_TABLE is not set
# CONFIG_EFI_DISABLE_PCI_DMA is not set
CONFIG_EFI_EARLYCON=y
# CONFIG_EFI_CUSTOM_SSDT_OVERLAYS is not set
# CONFIG_EFI_DISABLE_RUNTIME is not set
# CONFIG_EFI_COCO_SECRET is not set
# CONFIG_OVMF_DEBUG_LOG is not set
CONFIG_EFI_SBAT_FILE=""
# CONFIG_FWCTL is not set
# CONFIG_GNSS is not set
# CONFIG_MTD is not set
# CONFIG_OF is not set
# CONFIG_PARPORT is not set
CONFIG_BLK_DEV=y
# CONFIG_BLK_DEV_NULL_BLK is not set
# CONFIG_BLK_DEV_FD is not set
# CONFIG_BLK_DEV_PCIESSD_MTIP32XX is not set
# CONFIG_ZRAM is not set
# CONFIG_BLK_DEV_LOOP is not set
# CONFIG_BLK_DEV_DRBD is not set
# CONFIG_BLK_DEV_NBD is not set
CONFIG_BLK_DEV_RAM=y
CONFIG_BLK_DEV_RAM_COUNT=16
CONFIG_BLK_DEV_RAM_SIZE=4096
# CONFIG_ATA_OVER_ETH is not set
CONFIG_VIRTIO_BLK=y
# CONFIG_BLK_DEV_RBD is not set
# CONFIG_BLK_DEV_UBLK is not set
CONFIG_BLK_DEV_NVME=y
# CONFIG_NVME_MULTIPATH is not set
# CONFIG_NVME_VERBOSE_ERRORS is not set
# CONFIG_NVME_FC is not set
# CONFIG_NVME_TCP is not set
# CONFIG_NVME_HOST_AUTH is not set
# CONFIG_NVME_TARGET is not set
# CONFIG_DUMMY_IRQ is not set
# CONFIG_IBM_ASM is not set
# CONFIG_PHANTOM is not set
# CONFIG_RPMB is not set
# CONFIG_TIFM_CORE is not set
# CONFIG_ENCLOSURE_SERVICES is not set
# CONFIG_HP_ILO is not set
# CONFIG_SRAM is not set
# CONFIG_DW_XDATA_PCIE is not set
# CONFIG_PCI_ENDPOINT_TEST is not set
# CONFIG_XILINX_SDFEC is not set
# CONFIG_NTSYNC is not set
# CONFIG_NSM is not set
# CONFIG_C2PORT is not set
# CONFIG_CB710_CORE is not set
# CONFIG_INTEL_MEI_TXE is not set
# CONFIG_INTEL_MEI_CSC is not set
# CONFIG_VMWARE_VMCI is not set
# CONFIG_GENWQE is not set
# CONFIG_BCM_VK is not set
# CONFIG_MISC_ALCOR_PCI is not set
# CONFIG_MISC_RTSX_PCI is not set
# CONFIG_PVPANIC is not set
# CONFIG_RAID_ATTRS is not set
# CONFIG_SCSI is not set
# CONFIG_ATA is not set
# CONFIG_MD is not set
# CONFIG_TARGET_CORE is not set
# CONFIG_FUSION is not set
# CONFIG_FIREWIRE is not set
# CONFIG_FIREWIRE_NOSY is not set
# CONFIG_MACINTOSH_DRIVERS is not set
# CONFIG_NETDEVICES is not set
# CONFIG_INPUT_FF_MEMLESS is not set
# CONFIG_INPUT_SPARSEKMAP is not set
# CONFIG_INPUT_MATRIXKMAP is not set
# CONFIG_INPUT_MOUSEDEV is not set
# CONFIG_INPUT_JOYDEV is not set
# CONFIG_INPUT_EVDEV is not set
# CONFIG_KEYBOARD_LKKBD is not set
# CONFIG_KEYBOARD_NEWTON is not set
# CONFIG_KEYBOARD_OPENCORES is not set
# CONFIG_KEYBOARD_STOWAWAY is not set
# CONFIG_KEYBOARD_SUNKBD is not set
# CONFIG_KEYBOARD_XTKBD is not set
# CONFIG_MOUSE_PS2_ELANTECH is not set
# CONFIG_MOUSE_PS2_SENTELIC is not set
# CONFIG_MOUSE_PS2_TOUCHKIT is not set
# CONFIG_MOUSE_SERIAL is not set

[5/15] Selecting the existing Octave kernel configuration...
Using config: /home/manan/Aira-Octave/configs/airaos-x86_64-working.config

------------------------------------------------------------------
STEP: kernel-olddefconfig
------------------------------------------------------------------
#
# No change to .config
#
[PASS] kernel-olddefconfig

[6/15] Recording final kernel configuration...
CONFIG SUMMARY
===============
# CONFIG_COMPILE_TEST is not set
# CONFIG_WERROR is not set
# CONFIG_LOCALVERSION_AUTO is not set
# CONFIG_KERNEL_GZIP is not set
# CONFIG_KERNEL_BZIP2 is not set
# CONFIG_KERNEL_LZMA is not set
# CONFIG_KERNEL_LZO is not set
# CONFIG_KERNEL_LZ4 is not set
# CONFIG_KERNEL_ZSTD is not set
# CONFIG_SYSVIPC is not set
# CONFIG_POSIX_MQUEUE is not set
# CONFIG_WATCH_QUEUE is not set
# CONFIG_CROSS_MEMORY_ATTACH is not set
# CONFIG_AUDIT is not set
CONFIG_HZ_PERIODIC=y
# CONFIG_NO_HZ_IDLE is not set
# CONFIG_NO_HZ_FULL is not set
# CONFIG_NO_HZ is not set
# CONFIG_HIGH_RES_TIMERS is not set
CONFIG_BPF=y
# CONFIG_BPF_SYSCALL is not set
# CONFIG_BPF_JIT is not set
CONFIG_PREEMPT_BUILD=y
# CONFIG_PREEMPT is not set
CONFIG_PREEMPT_LAZY=y
# CONFIG_PREEMPT_RT is not set
CONFIG_PREEMPT_COUNT=y
CONFIG_PREEMPTION=y
# CONFIG_PREEMPT_DYNAMIC is not set
# CONFIG_SCHED_CORE is not set
# CONFIG_VIRT_CPU_ACCOUNTING_GEN is not set
# CONFIG_IRQ_TIME_ACCOUNTING is not set
# CONFIG_PSI is not set
# CONFIG_RCU_EXPERT is not set
# CONFIG_IKCONFIG is not set
# CONFIG_IKHEADERS is not set
# CONFIG_UCLAMP_TASK is not set
# CONFIG_SCHED_PROXY_EXEC is not set
# CONFIG_CGROUPS is not set
# CONFIG_CHECKPOINT_RESTORE is not set
# CONFIG_SCHED_AUTOGROUP is not set
# CONFIG_RELAY is not set
CONFIG_BLK_DEV_INITRD=y
CONFIG_RD_GZIP=y
CONFIG_RD_XZ=y
CONFIG_RD_LZ4=y
CONFIG_RD_ZSTD=y
# CONFIG_BOOT_CONFIG is not set
# CONFIG_CC_OPTIMIZE_FOR_PERFORMANCE is not set
# CONFIG_SYSFS_SYSCALL is not set
# CONFIG_MULTIUSER is not set
# CONFIG_SGETMASK_SYSCALL is not set
# CONFIG_FHANDLE is not set
# CONFIG_POSIX_TIMERS is not set
# CONFIG_PRINTK is not set
# CONFIG_BUG is not set
# CONFIG_PCSPKR_PLATFORM is not set
# CONFIG_BASE_SMALL is not set
# CONFIG_FUTEX is not set
# CONFIG_EPOLL is not set
# CONFIG_SIGNALFD is not set
# CONFIG_TIMERFD is not set
# CONFIG_EVENTFD is not set
# CONFIG_SHMEM is not set
# CONFIG_AIO is not set
# CONFIG_IO_URING is not set
# CONFIG_ADVISE_SYSCALLS is not set
# CONFIG_MEMBARRIER is not set
# CONFIG_KCMP is not set
# CONFIG_RSEQ is not set
# CONFIG_CACHESTAT_SYSCALL is not set
# CONFIG_KALLSYMS is not set
# CONFIG_DEBUG_PERF_USE_VMALLOC is not set
# CONFIG_PROFILING is not set
# CONFIG_KEXEC is not set
# CONFIG_KEXEC_FILE is not set
# CONFIG_KEXEC_HANDOVER is not set
CONFIG_64BIT=y
CONFIG_X86_64=y
CONFIG_LOCKDEP_SUPPORT=y
CONFIG_SMP=y
CONFIG_X86_MPPARSE=y
# CONFIG_X86_CPU_RESCTRL is not set
# CONFIG_X86_FRED is not set
# CONFIG_X86_EXTENDED_PLATFORM is not set
# CONFIG_X86_INTEL_LPSS is not set
# CONFIG_X86_AMD_PLATFORM_DEVICE is not set
# CONFIG_IOSF_MBI is not set
# CONFIG_SCHED_OMIT_FRAME_POINTER is not set
# CONFIG_HYPERVISOR_GUEST is not set
# CONFIG_X86_NATIVE_CPU is not set
# CONFIG_PROCESSOR_SELECT is not set
# CONFIG_DMI is not set
# CONFIG_GART_IOMMU is not set
# CONFIG_MAXSMP is not set
CONFIG_NR_CPUS_RANGE_BEGIN=2
CONFIG_NR_CPUS_RANGE_END=512
CONFIG_NR_CPUS_DEFAULT=64
CONFIG_NR_CPUS=8
CONFIG_X86_LOCAL_APIC=y
CONFIG_ACPI_MADT_WAKEUP=y
CONFIG_X86_IO_APIC=y
# CONFIG_X86_REROUTE_FOR_BROKEN_BOOT_IRQS is not set
# CONFIG_X86_MCE is not set
# CONFIG_PERF_EVENTS_AMD_POWER is not set
# CONFIG_PERF_EVENTS_AMD_UNCORE is not set
# CONFIG_PERF_EVENTS_AMD_BRS is not set
# CONFIG_X86_IOPL_IOPERM is not set
# CONFIG_MICROCODE_LATE_LOADING is not set
# CONFIG_MICROCODE_DBG is not set
# CONFIG_X86_MSR is not set
# CONFIG_X86_CPUID is not set
# CONFIG_AMD_MEM_ENCRYPT is not set
# CONFIG_NUMA is not set
# CONFIG_X86_PMEM_LEGACY is not set
# CONFIG_X86_CHECK_BIOS_CORRUPTION is not set
# CONFIG_MTRR is not set
# CONFIG_X86_UMIP is not set
# CONFIG_X86_INTEL_TSX_MODE_OFF is not set
# CONFIG_X86_INTEL_TSX_MODE_ON is not set
# CONFIG_X86_USER_SHADOW_STACK is not set
CONFIG_EFI=y
CONFIG_EFI_STUB=y
CONFIG_EFI_HANDOVER_PROTOCOL=y
# CONFIG_EFI_MIXED is not set
# CONFIG_EFI_RUNTIME_MAP is not set
# CONFIG_HZ_100 is not set
CONFIG_HZ_250=y
# CONFIG_HZ_300 is not set
# CONFIG_HZ_1000 is not set
CONFIG_HZ=250
CONFIG_RANDOMIZE_BASE=y
CONFIG_RANDOMIZE_MEMORY=y
CONFIG_RANDOMIZE_MEMORY_PHYSICAL_PADDING=0x0
# CONFIG_ADDRESS_MASKING is not set
# CONFIG_LEGACY_VSYSCALL_NONE is not set
# CONFIG_CMDLINE_BOOL is not set
# CONFIG_MODIFY_LDT_SYSCALL is not set
# CONFIG_STRICT_SIGALTSTACK_SIZE is not set
# CONFIG_X86_BUS_LOCK_DETECT is not set
# CONFIG_CPU_MITIGATIONS is not set
# CONFIG_SUSPEND is not set
# CONFIG_HIBERNATION is not set
# CONFIG_PM_QOS_CPU_SYSTEM_WAKEUP is not set
# CONFIG_PM is not set
# CONFIG_ENERGY_MODEL is not set
CONFIG_ACPI=y
CONFIG_ACPI_LEGACY_TABLES_LOOKUP=y
CONFIG_ACPI_SYSTEM_POWER_STATES_SUPPORT=y
CONFIG_ACPI_THERMAL_LIB=y
# CONFIG_ACPI_DEBUGGER is not set
CONFIG_ACPI_SPCR_TABLE=y
# CONFIG_ACPI_FPDT is not set
CONFIG_ACPI_LPIT=y
CONFIG_ACPI_REV_OVERRIDE_POSSIBLE=y
CONFIG_ACPI_EC=y
# CONFIG_ACPI_EC_DEBUGFS is not set
CONFIG_ACPI_AC=y
CONFIG_ACPI_BATTERY=y
CONFIG_ACPI_BUTTON=y
CONFIG_ACPI_FAN=y
# CONFIG_ACPI_DOCK is not set
CONFIG_ACPI_CPU_FREQ_PSS=y
CONFIG_ACPI_PROCESSOR_CSTATE=y
CONFIG_ACPI_PROCESSOR_IDLE=y
CONFIG_ACPI_CPPC_LIB=y
CONFIG_ACPI_PROCESSOR=y
CONFIG_ACPI_HOTPLUG_CPU=y
# CONFIG_ACPI_PROCESSOR_AGGREGATOR is not set
CONFIG_ACPI_THERMAL=y
CONFIG_ACPI_PLATFORM_PROFILE=y
CONFIG_ACPI_CUSTOM_DSDT_FILE=""
CONFIG_ACPI_TABLE_UPGRADE=y
CONFIG_ACPI_DEBUG=y
# CONFIG_ACPI_PCI_SLOT is not set
CONFIG_ACPI_CONTAINER=y
CONFIG_ACPI_HOTPLUG_IOAPIC=y
# CONFIG_ACPI_SBS is not set
# CONFIG_ACPI_HED is not set
# CONFIG_ACPI_BGRT is not set
# CONFIG_ACPI_REDUCED_HARDWARE_ONLY is not set
# CONFIG_ACPI_NFIT is not set
CONFIG_ACPI_APEI=y
# CONFIG_ACPI_APEI_GHES is not set
# CONFIG_ACPI_APEI_ERST_DEBUG is not set
# CONFIG_ACPI_DPTF is not set
# CONFIG_ACPI_CONFIGFS is not set
# CONFIG_ACPI_PFRUT is not set
CONFIG_ACPI_PCC=y
# CONFIG_ACPI_FFH is not set
CONFIG_ACPI_MRRM=y
# CONFIG_PMIC_OPREGION is not set
CONFIG_ACPI_PRMT=y
# CONFIG_CPU_FREQ_STAT is not set
# CONFIG_CPU_FREQ_DEFAULT_GOV_PERFORMANCE is not set
# CONFIG_CPU_FREQ_DEFAULT_GOV_POWERSAVE is not set
# CONFIG_CPU_FREQ_DEFAULT_GOV_USERSPACE is not set
# CONFIG_CPU_FREQ_GOV_POWERSAVE is not set
# CONFIG_CPU_FREQ_GOV_USERSPACE is not set
# CONFIG_CPU_FREQ_GOV_ONDEMAND is not set
# CONFIG_CPU_FREQ_GOV_CONSERVATIVE is not set
# CONFIG_X86_PCC_CPUFREQ is not set
# CONFIG_X86_AMD_PSTATE_UT is not set
# CONFIG_X86_ACPI_CPUFREQ is not set
# CONFIG_X86_SPEEDSTEP_CENTRINO is not set
# CONFIG_X86_P4_CLOCKMOD is not set
# CONFIG_CPU_IDLE_GOV_MENU is not set
# CONFIG_CPU_IDLE_GOV_TEO is not set
# CONFIG_INTEL_IDLE is not set
CONFIG_PCI_DIRECT=y
CONFIG_PCI_MMCONFIG=y
# CONFIG_ISA_BUS is not set
# CONFIG_IA32_EMULATION is not set
# CONFIG_X86_X32_ABI is not set
# CONFIG_VIRTUALIZATION is not set
# CONFIG_KPROBES is not set
# CONFIG_JUMP_LABEL is not set
# CONFIG_STATIC_CALL_SELFTEST is not set
# CONFIG_SECCOMP is not set
# CONFIG_STACKPROTECTOR is not set
CONFIG_MODULES_USE_ELF_RELA=y
# CONFIG_COMPAT_32BIT_TIME is not set
# CONFIG_RANDOMIZE_KSTACK_OFFSET is not set
CONFIG_MODULES=y
# CONFIG_MODULE_FORCE_LOAD is not set
# CONFIG_MODULE_FORCE_UNLOAD is not set
# CONFIG_MODULE_UNLOAD_TAINT_TRACKING is not set
# CONFIG_MODVERSIONS is not set
# CONFIG_MODULE_SRCVERSION_ALL is not set
# CONFIG_MODULE_SIG is not set
# CONFIG_MODULE_COMPRESS is not set
# CONFIG_MODULE_ALLOW_MISSING_NAMESPACE_IMPORTS is not set
# CONFIG_TRIM_UNUSED_KSYMS is not set
CONFIG_MODULES_TREE_LOOKUP=y
# CONFIG_BLK_DEV_BSGLIB is not set
# CONFIG_BLK_DEV_INTEGRITY is not set
# CONFIG_BLK_DEV_ZONED is not set
# CONFIG_BLK_WBT is not set
# CONFIG_BLK_INLINE_ENCRYPTION is not set
# CONFIG_PARTITION_ADVANCED is not set
CONFIG_EFI_PARTITION=y
# CONFIG_BLK_ERROR_INJECTION is not set
# CONFIG_IOSCHED_BFQ is not set
# CONFIG_BINFMT_ELF is not set
# CONFIG_BINFMT_SCRIPT is not set
# CONFIG_BINFMT_MISC is not set
# CONFIG_COREDUMP is not set
# CONFIG_ZSWAP is not set
# CONFIG_SHUFFLE_PAGE_ALLOCATOR is not set
# CONFIG_COMPAT_BRK is not set
# CONFIG_MEMORY_HOTPLUG is not set
# CONFIG_COMPACTION is not set
# CONFIG_PAGE_REPORTING is not set
# CONFIG_KSM is not set
# CONFIG_TRANSPARENT_HUGEPAGE is not set
# CONFIG_CMA is not set
# CONFIG_DEFERRED_STRUCT_PAGE_INIT is not set
# CONFIG_IDLE_PAGE_TRACKING is not set
# CONFIG_ZONE_DMA is not set
# CONFIG_VM_EVENT_COUNTERS is not set
# CONFIG_PERCPU_STATS is not set
# CONFIG_DMAPOOL_TEST is not set
# CONFIG_MEMFD_CREATE is not set
# CONFIG_SECRETMEM is not set
# CONFIG_USERFAULTFD is not set
# CONFIG_LRU_GEN is not set
# CONFIG_DAMON is not set
CONFIG_NET=y
# CONFIG_PACKET is not set
# CONFIG_INET_PSP is not set
# CONFIG_UNIX is not set
# CONFIG_TLS is not set
# CONFIG_XFRM_USER is not set
# CONFIG_NET_KEY is not set
# CONFIG_DIBS is not set
CONFIG_INET=y
# CONFIG_IP_MULTICAST is not set
# CONFIG_IP_ADVANCED_ROUTER is not set
# CONFIG_IP_PNP is not set
# CONFIG_NET_IPIP is not set
# CONFIG_NET_IPGRE_DEMUX is not set
CONFIG_NET_IP_TUNNEL=m
# CONFIG_SYN_COOKIES is not set
# CONFIG_NET_IPVTI is not set
# CONFIG_NET_FOU is not set
# CONFIG_NET_FOU_IP_TUNNELS is not set
# CONFIG_INET_AH is not set
# CONFIG_INET_ESP is not set
# CONFIG_INET_IPCOMP is not set
CONFIG_INET_TABLE_PERTURB_ORDER=16
CONFIG_INET_TUNNEL=m
CONFIG_INET_DIAG=y
CONFIG_INET_TCP_DIAG=y
# CONFIG_INET_UDP_DIAG is not set
# CONFIG_INET_RAW_DIAG is not set
# CONFIG_INET_DIAG_DESTROY is not set
# CONFIG_TCP_CONG_ADVANCED is not set
# CONFIG_TCP_AO is not set
# CONFIG_TCP_MD5SIG is not set
CONFIG_IPV6=y
# CONFIG_IPV6_ROUTER_PREF is not set
# CONFIG_IPV6_OPTIMISTIC_DAD is not set
# CONFIG_INET6_AH is not set
# CONFIG_INET6_ESP is not set
# CONFIG_INET6_IPCOMP is not set
# CONFIG_IPV6_MIP6 is not set
# CONFIG_IPV6_VTI is not set
CONFIG_IPV6_SIT=m
# CONFIG_IPV6_SIT_6RD is not set
CONFIG_IPV6_NDISC_NODETYPE=y
# CONFIG_IPV6_TUNNEL is not set
# CONFIG_IPV6_MULTIPLE_TABLES is not set
# CONFIG_IPV6_MROUTE is not set
# CONFIG_IPV6_SEG6_LWTUNNEL is not set
# CONFIG_IPV6_SEG6_HMAC is not set
# CONFIG_IPV6_RPL_LWTUNNEL is not set
# CONFIG_IPV6_IOAM6_LWTUNNEL is not set
# CONFIG_MPTCP is not set
# CONFIG_NETWORK_SECMARK is not set
# CONFIG_NETWORK_PHY_TIMESTAMPING is not set
# CONFIG_NETFILTER is not set
# CONFIG_IP_SCTP is not set
# CONFIG_RDS is not set
# CONFIG_TIPC is not set
# CONFIG_ATM is not set
# CONFIG_L2TP is not set
# CONFIG_BRIDGE is not set
# CONFIG_VLAN_8021Q is not set
# CONFIG_LLC2 is not set
# CONFIG_X25 is not set
# CONFIG_LAPB is not set
# CONFIG_PHONET is not set
# CONFIG_6LOWPAN is not set
# CONFIG_IEEE802154 is not set
# CONFIG_NET_SCHED is not set
# CONFIG_DCB is not set
# CONFIG_BATMAN_ADV is not set
# CONFIG_OPENVSWITCH is not set
# CONFIG_VSOCKETS is not set
# CONFIG_NETLINK_DIAG is not set
# CONFIG_MPLS is not set
# CONFIG_NET_NSH is not set
# CONFIG_HSR is not set
# CONFIG_NET_SWITCHDEV is not set
# CONFIG_NET_L3_MASTER_DEV is not set
# CONFIG_QRTR is not set
# CONFIG_NET_NCSI is not set
CONFIG_NET_RX_BUSY_POLL=y
CONFIG_NET_FLOW_LIMIT=y
# CONFIG_NET_PKTGEN is not set
# CONFIG_CAN is not set
# CONFIG_BT is not set
# CONFIG_AF_RXRPC is not set
# CONFIG_AF_KCM is not set
# CONFIG_MCTP is not set
# CONFIG_CFG80211 is not set
# CONFIG_RFKILL is not set
# CONFIG_NET_9P is not set
# CONFIG_CEPH_LIB is not set
# CONFIG_NFC is not set
# CONFIG_PSAMPLE is not set
# CONFIG_NET_IFE is not set
# CONFIG_LWTUNNEL is not set
# CONFIG_FAILOVER is not set
CONFIG_PCI=y
CONFIG_PCI_DOMAINS=y
# CONFIG_PCIEPORTBUS is not set
CONFIG_PCIEASPM=y
CONFIG_PCIEASPM_DEFAULT=y
# CONFIG_PCIEASPM_POWERSAVE is not set
# CONFIG_PCIEASPM_POWER_SUPERSAVE is not set
# CONFIG_PCIEASPM_PERFORMANCE is not set
# CONFIG_PCIE_PTM is not set
CONFIG_PCI_MSI=y
CONFIG_PCI_QUIRKS=y
# CONFIG_PCI_DEBUG is not set
# CONFIG_PCI_STUB is not set
# CONFIG_PCI_TSM is not set
# CONFIG_PCI_DOE is not set
CONFIG_PCI_LOCKLESS_CONFIG=y
# CONFIG_PCI_IOV is not set
# CONFIG_PCI_PRI is not set
# CONFIG_PCI_PASID is not set
# CONFIG_PCIE_TPH is not set
CONFIG_PCI_LABEL=y
# CONFIG_HOTPLUG_PCI is not set
# CONFIG_VMD is not set
# CONFIG_PCI_MESON is not set
# CONFIG_PCIE_DW_PLAT_HOST is not set
# CONFIG_PCI_ENDPOINT is not set
# CONFIG_PCI_SW_SWITCHTEC is not set
# CONFIG_PCI_PWRCTRL_GENERIC is not set
# CONFIG_CXL_BUS is not set
# CONFIG_PCCARD is not set
# CONFIG_RAPIDIO is not set
# CONFIG_PC104 is not set
# CONFIG_UEVENT_HELPER is not set
CONFIG_DEVTMPFS=y
CONFIG_DEVTMPFS_MOUNT=y
# CONFIG_DEVTMPFS_SAFE is not set
# CONFIG_STANDALONE is not set
# CONFIG_PREVENT_FIRMWARE_BUILD is not set
# CONFIG_FW_LOADER is not set
# CONFIG_ALLOW_DEV_COREDUMP is not set
# CONFIG_DEBUG_DRIVER is not set
# CONFIG_DEBUG_DEVRES is not set
# CONFIG_DEBUG_TEST_DRIVER_REMOVE is not set
# CONFIG_TEST_ASYNC_DRIVER_PROBE is not set
# CONFIG_FW_DEVLINK_SYNC_STATE_TIMEOUT is not set
# CONFIG_MHI_BUS is not set
# CONFIG_MHI_BUS_EP is not set
# CONFIG_CONNECTOR is not set
# CONFIG_EDD is not set
# CONFIG_FIRMWARE_MEMMAP is not set
# CONFIG_FW_CFG_SYSFS is not set
# CONFIG_SYSFB_SIMPLEFB is not set
# CONFIG_GOOGLE_FIRMWARE is not set
CONFIG_EFI_ESRT=y
CONFIG_EFI_VARS_PSTORE=y
# CONFIG_EFI_VARS_PSTORE_DEFAULT_DISABLE is not set
CONFIG_EFI_DXE_MEM_ATTRIBUTES=y
CONFIG_EFI_RUNTIME_WRAPPERS=y
# CONFIG_EFI_BOOTLOADER_CONTROL is not set
# CONFIG_EFI_CAPSULE_LOADER is not set
# CONFIG_EFI_TEST is not set
# CONFIG_APPLE_PROPERTIES is not set
# CONFIG_RESET_ATTACK_MITIGATION is not set
# CONFIG_EFI_RCI2_TABLE is not set
# CONFIG_EFI_DISABLE_PCI_DMA is not set
CONFIG_EFI_EARLYCON=y
# CONFIG_EFI_CUSTOM_SSDT_OVERLAYS is not set
# CONFIG_EFI_DISABLE_RUNTIME is not set
# CONFIG_EFI_COCO_SECRET is not set
# CONFIG_OVMF_DEBUG_LOG is not set
CONFIG_EFI_SBAT_FILE=""
# CONFIG_FWCTL is not set
# CONFIG_GNSS is not set
# CONFIG_MTD is not set
# CONFIG_OF is not set
# CONFIG_PARPORT is not set
# CONFIG_BLK_DEV_NULL_BLK is not set
# CONFIG_BLK_DEV_FD is not set
# CONFIG_BLK_DEV_PCIESSD_MTIP32XX is not set
# CONFIG_ZRAM is not set
# CONFIG_BLK_DEV_LOOP is not set
# CONFIG_BLK_DEV_DRBD is not set
# CONFIG_BLK_DEV_NBD is not set
# CONFIG_ATA_OVER_ETH is not set
CONFIG_VIRTIO_BLK=y
# CONFIG_BLK_DEV_RBD is not set
# CONFIG_BLK_DEV_UBLK is not set
# CONFIG_NVME_MULTIPATH is not set
# CONFIG_NVME_VERBOSE_ERRORS is not set
# CONFIG_NVME_FC is not set
# CONFIG_NVME_TCP is not set
# CONFIG_NVME_HOST_AUTH is not set
# CONFIG_NVME_TARGET is not set
# CONFIG_DUMMY_IRQ is not set
# CONFIG_IBM_ASM is not set
# CONFIG_PHANTOM is not set
# CONFIG_RPMB is not set
# CONFIG_TIFM_CORE is not set
# CONFIG_ENCLOSURE_SERVICES is not set
# CONFIG_HP_ILO is not set
# CONFIG_SRAM is not set
# CONFIG_DW_XDATA_PCIE is not set
# CONFIG_PCI_ENDPOINT_TEST is not set
# CONFIG_XILINX_SDFEC is not set
# CONFIG_NTSYNC is not set
# CONFIG_NSM is not set
# CONFIG_C2PORT is not set
# CONFIG_CB710_CORE is not set
# CONFIG_INTEL_MEI_TXE is not set
# CONFIG_INTEL_MEI_CSC is not set
# CONFIG_VMWARE_VMCI is not set
# CONFIG_GENWQE is not set
# CONFIG_BCM_VK is not set
# CONFIG_MISC_ALCOR_PCI is not set
# CONFIG_MISC_RTSX_PCI is not set
# CONFIG_PVPANIC is not set
# CONFIG_RAID_ATTRS is not set
# CONFIG_SCSI is not set
# CONFIG_ATA is not set
# CONFIG_MD is not set
# CONFIG_TARGET_CORE is not set
# CONFIG_FUSION is not set
# CONFIG_FIREWIRE is not set
# CONFIG_FIREWIRE_NOSY is not set
# CONFIG_MACINTOSH_DRIVERS is not set
# CONFIG_NETDEVICES is not set
# CONFIG_INPUT_FF_MEMLESS is not set
# CONFIG_INPUT_SPARSEKMAP is not set
# CONFIG_INPUT_MATRIXKMAP is not set
# CONFIG_INPUT_MOUSEDEV is not set
# CONFIG_INPUT_JOYDEV is not set
# CONFIG_INPUT_EVDEV is not set
# CONFIG_KEYBOARD_LKKBD is not set
# CONFIG_KEYBOARD_NEWTON is not set
# CONFIG_KEYBOARD_OPENCORES is not set
# CONFIG_KEYBOARD_STOWAWAY is not set
# CONFIG_KEYBOARD_SUNKBD is not set
# CONFIG_KEYBOARD_XTKBD is not set
# CONFIG_MOUSE_PS2_ELANTECH is not set
# CONFIG_MOUSE_PS2_SENTELIC is not set
# CONFIG_MOUSE_PS2_TOUCHKIT is not set
# CONFIG_MOUSE_SERIAL is not set
# CONFIG_MOUSE_VSXXXAA is not set
# CONFIG_INPUT_JOYSTICK is not set
# CONFIG_INPUT_TABLET is not set
# CONFIG_INPUT_TOUCHSCREEN is not set
# CONFIG_INPUT_MISC is not set
# CONFIG_RMI4_CORE is not set
# CONFIG_SERIO_PCIPS2 is not set
# CONFIG_SERIO_RAW is not set
# CONFIG_SERIO_ALTERA_PS2 is not set
# CONFIG_SERIO_PS2MULT is not set
# CONFIG_SERIO_ARC_PS2 is not set
# CONFIG_USERIO is not set
# CONFIG_GAMEPORT is not set
CONFIG_UNIX98_PTYS=y
# CONFIG_SERIAL_8250_16550A_VARIANTS is not set
# CONFIG_SERIAL_8250_FINTEK is not set
# CONFIG_SERIAL_8250_EXTENDED is not set
# CONFIG_SERIAL_8250_PCI1XXXX is not set
# CONFIG_SERIAL_8250_DW is not set
# CONFIG_SERIAL_8250_RT288X is not set
# CONFIG_SERIAL_8250_NI is not set
# CONFIG_SERIAL_UARTLITE is not set
# CONFIG_SERIAL_JSM is not set
# CONFIG_SERIAL_LANTIQ is not set
# CONFIG_SERIAL_SCCNXP is not set
# CONFIG_SERIAL_ALTERA_JTAGUART is not set
# CONFIG_SERIAL_ALTERA_UART is not set
# CONFIG_SERIAL_ARC is not set
# CONFIG_SERIAL_RP2 is not set
# CONFIG_SERIAL_FSL_LPUART is not set
# CONFIG_SERIAL_NONSTANDARD is not set
# CONFIG_N_GSM is not set
# CONFIG_NOZOMI is not set
# CONFIG_NULL_TTY is not set
# CONFIG_SERIAL_DEV_BUS is not set
# CONFIG_TTY_PRINTK is not set
# CONFIG_VIRTIO_CONSOLE is not set
# CONFIG_IPMI_HANDLER is not set
# CONFIG_HW_RANDOM is not set
# CONFIG_DEVMEM is not set
# CONFIG_NVRAM is not set
# CONFIG_DEVPORT is not set
# CONFIG_HPET is not set
# CONFIG_HANGCHECK_TIMER is not set
# CONFIG_TCG_TPM is not set
# CONFIG_TELCLOCK is not set
# CONFIG_XILLYBUS is not set
# CONFIG_I2C is not set
# CONFIG_I3C is not set
# CONFIG_SPI is not set
# CONFIG_SPMI is not set
# CONFIG_HSI is not set
# CONFIG_PPS is not set
# CONFIG_PINCTRL is not set
# CONFIG_GPIOLIB is not set
# CONFIG_W1 is not set
# CONFIG_POWER_RESET is not set
# CONFIG_POWER_SEQUENCING is not set
# CONFIG_POWER_SUPPLY_DEBUG is not set
# CONFIG_TEST_POWER is not set
# CONFIG_BATTERY_DS2780 is not set
# CONFIG_BATTERY_DS2781 is not set
# CONFIG_BATTERY_SAMSUNG_SDI is not set
# CONFIG_BATTERY_BQ27XXX is not set
# CONFIG_CHARGER_MAX8903 is not set
# CONFIG_BATTERY_GOLDFISH is not set
# CONFIG_HWMON is not set
# CONFIG_THERMAL_STATISTICS is not set
# CONFIG_THERMAL_DEFAULT_GOV_FAIR_SHARE is not set
# CONFIG_THERMAL_DEFAULT_GOV_USER_SPACE is not set
# CONFIG_THERMAL_GOV_FAIR_SHARE is not set
# CONFIG_THERMAL_GOV_BANG_BANG is not set
# CONFIG_THERMAL_GOV_USER_SPACE is not set
# CONFIG_THERMAL_EMULATION is not set
# CONFIG_INTEL_POWERCLAMP is not set
# CONFIG_INTEL_SOC_DTS_THERMAL is not set
# CONFIG_INT340X_THERMAL is not set
# CONFIG_INTEL_PCH_THERMAL is not set
# CONFIG_INTEL_TCC_COOLING is not set
# CONFIG_INTEL_HFI_THERMAL is not set
# CONFIG_WATCHDOG is not set
# CONFIG_SSB is not set
# CONFIG_BCMA is not set
# CONFIG_MFD_CGBC is not set
# CONFIG_MFD_MADERA is not set
# CONFIG_LPC_ICH is not set
# CONFIG_LPC_SCH is not set
# CONFIG_MFD_INTEL_LPSS_ACPI is not set
# CONFIG_MFD_INTEL_LPSS_PCI is not set
# CONFIG_MFD_JANZ_CMODIO is not set
# CONFIG_MFD_KEMPLD is not set
# CONFIG_MFD_MT6397 is not set
# CONFIG_MFD_RDC321X is not set
# CONFIG_MFD_SM501 is not set
# CONFIG_MFD_SYSCON is not set
# CONFIG_MFD_TQMX86 is not set
# CONFIG_MFD_VX855 is not set
# CONFIG_MFD_UPBOARD_FPGA is not set
# CONFIG_REGULATOR is not set
# CONFIG_RC_CORE is not set
# CONFIG_MEDIA_CEC_SUPPORT is not set
# CONFIG_MEDIA_SUPPORT is not set
# CONFIG_AUXDISPLAY is not set
# CONFIG_AGP is not set
# CONFIG_VGA_SWITCHEROO is not set
# CONFIG_DRM is not set
# CONFIG_FB_CIRRUS is not set
# CONFIG_FB_PM2 is not set
# CONFIG_FB_CYBER2000 is not set
# CONFIG_FB_ARC is not set
# CONFIG_FB_ASILIANT is not set
# CONFIG_FB_IMSTT is not set
# CONFIG_FB_VGA16 is not set
# CONFIG_FB_VESA is not set
# CONFIG_FB_EFI is not set
# CONFIG_FB_N411 is not set
# CONFIG_FB_OPENCORES is not set
# CONFIG_FB_S1D13XXX is not set
# CONFIG_FB_NVIDIA is not set
# CONFIG_FB_RIVA is not set
# CONFIG_FB_I740 is not set
# CONFIG_FB_RADEON is not set
# CONFIG_FB_ATY128 is not set
# CONFIG_FB_ATY is not set
# CONFIG_FB_SAVAGE is not set
# CONFIG_FB_SIS is not set
# CONFIG_FB_NEOMAGIC is not set
# CONFIG_FB_KYRO is not set
# CONFIG_FB_3DFX is not set
# CONFIG_FB_VOODOO1 is not set
# CONFIG_FB_TRIDENT is not set
# CONFIG_FB_PM3 is not set
# CONFIG_FB_CARMINE is not set
# CONFIG_FB_IBM_GXT4500 is not set
# CONFIG_FB_VIRTUAL is not set
# CONFIG_FB_METRONOME is not set
# CONFIG_FB_MB862XX is not set
# CONFIG_FB_SIMPLE is not set
# CONFIG_FB_SM712 is not set
# CONFIG_FB_FOREIGN_ENDIAN is not set
# CONFIG_FB_TILEBLITTING is not set
# CONFIG_LCD_CLASS_DEVICE is not set
# CONFIG_BACKLIGHT_CLASS_DEVICE is not set
# CONFIG_FIRMWARE_EDID is not set
# CONFIG_FRAMEBUFFER_CONSOLE_LEGACY_ACCELERATION is not set
# CONFIG_FRAMEBUFFER_CONSOLE_DETECT_PRIMARY is not set
# CONFIG_FRAMEBUFFER_CONSOLE_ROTATION is not set
# CONFIG_FRAMEBUFFER_CONSOLE_DEFERRED_TAKEOVER is not set
# CONFIG_LOGO is not set
# CONFIG_TRACE_GPU_MEM is not set
# CONFIG_SOUND is not set
# CONFIG_HID_BATTERY_STRENGTH is not set
# CONFIG_HIDRAW is not set
# CONFIG_UHID is not set
# CONFIG_HID_HAPTIC is not set
# CONFIG_HID_A4TECH is not set
# CONFIG_HID_ACRUX is not set
# CONFIG_HID_AUREAL is not set
# CONFIG_HID_BELKIN is not set
# CONFIG_HID_CHERRY is not set
# CONFIG_HID_COUGAR is not set
# CONFIG_HID_MACALLY is not set
# CONFIG_HID_CMEDIA is not set
# CONFIG_HID_CYPRESS is not set
# CONFIG_HID_DRAGONRISE is not set
# CONFIG_HID_EMS_FF is not set
# CONFIG_HID_ELECOM is not set
# CONFIG_HID_EVISION is not set
# CONFIG_HID_EZKEY is not set
# CONFIG_HID_GEMBIRD is not set
# CONFIG_HID_GFRM is not set
# CONFIG_HID_GLORIOUS is not set
# CONFIG_HID_GOOGLE_STADIA_FF is not set
# CONFIG_HID_VIVALDI is not set
# CONFIG_HID_KEYTOUCH is not set
# CONFIG_HID_KYE is not set
# CONFIG_HID_WALTOP is not set
# CONFIG_HID_VIEWSONIC is not set
# CONFIG_HID_VRC2 is not set
# CONFIG_HID_XIAOMI is not set
# CONFIG_HID_GYRATION is not set
# CONFIG_HID_ICADE is not set
# CONFIG_HID_ITE is not set
# CONFIG_HID_JABRA is not set
# CONFIG_HID_TWINHAN is not set
# CONFIG_HID_KENSINGTON is not set
# CONFIG_HID_LCPOWER is not set
# CONFIG_HID_MAGICMOUSE is not set
# CONFIG_HID_MALTRON is not set
# CONFIG_HID_MAYFLASH is not set
# CONFIG_HID_RAKK is not set
# CONFIG_HID_REDRAGON is not set
# CONFIG_HID_MICROSOFT is not set
# CONFIG_HID_MONTEREY is not set
# CONFIG_HID_MULTITOUCH is not set
# CONFIG_HID_NTI is not set
# CONFIG_HID_ORTEK is not set
# CONFIG_HID_PANTHERLORD is not set
# CONFIG_HID_PETALYNX is not set
# CONFIG_HID_PICOLCD is not set
# CONFIG_HID_PLANTRONICS is not set
# CONFIG_HID_PXRC is not set
# CONFIG_HID_RAZER is not set
# CONFIG_HID_PRIMAX is not set
# CONFIG_HID_SAITEK is not set
# CONFIG_HID_SEMITEK is not set
# CONFIG_HID_SPEEDLINK is not set
# CONFIG_HID_STEAM is not set
# CONFIG_HID_SUNPLUS is not set
# CONFIG_HID_RMI is not set
# CONFIG_HID_GREENASIA is not set
# CONFIG_HID_SMARTJOYPLUS is not set
# CONFIG_HID_TIVO is not set
# CONFIG_HID_TOPSEED is not set
# CONFIG_HID_TOPRE is not set
# CONFIG_HID_UDRAW_PS3 is not set
# CONFIG_HID_XINMO is not set
# CONFIG_HID_ZEROPLUS is not set
# CONFIG_HID_ZYDACRON is not set
# CONFIG_HID_SENSOR_HUB is not set
# CONFIG_HID_ALPS is not set
# CONFIG_INTEL_ISH_HID is not set
# CONFIG_AMD_SFH_HID is not set
# CONFIG_INTEL_THC_HID is not set
# CONFIG_USB_SUPPORT is not set
# CONFIG_MMC is not set
# CONFIG_MEMSTICK is not set
# CONFIG_NEW_LEDS is not set
# CONFIG_ACCESSIBILITY is not set
# CONFIG_INFINIBAND is not set
# CONFIG_RTC_CLASS is not set
# CONFIG_DMADEVICES is not set
# CONFIG_SYNC_FILE is not set
# CONFIG_DMABUF_HEAPS is not set
# CONFIG_UIO is not set
# CONFIG_VFIO is not set
# CONFIG_VIRT_DRIVERS is not set
CONFIG_VIRTIO_ANCHOR=y
CONFIG_VIRTIO=y
CONFIG_VIRTIO_PCI_LIB=y
CONFIG_VIRTIO_PCI_LIB_LEGACY=y
CONFIG_VIRTIO_MENU=y
CONFIG_VIRTIO_PCI=y
CONFIG_VIRTIO_PCI_ADMIN_LEGACY=y
CONFIG_VIRTIO_PCI_LEGACY=y
# CONFIG_VIRTIO_BALLOON is not set
# CONFIG_VIRTIO_INPUT is not set
# CONFIG_VIRTIO_MMIO is not set
# CONFIG_VIRTIO_DEBUG is not set
# CONFIG_VIRTIO_RTC is not set
# CONFIG_VDPA is not set
# CONFIG_VHOST_MENU is not set
# CONFIG_GREYBUS is not set
# CONFIG_COMEDI is not set
# CONFIG_GPIB is not set
# CONFIG_STAGING is not set
# CONFIG_GOLDFISH is not set
# CONFIG_CHROME_PLATFORMS is not set
# CONFIG_MELLANOX_PLATFORM is not set
# CONFIG_SURFACE_PLATFORMS is not set
# CONFIG_X86_PLATFORM_DEVICES is not set
# CONFIG_ACPI_WMI is not set
# CONFIG_COMMON_CLK is not set
# CONFIG_HWSPINLOCK is not set
# CONFIG_ALTERA_MBOX is not set
# CONFIG_IOMMU_SUPPORT is not set
# CONFIG_REMOTEPROC is not set
# CONFIG_RPMSG_QCOM_GLINK_RPM is not set
# CONFIG_RPMSG_VIRTIO is not set
# CONFIG_WPCM450_SOC is not set
# CONFIG_SOC_TI is not set
# CONFIG_PM_DEVFREQ is not set
# CONFIG_EXTCON is not set
# CONFIG_MEMORY is not set
# CONFIG_IIO is not set
# CONFIG_NTB is not set
# CONFIG_PWM is not set
# CONFIG_IPACK_BUS is not set
# CONFIG_RESET_CONTROLLER is not set
# CONFIG_GENERIC_PHY is not set
# CONFIG_PHY_CAN_TRANSCEIVER is not set
# CONFIG_BCM_KONA_USB2_PHY is not set
# CONFIG_PHY_INTEL_LGM_EMMC is not set
# CONFIG_PHY_PXA_28NM_HSIC is not set
# CONFIG_PHY_PXA_28NM_USB2 is not set
# CONFIG_POWERCAP is not set
# CONFIG_MCB is not set
# CONFIG_DWC_PCIE_PMU is not set
# CONFIG_RAS is not set
# CONFIG_USB4 is not set
# CONFIG_ANDROID_BINDER_IPC is not set
# CONFIG_LIBNVDIMM is not set
# CONFIG_DAX is not set
# CONFIG_NVMEM is not set
# CONFIG_STM is not set
# CONFIG_INTEL_TH is not set
# CONFIG_FPGA is not set
# CONFIG_TEE is not set
# CONFIG_MUX_CORE is not set
# CONFIG_SIOX is not set
# CONFIG_SLIMBUS is not set
# CONFIG_INTERCONNECT is not set
# CONFIG_COUNTER is not set
# CONFIG_PECI is not set
# CONFIG_HTE is not set
# CONFIG_VALIDATE_FS_PARSER is not set
# CONFIG_EXT2_FS is not set
CONFIG_EXT4_FS=y
# CONFIG_EXT4_FS_POSIX_ACL is not set
# CONFIG_EXT4_FS_SECURITY is not set
# CONFIG_EXT4_DEBUG is not set
# CONFIG_JBD2_DEBUG is not set
# CONFIG_JFS_FS is not set
# CONFIG_XFS_FS is not set
# CONFIG_GFS2_FS is not set
# CONFIG_BTRFS_FS is not set
# CONFIG_NILFS2_FS is not set
# CONFIG_F2FS_FS is not set
# CONFIG_EXPORTFS_BLOCK_OPS is not set
# CONFIG_FILE_LOCKING is not set
# CONFIG_FS_ENCRYPTION is not set
# CONFIG_FS_VERITY is not set
# CONFIG_DNOTIFY is not set
# CONFIG_INOTIFY_USER is not set
# CONFIG_FANOTIFY is not set
# CONFIG_QUOTA is not set
# CONFIG_AUTOFS_FS is not set
# CONFIG_FUSE_FS is not set
# CONFIG_OVERLAY_FS is not set
# CONFIG_ISO9660_FS is not set
# CONFIG_UDF_FS is not set
# CONFIG_MSDOS_FS is not set
# CONFIG_VFAT_FS is not set
# CONFIG_EXFAT_FS is not set
# CONFIG_NTFS_FS is not set
# CONFIG_NTFS3_FS is not set
# CONFIG_PROC_KCORE is not set
# CONFIG_PROC_CHILDREN is not set
# CONFIG_HUGETLBFS is not set
# CONFIG_CONFIGFS_FS is not set
CONFIG_EFIVAR_FS=m
# CONFIG_ORANGEFS_FS is not set
# CONFIG_ADFS_FS is not set
# CONFIG_AFFS_FS is not set
# CONFIG_HFS_FS is not set
# CONFIG_HFSPLUS_FS is not set
# CONFIG_BEFS_FS is not set
# CONFIG_BFS_FS is not set
# CONFIG_EFS_FS is not set
# CONFIG_CRAMFS is not set
# CONFIG_SQUASHFS is not set
# CONFIG_VXFS_FS is not set
# CONFIG_MINIX_FS is not set
# CONFIG_OMFS_FS is not set
# CONFIG_HPFS_FS is not set
# CONFIG_QNX4FS_FS is not set
# CONFIG_QNX6FS_FS is not set
# CONFIG_ROMFS_FS is not set
# CONFIG_PSTORE_CONSOLE is not set
# CONFIG_PSTORE_PMSG is not set
# CONFIG_PSTORE_RAM is not set
# CONFIG_PSTORE_BLK is not set
# CONFIG_UFS_FS is not set
# CONFIG_EROFS_FS is not set
CONFIG_NETWORK_FILESYSTEMS=y
# CONFIG_CEPH_FS is not set
# CONFIG_CIFS is not set
# CONFIG_CODA_FS is not set
# CONFIG_AFS_FS is not set
# CONFIG_NLS_CODEPAGE_437 is not set
# CONFIG_NLS_CODEPAGE_737 is not set
# CONFIG_NLS_CODEPAGE_775 is not set
# CONFIG_NLS_CODEPAGE_850 is not set
# CONFIG_NLS_CODEPAGE_852 is not set
# CONFIG_NLS_CODEPAGE_855 is not set
# CONFIG_NLS_CODEPAGE_857 is not set
# CONFIG_NLS_CODEPAGE_860 is not set
# CONFIG_NLS_CODEPAGE_861 is not set
# CONFIG_NLS_CODEPAGE_862 is not set
# CONFIG_NLS_CODEPAGE_863 is not set
# CONFIG_NLS_CODEPAGE_864 is not set
# CONFIG_NLS_CODEPAGE_865 is not set
# CONFIG_NLS_CODEPAGE_866 is not set
# CONFIG_NLS_CODEPAGE_869 is not set
# CONFIG_NLS_CODEPAGE_936 is not set
# CONFIG_NLS_CODEPAGE_950 is not set
# CONFIG_NLS_CODEPAGE_932 is not set
# CONFIG_NLS_CODEPAGE_949 is not set
# CONFIG_NLS_CODEPAGE_874 is not set
# CONFIG_NLS_ISO8859_8 is not set
# CONFIG_NLS_CODEPAGE_1250 is not set
# CONFIG_NLS_CODEPAGE_1251 is not set
# CONFIG_NLS_ASCII is not set
# CONFIG_NLS_ISO8859_1 is not set
# CONFIG_NLS_ISO8859_2 is not set
# CONFIG_NLS_ISO8859_3 is not set
# CONFIG_NLS_ISO8859_4 is not set
# CONFIG_NLS_ISO8859_5 is not set
# CONFIG_NLS_ISO8859_6 is not set
# CONFIG_NLS_ISO8859_7 is not set
# CONFIG_NLS_ISO8859_9 is not set
# CONFIG_NLS_ISO8859_13 is not set
# CONFIG_NLS_ISO8859_14 is not set
# CONFIG_NLS_ISO8859_15 is not set
# CONFIG_NLS_KOI8_R is not set
# CONFIG_NLS_KOI8_U is not set
# CONFIG_NLS_MAC_ROMAN is not set
# CONFIG_NLS_MAC_CELTIC is not set
# CONFIG_NLS_MAC_CENTEURO is not set
# CONFIG_NLS_MAC_CROATIAN is not set
# CONFIG_NLS_MAC_CYRILLIC is not set
# CONFIG_NLS_MAC_GAELIC is not set
# CONFIG_NLS_MAC_GREEK is not set
# CONFIG_NLS_MAC_ICELAND is not set
# CONFIG_NLS_MAC_INUIT is not set
# CONFIG_NLS_MAC_ROMANIAN is not set
# CONFIG_NLS_MAC_TURKISH is not set
# CONFIG_NLS_UTF8 is not set
# CONFIG_UNICODE is not set
# CONFIG_KEYS is not set
# CONFIG_SECURITY_DMESG_RESTRICT is not set
# CONFIG_PROC_MEM_ALWAYS_FORCE is not set
# CONFIG_PROC_MEM_NO_FORCE is not set
# CONFIG_MSEAL_SYSTEM_MAPPINGS is not set
# CONFIG_SECURITYFS is not set
# CONFIG_STATIC_USERMODEHELPER is not set
# CONFIG_IMA_SECURE_AND_OR_TRUSTED_BOOT is not set
# CONFIG_INIT_STACK_NONE is not set
# CONFIG_INIT_STACK_ALL_PATTERN is not set
# CONFIG_INIT_ON_ALLOC_DEFAULT_ON is not set
# CONFIG_INIT_ON_FREE_DEFAULT_ON is not set
# CONFIG_ZERO_CALL_USED_REGS is not set
# CONFIG_FORTIFY_SOURCE is not set
# CONFIG_HARDENED_USERCOPY is not set
# CONFIG_LIST_HARDENED is not set
# CONFIG_BUG_ON_DATA_CORRUPTION is not set
# CONFIG_CRYPTO is not set
# CONFIG_PACKING is not set
# CONFIG_CORDIC is not set
# CONFIG_PRIME_NUMBERS is not set
# CONFIG_CRC_OPTIMIZATIONS is not set
# CONFIG_RANDOM32_SELFTEST is not set
# CONFIG_XZ_DEC_MICROLZMA is not set
# CONFIG_XZ_DEC_TEST is not set
# CONFIG_SWIOTLB_DYNAMIC is not set
# CONFIG_DMA_API_DEBUG is not set
# CONFIG_IRQ_POLL is not set
# CONFIG_FONTS is not set
# CONFIG_LWQ_TEST is not set
# CONFIG_SYMBOLIC_ERRNAME is not set
CONFIG_DEBUG_KERNEL=y
# CONFIG_DEBUG_MISC is not set
CONFIG_DEBUG_INFO_NONE=y
# CONFIG_DEBUG_INFO_DWARF_TOOLCHAIN_DEFAULT is not set
# CONFIG_DEBUG_INFO_DWARF4 is not set
# CONFIG_DEBUG_INFO_DWARF5 is not set
# CONFIG_STRIP_ASM_SYMS is not set
# CONFIG_READABLE_ASM is not set
# CONFIG_HEADERS_INSTALL is not set
# CONFIG_DEBUG_SECTION_MISMATCH is not set
# CONFIG_SECTION_MISMATCH_WARN_ONLY is not set
# CONFIG_DEBUG_FORCE_FUNCTION_ALIGN_64B is not set
# CONFIG_OBJTOOL_WERROR is not set
# CONFIG_VMLINUX_MAP is not set
# CONFIG_DEBUG_FORCE_WEAK_PER_CPU is not set
# CONFIG_MAGIC_SYSRQ is not set
# CONFIG_DEBUG_FS is not set
# CONFIG_KGDB is not set
# CONFIG_UBSAN is not set
# CONFIG_KCSAN is not set
# CONFIG_NET_DEV_REFCNT_TRACKER is not set
# CONFIG_NET_NS_REFCNT_TRACKER is not set
# CONFIG_DEBUG_NET is not set
# CONFIG_DEBUG_NET_SMALL_RTNL is not set
# CONFIG_PAGE_EXTENSION is not set
# CONFIG_DEBUG_PAGEALLOC is not set
# CONFIG_PAGE_OWNER is not set
# CONFIG_PAGE_TABLE_CHECK is not set
# CONFIG_PAGE_POISONING is not set
# CONFIG_DEBUG_RODATA_TEST is not set
# CONFIG_DEBUG_WX is not set
# CONFIG_DEBUG_KMEMLEAK is not set
# CONFIG_PER_VMA_LOCK_STATS is not set
# CONFIG_DEBUG_OBJECTS is not set
# CONFIG_DEBUG_STACK_USAGE is not set
# CONFIG_SCHED_STACK_END_CHECK is not set
# CONFIG_DEBUG_VFS is not set
# CONFIG_DEBUG_VM is not set
# CONFIG_DEBUG_VM_PGTABLE is not set
# CONFIG_DEBUG_VIRTUAL is not set
# CONFIG_DEBUG_MEMORY_INIT is not set
# CONFIG_DEBUG_PER_CPU_MAPS is not set
# CONFIG_DEBUG_KMAP_LOCAL_FORCE_MAP is not set
# CONFIG_MEM_ALLOC_PROFILING is not set

Kernel config checksum:
2d6f6b3ef65a9cda008ff39d5523e1b250e416e3eb6dc1f58a31684e4fbcd64c  /home/manan/Aira-Octave/linux-7.2.2/.config

[7/15] Auditing initramfs...
Initramfs directory:
-rwxr-xr-x 2190672 /home/manan/Aira-Octave/initramfs/bin/busybox
-rwxr-xr-x 642 /home/manan/Aira-Octave/initramfs/init
drwxr-xr-x 4096 /home/manan/Aira-Octave/initramfs
drwxr-xr-x 4096 /home/manan/Aira-Octave/initramfs/bin
drwxr-xr-x 4096 /home/manan/Aira-Octave/initramfs/dev
drwxr-xr-x 4096 /home/manan/Aira-Octave/initramfs/etc
drwxr-xr-x 4096 /home/manan/Aira-Octave/initramfs/proc
drwxr-xr-x 4096 /home/manan/Aira-Octave/initramfs/sys
lrwxrwxrwx 7 /home/manan/Aira-Octave/initramfs/bin/cat
lrwxrwxrwx 7 /home/manan/Aira-Octave/initramfs/bin/clear
lrwxrwxrwx 7 /home/manan/Aira-Octave/initramfs/bin/cp
lrwxrwxrwx 7 /home/manan/Aira-Octave/initramfs/bin/date
lrwxrwxrwx 7 /home/manan/Aira-Octave/initramfs/bin/dmesg
lrwxrwxrwx 7 /home/manan/Aira-Octave/initramfs/bin/echo
lrwxrwxrwx 7 /home/manan/Aira-Octave/initramfs/bin/free
lrwxrwxrwx 7 /home/manan/Aira-Octave/initramfs/bin/grep
lrwxrwxrwx 7 /home/manan/Aira-Octave/initramfs/bin/head
lrwxrwxrwx 7 /home/manan/Aira-Octave/initramfs/bin/hostname
lrwxrwxrwx 7 /home/manan/Aira-Octave/initramfs/bin/ls
lrwxrwxrwx 7 /home/manan/Aira-Octave/initramfs/bin/mkdir
lrwxrwxrwx 7 /home/manan/Aira-Octave/initramfs/bin/mount
lrwxrwxrwx 7 /home/manan/Aira-Octave/initramfs/bin/mv
lrwxrwxrwx 7 /home/manan/Aira-Octave/initramfs/bin/poweroff
lrwxrwxrwx 7 /home/manan/Aira-Octave/initramfs/bin/ps
lrwxrwxrwx 7 /home/manan/Aira-Octave/initramfs/bin/pwd
lrwxrwxrwx 7 /home/manan/Aira-Octave/initramfs/bin/reboot
lrwxrwxrwx 7 /home/manan/Aira-Octave/initramfs/bin/rm
lrwxrwxrwx 7 /home/manan/Aira-Octave/initramfs/bin/sh
lrwxrwxrwx 7 /home/manan/Aira-Octave/initramfs/bin/sleep
lrwxrwxrwx 7 /home/manan/Aira-Octave/initramfs/bin/tail
lrwxrwxrwx 7 /home/manan/Aira-Octave/initramfs/bin/uname
lrwxrwxrwx 7 /home/manan/Aira-Octave/initramfs/bin/wc

initramfs/init:
#!/bin/sh

echo
echo "========================================"
echo "          AIRAOS LINUX"
echo "========================================"
echo

mount -t devtmpfs devtmpfs /dev
mount -t proc proc /proc
mount -t sysfs sysfs /sys

echo "AiraOS Linux kernel is alive."
echo

echo "Kernel:"
uname -a
echo

echo "CPU:"
grep -m1 "model name" /proc/cpuinfo
echo

echo "Memory:"
grep MemTotal /proc/meminfo
echo

echo "========================================"
echo "        AiraOS userspace ready"
echo "========================================"
echo

echo "Available commands:"
echo "  ls  cat  ps  free  mount  dmesg  uname"
echo

exec /bin/sh

BusyBox:
/home/manan/Aira-Octave/initramfs/bin/busybox: ELF 64-bit LSB executable, x86-64, version 1 (GNU/Linux), statically linked, BuildID[sha1]=45585fa7eea9146e74dd8d23ba506c66b4d1b809, for GNU/Linux 3.2.0, stripped
BusyBox v1.37.0 (Ubuntu 1:1.37.0-7ubuntu1) multi-call binary.
BusyBox is copyrighted by many authors between 1998-2015.
Licensed under GPLv2. See source distribution for detailed
copyright notices.

Usage: busybox [function [arguments]...]
   or: busybox --list[-full]
   or: busybox --install [-s] [DIR]
   or: function [arguments]...

	BusyBox is a multi-call binary that combines many common Unix
	utilities into a single executable.  The shell in this build
	is configured to run built-in utilities without $PATH search.
	You don't need to install a link to busybox for each utility.
	To run external program, use full path (/sbin/ip instead of ip).

Currently defined functions:
	[, [[, acpid, adjtimex, ar, arch, arp, arping, ascii, ash, awk, base64,
	basename, bc, blkdiscard, blockdev, brctl, bunzip2, busybox, bzcat,
	bzip2, cal, cat, chattr, chgrp, chmod, chown, chpasswd, chroot, chvt,
	clear, cmp, cp, cpio, crc32, crond, crontab, cttyhack, cut, date, dc,
	dd, deallocvt, depmod, devmem, df, diff, dirname, dmesg, dnsdomainname,
	dos2unix, dpkg, dpkg-deb, du, dumpkmap, dumpleases, echo, ed, egrep,
	env, expand, expr, factor, fallocate, false, fatattr, fdisk, fgrep,
	find, findfs, fold, free, freeramdisk, fsfreeze, fstrim, ftpget,
	ftpput, getfattr, getopt, getty, grep, groups, gunzip, gzip, halt,
	head, hexdump, hostid, hostname, httpd, hwclock, i2cdetect, i2cdump,
	i2cget, i2cset, i2ctransfer, id, ifconfig, ifdown, ifup, init, insmod,
	install, ionice, ip, ipcalc, kill, killall, klogd, last, less, link,
	linux32, linux64, linuxrc, ln, loadfont, loadkmap, logger, login,

Packed initramfs:
-rw-r--r-- 1 manan manan 2.1M Aug 30 07:09 /home/manan/Aira-Octave/initramfs.cpio
/home/manan/Aira-Octave/initramfs.cpio: ASCII cpio archive (SVR4 with no CRC)
e9effb81e70280ed4d28a48110892aa3be365c07fc4cefb35771ae66eeae877b  /home/manan/Aira-Octave/initramfs.cpio

Archive contents:
.
bin
bin/busybox
bin/cat
bin/clear
bin/cp
bin/date
bin/dmesg
bin/echo
bin/free
bin/grep
bin/head
bin/hostname
bin/ls
bin/mkdir
bin/mount
bin/mv
bin/poweroff
bin/ps
bin/pwd
bin/reboot
bin/rm
bin/sh
bin/sleep
bin/tail
bin/uname
bin/wc
dev
etc
init
proc
sys

[8/15] Searching for Octave/Aira-specific source...
================ OCTAVE/AIRA SOURCE REFERENCES ================
/home/manan/Aira-Octave/initramfs/init:5:echo "          AIRAOS LINUX"
/home/manan/Aira-Octave/initramfs/init:13:echo "AiraOS Linux kernel is alive."
/home/manan/Aira-Octave/initramfs/init:29:echo "        AiraOS userspace ready"
/home/manan/Aira-Octave/logs/autonomous-kernel-build.log:1:make: Entering directory '/home/manan/Aira-Octave/linux-7.2.2'
/home/manan/Aira-Octave/logs/autonomous-kernel-build.log:4:make: Leaving directory '/home/manan/Aira-Octave/linux-7.2.2'
/home/manan/Aira-Octave/logs/octave-audit-20260908-103825/config-audit.txt:2:/home/manan/Aira-Octave/configs/airaos-x86_64-working.config
/home/manan/Aira-Octave/logs/octave-audit-20260908-103825/config-audit.txt:3:/home/manan/Aira-Octave/configs/airaos-x86_64.config
/home/manan/Aira-Octave/logs/octave-audit-20260908-103825/config-audit.txt:6:/home/manan/Aira-Octave/linux-7.2.2/.cocciconfig
/home/manan/Aira-Octave/logs/octave-audit-20260908-103825/config-audit.txt:7:/home/manan/Aira-Octave/linux-7.2.2/.config
/home/manan/Aira-Octave/logs/octave-audit-20260908-103825/config-audit.txt:8:/home/manan/Aira-Octave/linux-7.2.2/.config.old
/home/manan/Aira-Octave/logs/octave-audit-20260908-103825/config-audit.txt:9:/home/manan/Aira-Octave/linux-7.2.2/.config.pre-foundation-20260830-082619
/home/manan/Aira-Octave/logs/octave-audit-20260908-103825/config-audit.txt:10:/home/manan/Aira-Octave/linux-7.2.2/.editorconfig
/home/manan/Aira-Octave/logs/octave-audit-20260908-103825/config-audit.txt:11:/home/manan/Aira-Octave/linux-7.2.2/Documentation/Kconfig
/home/manan/Aira-Octave/logs/octave-audit-20260908-103825/config-audit.txt:12:/home/manan/Aira-Octave/linux-7.2.2/Kconfig
/home/manan/Aira-Octave/logs/octave-audit-20260908-103825/config-audit.txt:13:/home/manan/Aira-Octave/linux-7.2.2/arch/Kconfig
/home/manan/Aira-Octave/logs/octave-audit-20260908-103825/config-audit.txt:14:/home/manan/Aira-Octave/linux-7.2.2/block/Kconfig
/home/manan/Aira-Octave/logs/octave-audit-20260908-103825/config-audit.txt:15:/home/manan/Aira-Octave/linux-7.2.2/block/Kconfig.iosched
/home/manan/Aira-Octave/logs/octave-audit-20260908-103825/config-audit.txt:16:/home/manan/Aira-Octave/linux-7.2.2/certs/Kconfig
/home/manan/Aira-Octave/logs/octave-audit-20260908-103825/config-audit.txt:17:/home/manan/Aira-Octave/linux-7.2.2/crypto/Kconfig
/home/manan/Aira-Octave/logs/octave-audit-20260908-103825/config-audit.txt:18:/home/manan/Aira-Octave/linux-7.2.2/drivers/Kconfig
/home/manan/Aira-Octave/logs/octave-audit-20260908-103825/config-audit.txt:19:/home/manan/Aira-Octave/linux-7.2.2/fs/Kconfig
/home/manan/Aira-Octave/logs/octave-audit-20260908-103825/config-audit.txt:20:/home/manan/Aira-Octave/linux-7.2.2/fs/Kconfig.binfmt
/home/manan/Aira-Octave/logs/octave-audit-20260908-103825/config-audit.txt:21:/home/manan/Aira-Octave/linux-7.2.2/init/.kunitconfig
/home/manan/Aira-Octave/logs/octave-audit-20260908-103825/config-audit.txt:22:/home/manan/Aira-Octave/linux-7.2.2/init/Kconfig
/home/manan/Aira-Octave/logs/octave-audit-20260908-103825/config-audit.txt:23:/home/manan/Aira-Octave/linux-7.2.2/io_uring/Kconfig
/home/manan/Aira-Octave/logs/octave-audit-20260908-103825/config-audit.txt:24:/home/manan/Aira-Octave/linux-7.2.2/kernel/Kconfig.freezer
/home/manan/Aira-Octave/logs/octave-audit-20260908-103825/config-audit.txt:25:/home/manan/Aira-Octave/linux-7.2.2/kernel/Kconfig.hz
/home/manan/Aira-Octave/logs/octave-audit-20260908-103825/config-audit.txt:26:/home/manan/Aira-Octave/linux-7.2.2/kernel/Kconfig.kexec
/home/manan/Aira-Octave/logs/octave-audit-20260908-103825/config-audit.txt:27:/home/manan/Aira-Octave/linux-7.2.2/kernel/Kconfig.locks
/home/manan/Aira-Octave/logs/octave-audit-20260908-103825/config-audit.txt:28:/home/manan/Aira-Octave/linux-7.2.2/kernel/Kconfig.preempt
/home/manan/Aira-Octave/logs/octave-audit-20260908-103825/config-audit.txt:29:/home/manan/Aira-Octave/linux-7.2.2/kernel/configs.c
/home/manan/Aira-Octave/logs/octave-audit-20260908-103825/config-audit.txt:30:/home/manan/Aira-Octave/linux-7.2.2/lib/Kconfig
/home/manan/Aira-Octave/logs/octave-audit-20260908-103825/config-audit.txt:31:/home/manan/Aira-Octave/linux-7.2.2/lib/Kconfig.debug
/home/manan/Aira-Octave/logs/octave-audit-20260908-103825/config-audit.txt:32:/home/manan/Aira-Octave/linux-7.2.2/lib/Kconfig.kasan
/home/manan/Aira-Octave/logs/octave-audit-20260908-103825/config-audit.txt:33:/home/manan/Aira-Octave/linux-7.2.2/lib/Kconfig.kcsan
/home/manan/Aira-Octave/logs/octave-audit-20260908-103825/config-audit.txt:34:/home/manan/Aira-Octave/linux-7.2.2/lib/Kconfig.kfence
/home/manan/Aira-Octave/logs/octave-audit-20260908-103825/config-audit.txt:35:/home/manan/Aira-Octave/linux-7.2.2/lib/Kconfig.kgdb
/home/manan/Aira-Octave/logs/octave-audit-20260908-103825/config-audit.txt:36:/home/manan/Aira-Octave/linux-7.2.2/lib/Kconfig.kmsan
/home/manan/Aira-Octave/logs/octave-audit-20260908-103825/config-audit.txt:37:/home/manan/Aira-Octave/linux-7.2.2/lib/Kconfig.ubsan
/home/manan/Aira-Octave/logs/octave-audit-20260908-103825/config-audit.txt:38:/home/manan/Aira-Octave/linux-7.2.2/lib/bootconfig-data.S
/home/manan/Aira-Octave/logs/octave-audit-20260908-103825/config-audit.txt:39:/home/manan/Aira-Octave/linux-7.2.2/lib/bootconfig.c
/home/manan/Aira-Octave/logs/octave-audit-20260908-103825/config-audit.txt:40:/home/manan/Aira-Octave/linux-7.2.2/lib/of-reconfig-notifier-error-inject.c
/home/manan/Aira-Octave/logs/octave-audit-20260908-103825/config-audit.txt:41:/home/manan/Aira-Octave/linux-7.2.2/mm/Kconfig
/home/manan/Aira-Octave/logs/octave-audit-20260908-103825/config-audit.txt:42:/home/manan/Aira-Octave/linux-7.2.2/mm/Kconfig.debug
/home/manan/Aira-Octave/logs/octave-audit-20260908-103825/config-audit.txt:43:/home/manan/Aira-Octave/linux-7.2.2/net/Kconfig
/home/manan/Aira-Octave/logs/octave-audit-20260908-103825/config-audit.txt:44:/home/manan/Aira-Octave/linux-7.2.2/net/Kconfig.debug
/home/manan/Aira-Octave/logs/octave-audit-20260908-103825/config-audit.txt:45:/home/manan/Aira-Octave/linux-7.2.2/rust/.kunitconfig
/home/manan/Aira-Octave/logs/octave-audit-20260908-103825/config-audit.txt:46:/home/manan/Aira-Octave/linux-7.2.2/samples/Kconfig
/home/manan/Aira-Octave/logs/octave-audit-20260908-103825/config-audit.txt:47:/home/manan/Aira-Octave/linux-7.2.2/scripts/Kconfig.include
/home/manan/Aira-Octave/logs/octave-audit-20260908-103825/config-audit.txt:48:/home/manan/Aira-Octave/linux-7.2.2/scripts/checkkconfigsymbols.py
/home/manan/Aira-Octave/logs/octave-audit-20260908-103825/config-audit.txt:49:/home/manan/Aira-Octave/linux-7.2.2/scripts/config
/home/manan/Aira-Octave/logs/octave-audit-20260908-103825/config-audit.txt:50:/home/manan/Aira-Octave/linux-7.2.2/scripts/diffconfig
/home/manan/Aira-Octave/logs/octave-audit-20260908-103825/config-audit.txt:51:/home/manan/Aira-Octave/linux-7.2.2/scripts/extract-ikconfig
/home/manan/Aira-Octave/logs/octave-audit-20260908-103825/config-audit.txt:52:/home/manan/Aira-Octave/linux-7.2.2/security/Kconfig
/home/manan/Aira-Octave/logs/octave-audit-20260908-103825/config-audit.txt:53:/home/manan/Aira-Octave/linux-7.2.2/security/Kconfig.hardening
/home/manan/Aira-Octave/logs/octave-audit-20260908-103825/config-audit.txt:54:/home/manan/Aira-Octave/linux-7.2.2/sound/Kconfig
/home/manan/Aira-Octave/logs/octave-audit-20260908-103825/config-audit.txt:55:/home/manan/Aira-Octave/linux-7.2.2/usr/Kconfig
/home/manan/Aira-Octave/logs/octave-audit-20260908-103825/config-audit.txt:57:Candidate Octave config contents:
/home/manan/Aira-Octave/logs/octave-audit-20260908-103825/config-audit.txt:59:===== /home/manan/Aira-Octave/configs/airaos-x86_64-working.config =====
/home/manan/Aira-Octave/logs/octave-audit-20260908-103825/config-audit.txt:561:===== /home/manan/Aira-Octave/configs/airaos-x86_64.config =====
/home/manan/Aira-Octave/logs/octave-audit-20260908-103825/repository.txt:2:/home/manan/Aira-Octave
/home/manan/Aira-Octave/logs/octave-audit-20260908-103825/repository.txt:12:1eec0061e test: rebuild and boot-test Aira Octave
/home/manan/Aira-Octave/logs/octave-audit-20260908-103825/repository.txt:14:f677e7377 feat: boot AiraOS Linux userspace
/home/manan/Aira-Octave/logs/octave-audit-20260908-103825/repository.txt:21:?? logs/octave-audit-20260908-103825/
/home/manan/Aira-Octave/logs/octave-audit-20260908-103825/repository.txt:27:./configs/airaos-x86_64-working.config
/home/manan/Aira-Octave/logs/octave-audit-20260908-103825/repository.txt:28:./configs/airaos-x86_64.config
/home/manan/Aira-Octave/logs/octave-audit-20260908-103825/repository.txt:32:./logs/AIRA-OCTAVE-BUILD-REPORT.txt
/home/manan/Aira-Octave/logs/octave-audit-20260908-103825/repository.txt:53:./reports/AIRA-OCTAVE-AUTONOMOUS-REPORT.txt
/home/manan/Aira-Octave/logs/octave-audit-20260908-103825/repository.txt:56:./test/airaos-bzImage
/home/manan/Aira-Octave/logs/octave-audit-20260908-103825/octave-source-scan.txt:1:================ OCTAVE/AIRA SOURCE REFERENCES ================
/home/manan/Aira-Octave/logs/octave-audit-20260908-103825/kernel-identity.txt:11:2.7G	/home/manan/Aira-Octave/linux-7.2.2
/home/manan/Aira-Octave/logs/octave-audit-20260908-103825/kernel-identity.txt:21:?? ../logs/octave-audit-20260908-103825/
/home/manan/Aira-Octave/logs/octave-audit-20260908-103825/kernel-identity.txt:29:origin	https://github.com/manansulya01/Aira-Octave.git (fetch)
/home/manan/Aira-Octave/logs/octave-audit-20260908-103825/kernel-identity.txt:30:origin	https://github.com/manansulya01/Aira-Octave.git (push)
/home/manan/Aira-Octave/logs/octave-audit-20260908-103825/audit.log:2:                 AIRAOS-OCTAVE KERNEL AUDIT
/home/manan/Aira-Octave/logs/octave-audit-20260908-103825/audit.log:4:Repository : /home/manan/Aira-Octave
/home/manan/Aira-Octave/logs/octave-audit-20260908-103825/audit.log:17:/home/manan/Aira-Octave
/home/manan/Aira-Octave/logs/octave-audit-20260908-103825/audit.log:27:1eec0061e test: rebuild and boot-test Aira Octave
/home/manan/Aira-Octave/logs/octave-audit-20260908-103825/audit.log:29:f677e7377 feat: boot AiraOS Linux userspace
/home/manan/Aira-Octave/logs/octave-audit-20260908-103825/audit.log:36:?? logs/octave-audit-20260908-103825/
/home/manan/Aira-Octave/logs/octave-audit-20260908-103825/audit.log:42:./configs/airaos-x86_64-working.config
/home/manan/Aira-Octave/logs/octave-audit-20260908-103825/audit.log:43:./configs/airaos-x86_64.config
/home/manan/Aira-Octave/logs/octave-audit-20260908-103825/audit.log:47:./logs/AIRA-OCTAVE-BUILD-REPORT.txt
/home/manan/Aira-Octave/logs/octave-audit-20260908-103825/audit.log:68:./reports/AIRA-OCTAVE-AUTONOMOUS-REPORT.txt
/home/manan/Aira-Octave/logs/octave-audit-20260908-103825/audit.log:71:./test/airaos-bzImage
/home/manan/Aira-Octave/logs/octave-audit-20260908-103825/audit.log:84:2.7G	/home/manan/Aira-Octave/linux-7.2.2
/home/manan/Aira-Octave/logs/octave-audit-20260908-103825/audit.log:94:?? ../logs/octave-audit-20260908-103825/
/home/manan/Aira-Octave/logs/octave-audit-20260908-103825/audit.log:102:origin	https://github.com/manansulya01/Aira-Octave.git (fetch)
/home/manan/Aira-Octave/logs/octave-audit-20260908-103825/audit.log:103:origin	https://github.com/manansulya01/Aira-Octave.git (push)
/home/manan/Aira-Octave/logs/octave-audit-20260908-103825/audit.log:105:[4/15] Locating Octave/Aira-specific configuration...
/home/manan/Aira-Octave/logs/octave-audit-20260908-103825/audit.log:107:/home/manan/Aira-Octave/configs/airaos-x86_64-working.config
/home/manan/Aira-Octave/logs/octave-audit-20260908-103825/audit.log:108:/home/manan/Aira-Octave/configs/airaos-x86_64.config
/home/manan/Aira-Octave/logs/octave-audit-20260908-103825/audit.log:111:/home/manan/Aira-Octave/linux-7.2.2/.cocciconfig
/home/manan/Aira-Octave/logs/octave-audit-20260908-103825/audit.log:112:/home/manan/Aira-Octave/linux-7.2.2/.config
/home/manan/Aira-Octave/logs/octave-audit-20260908-103825/audit.log:113:/home/manan/Aira-Octave/linux-7.2.2/.config.old
/home/manan/Aira-Octave/logs/octave-audit-20260908-103825/audit.log:114:/home/manan/Aira-Octave/linux-7.2.2/.config.pre-foundation-20260830-082619
/home/manan/Aira-Octave/logs/octave-audit-20260908-103825/audit.log:115:/home/manan/Aira-Octave/linux-7.2.2/.editorconfig
/home/manan/Aira-Octave/logs/octave-audit-20260908-103825/audit.log:116:/home/manan/Aira-Octave/linux-7.2.2/Documentation/Kconfig
/home/manan/Aira-Octave/logs/octave-audit-20260908-103825/audit.log:117:/home/manan/Aira-Octave/linux-7.2.2/Kconfig
/home/manan/Aira-Octave/logs/octave-audit-20260908-103825/audit.log:118:/home/manan/Aira-Octave/linux-7.2.2/arch/Kconfig
/home/manan/Aira-Octave/logs/octave-audit-20260908-103825/audit.log:119:/home/manan/Aira-Octave/linux-7.2.2/block/Kconfig
/home/manan/Aira-Octave/logs/octave-audit-20260908-103825/audit.log:120:/home/manan/Aira-Octave/linux-7.2.2/block/Kconfig.iosched
/home/manan/Aira-Octave/logs/octave-audit-20260908-103825/audit.log:121:/home/manan/Aira-Octave/linux-7.2.2/certs/Kconfig
/home/manan/Aira-Octave/logs/octave-audit-20260908-103825/audit.log:122:/home/manan/Aira-Octave/linux-7.2.2/crypto/Kconfig
/home/manan/Aira-Octave/logs/octave-audit-20260908-103825/audit.log:123:/home/manan/Aira-Octave/linux-7.2.2/drivers/Kconfig
/home/manan/Aira-Octave/logs/octave-audit-20260908-103825/audit.log:124:/home/manan/Aira-Octave/linux-7.2.2/fs/Kconfig
/home/manan/Aira-Octave/logs/octave-audit-20260908-103825/audit.log:125:/home/manan/Aira-Octave/linux-7.2.2/fs/Kconfig.binfmt
/home/manan/Aira-Octave/logs/octave-audit-20260908-103825/audit.log:126:/home/manan/Aira-Octave/linux-7.2.2/init/.kunitconfig
/home/manan/Aira-Octave/logs/octave-audit-20260908-103825/audit.log:127:/home/manan/Aira-Octave/linux-7.2.2/init/Kconfig
/home/manan/Aira-Octave/logs/octave-audit-20260908-103825/audit.log:128:/home/manan/Aira-Octave/linux-7.2.2/io_uring/Kconfig
/home/manan/Aira-Octave/logs/octave-audit-20260908-103825/audit.log:129:/home/manan/Aira-Octave/linux-7.2.2/kernel/Kconfig.freezer
/home/manan/Aira-Octave/logs/octave-audit-20260908-103825/audit.log:130:/home/manan/Aira-Octave/linux-7.2.2/kernel/Kconfig.hz
/home/manan/Aira-Octave/logs/octave-audit-20260908-103825/audit.log:131:/home/manan/Aira-Octave/linux-7.2.2/kernel/Kconfig.kexec
/home/manan/Aira-Octave/logs/octave-audit-20260908-103825/audit.log:132:/home/manan/Aira-Octave/linux-7.2.2/kernel/Kconfig.locks
/home/manan/Aira-Octave/logs/octave-audit-20260908-103825/audit.log:133:/home/manan/Aira-Octave/linux-7.2.2/kernel/Kconfig.preempt
/home/manan/Aira-Octave/logs/octave-audit-20260908-103825/audit.log:134:/home/manan/Aira-Octave/linux-7.2.2/kernel/configs.c
/home/manan/Aira-Octave/logs/octave-audit-20260908-103825/audit.log:135:/home/manan/Aira-Octave/linux-7.2.2/lib/Kconfig
/home/manan/Aira-Octave/logs/octave-audit-20260908-103825/audit.log:136:/home/manan/Aira-Octave/linux-7.2.2/lib/Kconfig.debug
/home/manan/Aira-Octave/logs/octave-audit-20260908-103825/audit.log:137:/home/manan/Aira-Octave/linux-7.2.2/lib/Kconfig.kasan
/home/manan/Aira-Octave/logs/octave-audit-20260908-103825/audit.log:138:/home/manan/Aira-Octave/linux-7.2.2/lib/Kconfig.kcsan
/home/manan/Aira-Octave/logs/octave-audit-20260908-103825/audit.log:139:/home/manan/Aira-Octave/linux-7.2.2/lib/Kconfig.kfence
/home/manan/Aira-Octave/logs/octave-audit-20260908-103825/audit.log:140:/home/manan/Aira-Octave/linux-7.2.2/lib/Kconfig.kgdb
/home/manan/Aira-Octave/logs/octave-audit-20260908-103825/audit.log:141:/home/manan/Aira-Octave/linux-7.2.2/lib/Kconfig.kmsan
/home/manan/Aira-Octave/logs/octave-audit-20260908-103825/audit.log:142:/home/manan/Aira-Octave/linux-7.2.2/lib/Kconfig.ubsan
/home/manan/Aira-Octave/logs/octave-audit-20260908-103825/audit.log:143:/home/manan/Aira-Octave/linux-7.2.2/lib/bootconfig-data.S
/home/manan/Aira-Octave/logs/octave-audit-20260908-103825/audit.log:144:/home/manan/Aira-Octave/linux-7.2.2/lib/bootconfig.c
/home/manan/Aira-Octave/logs/octave-audit-20260908-103825/audit.log:145:/home/manan/Aira-Octave/linux-7.2.2/lib/of-reconfig-notifier-error-inject.c
/home/manan/Aira-Octave/logs/octave-audit-20260908-103825/audit.log:146:/home/manan/Aira-Octave/linux-7.2.2/mm/Kconfig
/home/manan/Aira-Octave/logs/octave-audit-20260908-103825/audit.log:147:/home/manan/Aira-Octave/linux-7.2.2/mm/Kconfig.debug
/home/manan/Aira-Octave/logs/octave-audit-20260908-103825/audit.log:148:/home/manan/Aira-Octave/linux-7.2.2/net/Kconfig
/home/manan/Aira-Octave/logs/octave-audit-20260908-103825/audit.log:149:/home/manan/Aira-Octave/linux-7.2.2/net/Kconfig.debug
/home/manan/Aira-Octave/logs/octave-audit-20260908-103825/audit.log:150:/home/manan/Aira-Octave/linux-7.2.2/rust/.kunitconfig
/home/manan/Aira-Octave/logs/octave-audit-20260908-103825/audit.log:151:/home/manan/Aira-Octave/linux-7.2.2/samples/Kconfig
/home/manan/Aira-Octave/logs/octave-audit-20260908-103825/audit.log:152:/home/manan/Aira-Octave/linux-7.2.2/scripts/Kconfig.include
/home/manan/Aira-Octave/logs/octave-audit-20260908-103825/audit.log:153:/home/manan/Aira-Octave/linux-7.2.2/scripts/checkkconfigsymbols.py
/home/manan/Aira-Octave/logs/octave-audit-20260908-103825/audit.log:154:/home/manan/Aira-Octave/linux-7.2.2/scripts/config
/home/manan/Aira-Octave/logs/octave-audit-20260908-103825/audit.log:155:/home/manan/Aira-Octave/linux-7.2.2/scripts/diffconfig
/home/manan/Aira-Octave/logs/octave-audit-20260908-103825/audit.log:156:/home/manan/Aira-Octave/linux-7.2.2/scripts/extract-ikconfig
/home/manan/Aira-Octave/logs/octave-audit-20260908-103825/audit.log:157:/home/manan/Aira-Octave/linux-7.2.2/security/Kconfig
/home/manan/Aira-Octave/logs/octave-audit-20260908-103825/audit.log:158:/home/manan/Aira-Octave/linux-7.2.2/security/Kconfig.hardening
/home/manan/Aira-Octave/logs/octave-audit-20260908-103825/audit.log:159:/home/manan/Aira-Octave/linux-7.2.2/sound/Kconfig
/home/manan/Aira-Octave/logs/octave-audit-20260908-103825/audit.log:160:/home/manan/Aira-Octave/linux-7.2.2/usr/Kconfig
/home/manan/Aira-Octave/logs/octave-audit-20260908-103825/audit.log:162:Candidate Octave config contents:
/home/manan/Aira-Octave/logs/octave-audit-20260908-103825/audit.log:164:===== /home/manan/Aira-Octave/configs/airaos-x86_64-working.config =====
/home/manan/Aira-Octave/logs/octave-audit-20260908-103825/audit.log:666:===== /home/manan/Aira-Octave/configs/airaos-x86_64.config =====
/home/manan/Aira-Octave/logs/octave-audit-20260908-103825/audit.log:1168:[5/15] Selecting the existing Octave kernel configuration...
/home/manan/Aira-Octave/logs/octave-audit-20260908-103825/audit.log:1169:Using config: /home/manan/Aira-Octave/configs/airaos-x86_64-working.config
/home/manan/Aira-Octave/logs/octave-audit-20260908-103825/audit.log:2184:2d6f6b3ef65a9cda008ff39d5523e1b250e416e3eb6dc1f58a31684e4fbcd64c  /home/manan/Aira-Octave/linux-7.2.2/.config
/home/manan/Aira-Octave/logs/octave-audit-20260908-103825/audit.log:2188:-rwxr-xr-x 2190672 /home/manan/Aira-Octave/initramfs/bin/busybox
/home/manan/Aira-Octave/logs/octave-audit-20260908-103825/audit.log:2189:-rwxr-xr-x 642 /home/manan/Aira-Octave/initramfs/init
/home/manan/Aira-Octave/logs/octave-audit-20260908-103825/audit.log:2190:drwxr-xr-x 4096 /home/manan/Aira-Octave/initramfs
/home/manan/Aira-Octave/logs/octave-audit-20260908-103825/audit.log:2191:drwxr-xr-x 4096 /home/manan/Aira-Octave/initramfs/bin
/home/manan/Aira-Octave/logs/octave-audit-20260908-103825/audit.log:2192:drwxr-xr-x 4096 /home/manan/Aira-Octave/initramfs/dev
/home/manan/Aira-Octave/logs/octave-audit-20260908-103825/audit.log:2193:drwxr-xr-x 4096 /home/manan/Aira-Octave/initramfs/etc
/home/manan/Aira-Octave/logs/octave-audit-20260908-103825/audit.log:2194:drwxr-xr-x 4096 /home/manan/Aira-Octave/initramfs/proc
/home/manan/Aira-Octave/logs/octave-audit-20260908-103825/audit.log:2195:drwxr-xr-x 4096 /home/manan/Aira-Octave/initramfs/sys
/home/manan/Aira-Octave/logs/octave-audit-20260908-103825/audit.log:2196:lrwxrwxrwx 7 /home/manan/Aira-Octave/initramfs/bin/cat
/home/manan/Aira-Octave/logs/octave-audit-20260908-103825/audit.log:2197:lrwxrwxrwx 7 /home/manan/Aira-Octave/initramfs/bin/clear
/home/manan/Aira-Octave/logs/octave-audit-20260908-103825/audit.log:2198:lrwxrwxrwx 7 /home/manan/Aira-Octave/initramfs/bin/cp
/home/manan/Aira-Octave/logs/octave-audit-20260908-103825/audit.log:2199:lrwxrwxrwx 7 /home/manan/Aira-Octave/initramfs/bin/date
/home/manan/Aira-Octave/logs/octave-audit-20260908-103825/audit.log:2200:lrwxrwxrwx 7 /home/manan/Aira-Octave/initramfs/bin/dmesg
/home/manan/Aira-Octave/logs/octave-audit-20260908-103825/audit.log:2201:lrwxrwxrwx 7 /home/manan/Aira-Octave/initramfs/bin/echo
/home/manan/Aira-Octave/logs/octave-audit-20260908-103825/audit.log:2202:lrwxrwxrwx 7 /home/manan/Aira-Octave/initramfs/bin/free
/home/manan/Aira-Octave/logs/octave-audit-20260908-103825/audit.log:2203:lrwxrwxrwx 7 /home/manan/Aira-Octave/initramfs/bin/grep
/home/manan/Aira-Octave/logs/octave-audit-20260908-103825/audit.log:2204:lrwxrwxrwx 7 /home/manan/Aira-Octave/initramfs/bin/head
/home/manan/Aira-Octave/logs/octave-audit-20260908-103825/audit.log:2205:lrwxrwxrwx 7 /home/manan/Aira-Octave/initramfs/bin/hostname
/home/manan/Aira-Octave/logs/octave-audit-20260908-103825/audit.log:2206:lrwxrwxrwx 7 /home/manan/Aira-Octave/initramfs/bin/ls
/home/manan/Aira-Octave/logs/octave-audit-20260908-103825/audit.log:2207:lrwxrwxrwx 7 /home/manan/Aira-Octave/initramfs/bin/mkdir
/home/manan/Aira-Octave/logs/octave-audit-20260908-103825/audit.log:2208:lrwxrwxrwx 7 /home/manan/Aira-Octave/initramfs/bin/mount
/home/manan/Aira-Octave/logs/octave-audit-20260908-103825/audit.log:2209:lrwxrwxrwx 7 /home/manan/Aira-Octave/initramfs/bin/mv
/home/manan/Aira-Octave/logs/octave-audit-20260908-103825/audit.log:2210:lrwxrwxrwx 7 /home/manan/Aira-Octave/initramfs/bin/poweroff
/home/manan/Aira-Octave/logs/octave-audit-20260908-103825/audit.log:2211:lrwxrwxrwx 7 /home/manan/Aira-Octave/initramfs/bin/ps
/home/manan/Aira-Octave/logs/octave-audit-20260908-103825/audit.log:2212:lrwxrwxrwx 7 /home/manan/Aira-Octave/initramfs/bin/pwd
/home/manan/Aira-Octave/logs/octave-audit-20260908-103825/audit.log:2213:lrwxrwxrwx 7 /home/manan/Aira-Octave/initramfs/bin/reboot
/home/manan/Aira-Octave/logs/octave-audit-20260908-103825/audit.log:2214:lrwxrwxrwx 7 /home/manan/Aira-Octave/initramfs/bin/rm
/home/manan/Aira-Octave/logs/octave-audit-20260908-103825/audit.log:2215:lrwxrwxrwx 7 /home/manan/Aira-Octave/initramfs/bin/sh
/home/manan/Aira-Octave/logs/octave-audit-20260908-103825/audit.log:2216:lrwxrwxrwx 7 /home/manan/Aira-Octave/initramfs/bin/sleep
/home/manan/Aira-Octave/logs/octave-audit-20260908-103825/audit.log:2217:lrwxrwxrwx 7 /home/manan/Aira-Octave/initramfs/bin/tail
/home/manan/Aira-Octave/logs/octave-audit-20260908-103825/audit.log:2218:lrwxrwxrwx 7 /home/manan/Aira-Octave/initramfs/bin/uname
/home/manan/Aira-Octave/logs/octave-audit-20260908-103825/audit.log:2219:lrwxrwxrwx 7 /home/manan/Aira-Octave/initramfs/bin/wc
/home/manan/Aira-Octave/logs/octave-audit-20260908-103825/audit.log:2226:echo "          AIRAOS LINUX"
/home/manan/Aira-Octave/logs/octave-audit-20260908-103825/audit.log:2234:echo "AiraOS Linux kernel is alive."
/home/manan/Aira-Octave/logs/octave-audit-20260908-103825/audit.log:2250:echo "        AiraOS userspace ready"
/home/manan/Aira-Octave/logs/octave-audit-20260908-103825/audit.log:2261:/home/manan/Aira-Octave/initramfs/bin/busybox: ELF 64-bit LSB executable, x86-64, version 1 (GNU/Linux), statically linked, BuildID[sha1]=45585fa7eea9146e74dd8d23ba506c66b4d1b809, for GNU/Linux 3.2.0, stripped
/home/manan/Aira-Octave/logs/octave-audit-20260908-103825/audit.log:2294:-rw-r--r-- 1 manan manan 2.1M Aug 30 07:09 /home/manan/Aira-Octave/initramfs.cpio
/home/manan/Aira-Octave/logs/octave-audit-20260908-103825/audit.log:2295:/home/manan/Aira-Octave/initramfs.cpio: ASCII cpio archive (SVR4 with no CRC)
/home/manan/Aira-Octave/logs/octave-audit-20260908-103825/audit.log:2296:e9effb81e70280ed4d28a48110892aa3be365c07fc4cefb35771ae66eeae877b  /home/manan/Aira-Octave/initramfs.cpio
/home/manan/Aira-Octave/logs/octave-audit-20260908-103825/audit.log:2332:[8/15] Searching for Octave/Aira-specific source...
/home/manan/Aira-Octave/logs/octave-audit-20260908-103825/audit.log:2333:================ OCTAVE/AIRA SOURCE REFERENCES ================
/home/manan/Aira-Octave/logs/octave-audit-20260908-103825/config.sha256:1:2d6f6b3ef65a9cda008ff39d5523e1b250e416e3eb6dc1f58a31684e4fbcd64c  /home/manan/Aira-Octave/linux-7.2.2/.config
/home/manan/Aira-Octave/logs/octave-audit-20260908-103825/initramfs.txt:2:-rwxr-xr-x 2190672 /home/manan/Aira-Octave/initramfs/bin/busybox
/home/manan/Aira-Octave/logs/octave-audit-20260908-103825/initramfs.txt:3:-rwxr-xr-x 642 /home/manan/Aira-Octave/initramfs/init
/home/manan/Aira-Octave/logs/octave-audit-20260908-103825/initramfs.txt:4:drwxr-xr-x 4096 /home/manan/Aira-Octave/initramfs
/home/manan/Aira-Octave/logs/octave-audit-20260908-103825/initramfs.txt:5:drwxr-xr-x 4096 /home/manan/Aira-Octave/initramfs/bin
/home/manan/Aira-Octave/logs/octave-audit-20260908-103825/initramfs.txt:6:drwxr-xr-x 4096 /home/manan/Aira-Octave/initramfs/dev
/home/manan/Aira-Octave/logs/octave-audit-20260908-103825/initramfs.txt:7:drwxr-xr-x 4096 /home/manan/Aira-Octave/initramfs/etc
/home/manan/Aira-Octave/logs/octave-audit-20260908-103825/initramfs.txt:8:drwxr-xr-x 4096 /home/manan/Aira-Octave/initramfs/proc
/home/manan/Aira-Octave/logs/octave-audit-20260908-103825/initramfs.txt:9:drwxr-xr-x 4096 /home/manan/Aira-Octave/initramfs/sys
/home/manan/Aira-Octave/logs/octave-audit-20260908-103825/initramfs.txt:10:lrwxrwxrwx 7 /home/manan/Aira-Octave/initramfs/bin/cat
/home/manan/Aira-Octave/logs/octave-audit-20260908-103825/initramfs.txt:11:lrwxrwxrwx 7 /home/manan/Aira-Octave/initramfs/bin/clear
/home/manan/Aira-Octave/logs/octave-audit-20260908-103825/initramfs.txt:12:lrwxrwxrwx 7 /home/manan/Aira-Octave/initramfs/bin/cp
/home/manan/Aira-Octave/logs/octave-audit-20260908-103825/initramfs.txt:13:lrwxrwxrwx 7 /home/manan/Aira-Octave/initramfs/bin/date
/home/manan/Aira-Octave/logs/octave-audit-20260908-103825/initramfs.txt:14:lrwxrwxrwx 7 /home/manan/Aira-Octave/initramfs/bin/dmesg
/home/manan/Aira-Octave/logs/octave-audit-20260908-103825/initramfs.txt:15:lrwxrwxrwx 7 /home/manan/Aira-Octave/initramfs/bin/echo
/home/manan/Aira-Octave/logs/octave-audit-20260908-103825/initramfs.txt:16:lrwxrwxrwx 7 /home/manan/Aira-Octave/initramfs/bin/free
/home/manan/Aira-Octave/logs/octave-audit-20260908-103825/initramfs.txt:17:lrwxrwxrwx 7 /home/manan/Aira-Octave/initramfs/bin/grep
/home/manan/Aira-Octave/logs/octave-audit-20260908-103825/initramfs.txt:18:lrwxrwxrwx 7 /home/manan/Aira-Octave/initramfs/bin/head
/home/manan/Aira-Octave/logs/octave-audit-20260908-103825/initramfs.txt:19:lrwxrwxrwx 7 /home/manan/Aira-Octave/initramfs/bin/hostname
/home/manan/Aira-Octave/logs/octave-audit-20260908-103825/initramfs.txt:20:lrwxrwxrwx 7 /home/manan/Aira-Octave/initramfs/bin/ls
/home/manan/Aira-Octave/logs/octave-audit-20260908-103825/initramfs.txt:21:lrwxrwxrwx 7 /home/manan/Aira-Octave/initramfs/bin/mkdir
/home/manan/Aira-Octave/logs/octave-audit-20260908-103825/initramfs.txt:22:lrwxrwxrwx 7 /home/manan/Aira-Octave/initramfs/bin/mount
/home/manan/Aira-Octave/logs/octave-audit-20260908-103825/initramfs.txt:23:lrwxrwxrwx 7 /home/manan/Aira-Octave/initramfs/bin/mv
/home/manan/Aira-Octave/logs/octave-audit-20260908-103825/initramfs.txt:24:lrwxrwxrwx 7 /home/manan/Aira-Octave/initramfs/bin/poweroff
/home/manan/Aira-Octave/logs/octave-audit-20260908-103825/initramfs.txt:25:lrwxrwxrwx 7 /home/manan/Aira-Octave/initramfs/bin/ps
/home/manan/Aira-Octave/logs/octave-audit-20260908-103825/initramfs.txt:26:lrwxrwxrwx 7 /home/manan/Aira-Octave/initramfs/bin/pwd
/home/manan/Aira-Octave/logs/octave-audit-20260908-103825/initramfs.txt:27:lrwxrwxrwx 7 /home/manan/Aira-Octave/initramfs/bin/reboot
/home/manan/Aira-Octave/logs/octave-audit-20260908-103825/initramfs.txt:28:lrwxrwxrwx 7 /home/manan/Aira-Octave/initramfs/bin/rm
/home/manan/Aira-Octave/logs/octave-audit-20260908-103825/initramfs.txt:29:lrwxrwxrwx 7 /home/manan/Aira-Octave/initramfs/bin/sh
/home/manan/Aira-Octave/logs/octave-audit-20260908-103825/initramfs.txt:30:lrwxrwxrwx 7 /home/manan/Aira-Octave/initramfs/bin/sleep
/home/manan/Aira-Octave/logs/octave-audit-20260908-103825/initramfs.txt:31:lrwxrwxrwx 7 /home/manan/Aira-Octave/initramfs/bin/tail
/home/manan/Aira-Octave/logs/octave-audit-20260908-103825/initramfs.txt:32:lrwxrwxrwx 7 /home/manan/Aira-Octave/initramfs/bin/uname
/home/manan/Aira-Octave/logs/octave-audit-20260908-103825/initramfs.txt:33:lrwxrwxrwx 7 /home/manan/Aira-Octave/initramfs/bin/wc
/home/manan/Aira-Octave/logs/octave-audit-20260908-103825/initramfs.txt:40:echo "          AIRAOS LINUX"
/home/manan/Aira-Octave/logs/octave-audit-20260908-103825/initramfs.txt:48:echo "AiraOS Linux kernel is alive."
/home/manan/Aira-Octave/logs/octave-audit-20260908-103825/initramfs.txt:64:echo "        AiraOS userspace ready"
/home/manan/Aira-Octave/logs/octave-audit-20260908-103825/initramfs.txt:75:/home/manan/Aira-Octave/initramfs/bin/busybox: ELF 64-bit LSB executable, x86-64, version 1 (GNU/Linux), statically linked, BuildID[sha1]=45585fa7eea9146e74dd8d23ba506c66b4d1b809, for GNU/Linux 3.2.0, stripped
/home/manan/Aira-Octave/logs/octave-audit-20260908-103825/initramfs.txt:108:-rw-r--r-- 1 manan manan 2.1M Aug 30 07:09 /home/manan/Aira-Octave/initramfs.cpio
/home/manan/Aira-Octave/logs/octave-audit-20260908-103825/initramfs.txt:109:/home/manan/Aira-Octave/initramfs.cpio: ASCII cpio archive (SVR4 with no CRC)
/home/manan/Aira-Octave/logs/octave-audit-20260908-103825/initramfs.txt:110:e9effb81e70280ed4d28a48110892aa3be365c07fc4cefb35771ae66eeae877b  /home/manan/Aira-Octave/initramfs.cpio
/home/manan/Aira-Octave/logs/qemu-autonomous-20260830-070926.log:1:AIRA OCTAVE QEMU BOOT
/home/manan/Aira-Octave/logs/qemu-autonomous-20260830-070926.log:2:Kernel: /home/manan/Aira-Octave/linux-7.2.2/arch/x86/boot/bzImage
/home/manan/Aira-Octave/logs/qemu-autonomous-20260830-070926.log:3:Initramfs: /home/manan/Aira-Octave/initramfs.cpio
/home/manan/Aira-Octave/logs/qemu-clean-boot.log:347:          AIRAOS LINUX
/home/manan/Aira-Octave/logs/qemu-clean-boot.log:351:AiraOS Linux kernel is alive.
/home/manan/Aira-Octave/logs/qemu-clean-boot.log:363:        AiraOS userspace ready
/home/manan/Aira-Octave/logs/kernel-foundation-20260830-082619.log:3:AIRA OCTAVE KERNEL FOUNDATION — START
/home/manan/Aira-Octave/logs/kernel-foundation-20260830-082619.log:161:make: Entering directory '/home/manan/Aira-Octave/linux-7.2.2'
/home/manan/Aira-Octave/logs/kernel-foundation-20260830-082619.log:164:make: Leaving directory '/home/manan/Aira-Octave/linux-7.2.2'
/home/manan/Aira-Octave/logs/kernel-foundation-20260830-082619.log:166:-rw-r--r-- 1 manan manan 15M Aug 30 06:20 /home/manan/Aira-Octave/linux-7.2.2/arch/x86/boot/bzImage
/home/manan/Aira-Octave/logs/kernel-foundation-20260830-082619.log:171:/home/manan/Aira-Octave/linux-7.2.2/arch/x86/boot/bzImage: Linux kernel x86 boot executable, bzImage, version 7.2.2 (manan@IPAD-SERVER) #3 SMP PREEMPT_DYNAMIC Sun Aug 30 06:19:50 UTC 2026, RO-rootFS, Normal VGA, setup size 512*39, syssize 0xe5640, jump 0x26c 0x8cd88ec0fc8cd239 instruction, protocol 2.15, from protected-mode code at offset 0x2c4 0xe4585b bytes gzip compressed, relocatable, handover offset 0xe53600, legacy 64-bit entry point, can be above 4G, 32-bit EFI handoff entry point, 64-bit EFI handoff entry point, EFI kexec boot support, xloadflags bit 5, max cmdline size 2047, init_size 0x2aec000
/home/manan/Aira-Octave/logs/kernel-foundation-20260830-082619.log:173:/home/manan/Aira-Octave/linux-7.2.2/arch/x86/boot/bzImage:     file format pei-x86-64
/home/manan/Aira-Octave/logs/kernel-foundation-20260830-082619.log:408:          AIRAOS LINUX
/home/manan/Aira-Octave/logs/kernel-foundation-20260830-082619.log:412:AiraOS Linux kernel is alive.
/home/manan/Aira-Octave/logs/kernel-foundation-20260830-082619.log:424:        AiraOS userspace ready
/home/manan/Aira-Octave/logs/kernel-foundation-20260830-082619.log:441:PASS: AiraOS Linux userspace reached
/home/manan/Aira-Octave/logs/kernel-foundation-20260830-082619.log:484:          AIRAOS LINUX
/home/manan/Aira-Octave/logs/kernel-foundation-20260830-082619.log:485:        AiraOS userspace ready
/home/manan/Aira-Octave/logs/kernel-foundation-20260830-082619.log:563:e9effb81e70280ed4d28a48110892aa3be365c07fc4cefb35771ae66eeae877b  /home/manan/Aira-Octave/initramfs.cpio
/home/manan/Aira-Octave/logs/kernel-foundation-20260830-082619.log:575:make: Entering directory '/home/manan/Aira-Octave/linux-7.2.2'
/home/manan/Aira-Octave/logs/kernel-foundation-20260830-082619.log:578:make: Leaving directory '/home/manan/Aira-Octave/linux-7.2.2'
/home/manan/Aira-Octave/logs/kernel-foundation-20260830-082619.log:585:PASS: K3/K4 boot reaches AiraOS Linux
/home/manan/Aira-Octave/logs/kernel-foundation-20260830-082619.log:593:AIRA OCTAVE KERNEL FOUNDATION REPORT
/home/manan/Aira-Octave/logs/kernel-foundation-20260830-082619.log:610:-rw-r--r-- 1 manan manan 15M Aug 30 06:20 /home/manan/Aira-Octave/linux-7.2.2/arch/x86/boot/bzImage
/home/manan/Aira-Octave/logs/kernel-foundation-20260830-082619.log:611:-rw-r--r-- 1 manan manan 2.1M Aug 30 07:09 /home/manan/Aira-Octave/initramfs.cpio
/home/manan/Aira-Octave/logs/kernel-foundation-20260830-082619.log:645: AIRA OCTAVE K1 + K2 + K3 + K4 VALIDATION COMPLETE
/home/manan/Aira-Octave/logs/kernel-k34-boot-20260830-082619.log:346:          AIRAOS LINUX
/home/manan/Aira-Octave/logs/kernel-k34-boot-20260830-082619.log:350:AiraOS Linux kernel is alive.
/home/manan/Aira-Octave/logs/kernel-k34-boot-20260830-082619.log:362:        AiraOS userspace ready
/home/manan/Aira-Octave/logs/kernel-foundation-boot-20260830-082619.log:347:          AIRAOS LINUX
/home/manan/Aira-Octave/logs/kernel-foundation-boot-20260830-082619.log:351:AiraOS Linux kernel is alive.
/home/manan/Aira-Octave/logs/kernel-foundation-boot-20260830-082619.log:363:        AiraOS userspace ready
/home/manan/Aira-Octave/logs/kernel-build.log:1:make: Entering directory '/home/manan/Aira-Octave/linux-7.2.2'
/home/manan/Aira-Octave/logs/kernel-build.log:3:  CC      /home/manan/Aira-Octave/linux-7.2.2/tools/objtool/libsubcmd/exec-cmd.o
/home/manan/Aira-Octave/logs/kernel-build.log:4:  CC      /home/manan/Aira-Octave/linux-7.2.2/tools/objtool/libsubcmd/help.o
/home/manan/Aira-Octave/logs/kernel-build.log:5:  CC      /home/manan/Aira-Octave/linux-7.2.2/tools/objtool/libsubcmd/pager.o
/home/manan/Aira-Octave/logs/kernel-build.log:6:  CC      /home/manan/Aira-Octave/linux-7.2.2/tools/objtool/libsubcmd/parse-options.o
/home/manan/Aira-Octave/logs/kernel-build.log:7:  CC      /home/manan/Aira-Octave/linux-7.2.2/tools/objtool/libsubcmd/run-command.o
/home/manan/Aira-Octave/logs/kernel-build.log:8:  CC      /home/manan/Aira-Octave/linux-7.2.2/tools/objtool/libsubcmd/sigchain.o
/home/manan/Aira-Octave/logs/kernel-build.log:9:  CC      /home/manan/Aira-Octave/linux-7.2.2/tools/objtool/libsubcmd/subcmd-config.o
/home/manan/Aira-Octave/logs/kernel-build.log:10:  LD      /home/manan/Aira-Octave/linux-7.2.2/tools/objtool/libsubcmd/libsubcmd-in.o
/home/manan/Aira-Octave/logs/kernel-build.log:11:  AR      /home/manan/Aira-Octave/linux-7.2.2/tools/objtool/libsubcmd/libsubcmd.a
/home/manan/Aira-Octave/logs/kernel-build.log:12:  CC      /home/manan/Aira-Octave/linux-7.2.2/tools/objtool/weak.o
/home/manan/Aira-Octave/logs/kernel-build.log:13:  CC      /home/manan/Aira-Octave/linux-7.2.2/tools/objtool/check.o
/home/manan/Aira-Octave/logs/kernel-build.log:14:  CC      /home/manan/Aira-Octave/linux-7.2.2/tools/objtool/special.o
/home/manan/Aira-Octave/logs/kernel-build.log:15:  CC      /home/manan/Aira-Octave/linux-7.2.2/tools/objtool/builtin-check.o
/home/manan/Aira-Octave/logs/kernel-build.log:16:  CC      /home/manan/Aira-Octave/linux-7.2.2/tools/objtool/elf.o
/home/manan/Aira-Octave/logs/kernel-build.log:17:  CC      /home/manan/Aira-Octave/linux-7.2.2/tools/objtool/objtool.o
/home/manan/Aira-Octave/logs/kernel-build.log:18:  CC      /home/manan/Aira-Octave/linux-7.2.2/tools/objtool/orc_gen.o
/home/manan/Aira-Octave/logs/kernel-build.log:19:  CC      /home/manan/Aira-Octave/linux-7.2.2/tools/objtool/arch/x86/decode.o
/home/manan/Aira-Octave/logs/kernel-build.log:20:  CC      /home/manan/Aira-Octave/linux-7.2.2/tools/objtool/orc_dump.o
/home/manan/Aira-Octave/logs/kernel-build.log:21:  CC      /home/manan/Aira-Octave/linux-7.2.2/tools/objtool/libstring.o
/home/manan/Aira-Octave/logs/kernel-build.log:22:  CC      /home/manan/Aira-Octave/linux-7.2.2/tools/objtool/libctype.o
/home/manan/Aira-Octave/logs/kernel-build.log:23:  CC      /home/manan/Aira-Octave/linux-7.2.2/tools/objtool/str_error_r.o
/home/manan/Aira-Octave/logs/kernel-build.log:24:  CC      /home/manan/Aira-Octave/linux-7.2.2/tools/objtool/librbtree.o
/home/manan/Aira-Octave/logs/kernel-build.log:25:  CC      /home/manan/Aira-Octave/linux-7.2.2/tools/objtool/signal.o
/home/manan/Aira-Octave/logs/kernel-build.log:26:  CC      /home/manan/Aira-Octave/linux-7.2.2/tools/objtool/arch/x86/special.o
/home/manan/Aira-Octave/logs/kernel-build.log:27:  CC      /home/manan/Aira-Octave/linux-7.2.2/tools/objtool/arch/x86/orc.o
/home/manan/Aira-Octave/logs/kernel-build.log:28:  LD      /home/manan/Aira-Octave/linux-7.2.2/tools/objtool/arch/x86/objtool-in.o
/home/manan/Aira-Octave/logs/kernel-build.log:29:  LD      /home/manan/Aira-Octave/linux-7.2.2/tools/objtool/objtool-in.o
/home/manan/Aira-Octave/logs/kernel-build.log:30:  LINK    /home/manan/Aira-Octave/linux-7.2.2/tools/objtool/objtool
/home/manan/Aira-Octave/logs/kernel-build.log:78:make: Leaving directory '/home/manan/Aira-Octave/linux-7.2.2'
/home/manan/Aira-Octave/logs/autonomous-full-20260830-070926.log:7:PWD=/home/manan/Aira-Octave
/home/manan/Aira-Octave/logs/autonomous-full-20260830-070926.log:58:echo "          AIRAOS LINUX"
/home/manan/Aira-Octave/logs/autonomous-full-20260830-070926.log:66:echo "AiraOS Linux kernel is alive."
/home/manan/Aira-Octave/logs/autonomous-full-20260830-070926.log:82:echo "        AiraOS userspace ready"
/home/manan/Aira-Octave/logs/autonomous-full-20260830-070926.log:111:make: Entering directory '/home/manan/Aira-Octave/linux-7.2.2'
/home/manan/Aira-Octave/logs/autonomous-full-20260830-070926.log:114:make: Leaving directory '/home/manan/Aira-Octave/linux-7.2.2'
/home/manan/Aira-Octave/logs/AIRA-OCTAVE-BUILD-REPORT.txt:1:AIRA OCTAVE BUILD REPORT
/home/manan/Aira-Octave/logs/AIRA-OCTAVE-BUILD-REPORT.txt:17:          AIRAOS LINUX
/home/manan/Aira-Octave/logs/AIRA-OCTAVE-BUILD-REPORT.txt:18:AiraOS Linux kernel is alive.
/home/manan/Aira-Octave/logs/AIRA-OCTAVE-BUILD-REPORT.txt:19:        AiraOS userspace ready
/home/manan/Aira-Octave/logs/qemu-boot.log:358:          AIRAOS LINUX
/home/manan/Aira-Octave/logs/qemu-boot.log:362:AiraOS Linux kernel is alive.
/home/manan/Aira-Octave/logs/qemu-boot.log:375:        AiraOS userspace ready
/home/manan/Aira-Octave/logs/initramfs-20260830-082619.sha256:1:e9effb81e70280ed4d28a48110892aa3be365c07fc4cefb35771ae66eeae877b  /home/manan/Aira-Octave/initramfs.cpio
/home/manan/Aira-Octave/logs/autonomous-20260830-063845.log:1:]3008;start=566b14ce-8641-447f-84fe-de1273ad84a7;machineid=2d236954e62b4bd9991cea01e2ca4c85;user=manan;hostname=IPAD-SERVER;bootid=929f66c4-ee84-4cc0-bc60-99c238e9c7a2;pid=00000000000000078713;type=command;cwd=/home/manan/Aira-Octave\]3008;start=566b14ce-8641-447f-84fe-de1273ad84a7;machineid=2d236954e62b4bd9991cea01e2ca4c85;user=manan;hostname=IPAD-SERVER;bootid=929f66c4-ee84-4cc0-bc60-99c238e9c7a2;pid=00000000000000078713;type=command;cwd=/home/manan/Aira-Octave\==============================================================
/home/manan/Aira-Octave/logs/autonomous-20260830-063845.log:2:]3008;start=566b14ce-8641-447f-84fe-de1273ad84a7;machineid=2d236954e62b4bd9991cea01e2ca4c85;user=manan;hostname=IPAD-SERVER;bootid=929f66c4-ee84-4cc0-bc60-99c238e9c7a2;pid=00000000000000078713;type=command;cwd=/home/manan/Aira-Octave\              AIRA OCTAVE AUTONOMOUS RUN
/home/manan/Aira-Octave/logs/autonomous-20260830-063845.log:3:]3008;start=566b14ce-8641-447f-84fe-de1273ad84a7;machineid=2d236954e62b4bd9991cea01e2ca4c85;user=manan;hostname=IPAD-SERVER;bootid=929f66c4-ee84-4cc0-bc60-99c238e9c7a2;pid=00000000000000078713;type=command;cwd=/home/manan/Aira-Octave\==============================================================
/home/manan/Aira-Octave/logs/autonomous-20260830-063845.log:4:]3008;start=566b14ce-8641-447f-84fe-de1273ad84a7;machineid=2d236954e62b4bd9991cea01e2ca4c85;user=manan;hostname=IPAD-SERVER;bootid=929f66c4-ee84-4cc0-bc60-99c238e9c7a2;pid=00000000000000078713;type=command;cwd=/home/manan/Aira-Octave\Sun Aug 30 06:38:45 UTC 2026
/home/manan/Aira-Octave/logs/autonomous-20260830-063845.log:5:]3008;start=566b14ce-8641-447f-84fe-de1273ad84a7;machineid=2d236954e62b4bd9991cea01e2ca4c85;user=manan;hostname=IPAD-SERVER;bootid=929f66c4-ee84-4cc0-bc60-99c238e9c7a2;pid=00000000000000078713;type=command;cwd=/home/manan/Aira-Octave\HOST=IPAD-SERVER
/home/manan/Aira-Octave/logs/autonomous-20260830-063845.log:6:]3008;start=566b14ce-8641-447f-84fe-de1273ad84a7;machineid=2d236954e62b4bd9991cea01e2ca4c85;user=manan;hostname=IPAD-SERVER;bootid=929f66c4-ee84-4cc0-bc60-99c238e9c7a2;pid=00000000000000078713;type=command;cwd=/home/manan/Aira-Octave\PWD=/home/manan/Aira-Octave
/home/manan/Aira-Octave/logs/autonomous-20260830-063845.log:7:]3008;start=566b14ce-8641-447f-84fe-de1273ad84a7;machineid=2d236954e62b4bd9991cea01e2ca4c85;user=manan;hostname=IPAD-SERVER;bootid=929f66c4-ee84-4cc0-bc60-99c238e9c7a2;pid=00000000000000078713;type=command;cwd=/home/manan/Aira-Octave\
/home/manan/Aira-Octave/logs/autonomous-20260830-063845.log:8:]3008;start=566b14ce-8641-447f-84fe-de1273ad84a7;machineid=2d236954e62b4bd9991cea01e2ca4c85;user=manan;hostname=IPAD-SERVER;bootid=929f66c4-ee84-4cc0-bc60-99c238e9c7a2;pid=00000000000000078713;type=command;cwd=/home/manan/Aira-Octave\==============================================================
/home/manan/Aira-Octave/logs/autonomous-20260830-063845.log:9:]3008;start=566b14ce-8641-447f-84fe-de1273ad84a7;machineid=2d236954e62b4bd9991cea01e2ca4c85;user=manan;hostname=IPAD-SERVER;bootid=929f66c4-ee84-4cc0-bc60-99c238e9c7a2;pid=00000000000000078713;type=command;cwd=/home/manan/Aira-Octave\1. GIT BASELINE
/home/manan/Aira-Octave/logs/autonomous-20260830-063845.log:10:]3008;start=566b14ce-8641-447f-84fe-de1273ad84a7;machineid=2d236954e62b4bd9991cea01e2ca4c85;user=manan;hostname=IPAD-SERVER;bootid=929f66c4-ee84-4cc0-bc60-99c238e9c7a2;pid=00000000000000078713;type=command;cwd=/home/manan/Aira-Octave\==============================================================
/home/manan/Aira-Octave/logs/autonomous-20260830-063845.log:11:]3008;start=566b14ce-8641-447f-84fe-de1273ad84a7;machineid=2d236954e62b4bd9991cea01e2ca4c85;user=manan;hostname=IPAD-SERVER;bootid=929f66c4-ee84-4cc0-bc60-99c238e9c7a2;pid=00000000000000078713;type=command;cwd=/home/manan/Aira-Octave\On branch main
/home/manan/Aira-Octave/logs/autonomous-20260830-063845.log:15:]3008;start=566b14ce-8641-447f-84fe-de1273ad84a7;machineid=2d236954e62b4bd9991cea01e2ca4c85;user=manan;hostname=IPAD-SERVER;bootid=929f66c4-ee84-4cc0-bc60-99c238e9c7a2;pid=00000000000000078713;type=command;cwd=/home/manan/Aira-Octave\1eec0061e test: rebuild and boot-test Aira Octave
/home/manan/Aira-Octave/logs/autonomous-20260830-063845.log:17:f677e7377 feat: boot AiraOS Linux userspace
/home/manan/Aira-Octave/logs/autonomous-20260830-063845.log:18:]3008;start=566b14ce-8641-447f-84fe-de1273ad84a7;machineid=2d236954e62b4bd9991cea01e2ca4c85;user=manan;hostname=IPAD-SERVER;bootid=929f66c4-ee84-4cc0-bc60-99c238e9c7a2;pid=00000000000000078713;type=command;cwd=/home/manan/Aira-Octave\origin	https://github.com/manansulya01/Aira-Octave.git (fetch)
/home/manan/Aira-Octave/logs/autonomous-20260830-063845.log:19:origin	https://github.com/manansulya01/Aira-Octave.git (push)
/home/manan/Aira-Octave/logs/autonomous-20260830-063845.log:20:]3008;start=566b14ce-8641-447f-84fe-de1273ad84a7;machineid=2d236954e62b4bd9991cea01e2ca4c85;user=manan;hostname=IPAD-SERVER;bootid=929f66c4-ee84-4cc0-bc60-99c238e9c7a2;pid=00000000000000078713;type=command;cwd=/home/manan/Aira-Octave\
/home/manan/Aira-Octave/logs/autonomous-20260830-063845.log:21:]3008;start=566b14ce-8641-447f-84fe-de1273ad84a7;machineid=2d236954e62b4bd9991cea01e2ca4c85;user=manan;hostname=IPAD-SERVER;bootid=929f66c4-ee84-4cc0-bc60-99c238e9c7a2;pid=00000000000000078713;type=command;cwd=/home/manan/Aira-Octave\Tracked files:
/home/manan/Aira-Octave/logs/autonomous-20260830-063845.log:22:]3008;start=566b14ce-8641-447f-84fe-de1273ad84a7;machineid=2d236954e62b4bd9991cea01e2ca4c85;user=manan;hostname=IPAD-SERVER;bootid=929f66c4-ee84-4cc0-bc60-99c238e9c7a2;pid=00000000000000078713;type=command;cwd=/home/manan/Aira-Octave\94887
/home/manan/Aira-Octave/logs/autonomous-20260830-063845.log:23:]3008;start=566b14ce-8641-447f-84fe-de1273ad84a7;machineid=2d236954e62b4bd9991cea01e2ca4c85;user=manan;hostname=IPAD-SERVER;bootid=929f66c4-ee84-4cc0-bc60-99c238e9c7a2;pid=00000000000000078713;type=command;cwd=/home/manan/Aira-Octave\
/home/manan/Aira-Octave/logs/autonomous-20260830-063845.log:24:]3008;start=566b14ce-8641-447f-84fe-de1273ad84a7;machineid=2d236954e62b4bd9991cea01e2ca4c85;user=manan;hostname=IPAD-SERVER;bootid=929f66c4-ee84-4cc0-bc60-99c238e9c7a2;pid=00000000000000078713;type=command;cwd=/home/manan/Aira-Octave\Large tracked files:
/home/manan/Aira-Octave/logs/autonomous-20260830-063845.log:25:]3008;start=566b14ce-8641-447f-84fe-de1273ad84a7;machineid=2d236954e62b4bd9991cea01e2ca4c85;user=manan;hostname=IPAD-SERVER;bootid=929f66c4-ee84-4cc0-bc60-99c238e9c7a2;pid=00000000000000078713;type=command;cwd=/home/manan/Aira-Octave\6.3M	linux-7.2.2/drivers/gpu/drm/amd/include/asic_reg/dcn/dcn_3_1_5_sh_mask.h
/home/manan/Aira-Octave/logs/autonomous-20260830-063845.log:45:]3008;start=566b14ce-8641-447f-84fe-de1273ad84a7;machineid=2d236954e62b4bd9991cea01e2ca4c85;user=manan;hostname=IPAD-SERVER;bootid=929f66c4-ee84-4cc0-bc60-99c238e9c7a2;pid=00000000000000078713;type=command;cwd=/home/manan/Aira-Octave\
/home/manan/Aira-Octave/logs/autonomous-20260830-063845.log:46:]3008;start=566b14ce-8641-447f-84fe-de1273ad84a7;machineid=2d236954e62b4bd9991cea01e2ca4c85;user=manan;hostname=IPAD-SERVER;bootid=929f66c4-ee84-4cc0-bc60-99c238e9c7a2;pid=00000000000000078713;type=command;cwd=/home/manan/Aira-Octave\Huge Linux archive check:
/home/manan/Aira-Octave/logs/autonomous-20260830-063845.log:47:]3008;start=566b14ce-8641-447f-84fe-de1273ad84a7;machineid=2d236954e62b4bd9991cea01e2ca4c85;user=manan;hostname=IPAD-SERVER;bootid=929f66c4-ee84-4cc0-bc60-99c238e9c7a2;pid=00000000000000078713;type=command;cwd=/home/manan/Aira-Octave\OK: linux-7.2.2.tar.xz NOT TRACKED
/home/manan/Aira-Octave/logs/autonomous-20260830-063845.log:48:]3008;start=566b14ce-8641-447f-84fe-de1273ad84a7;machineid=2d236954e62b4bd9991cea01e2ca4c85;user=manan;hostname=IPAD-SERVER;bootid=929f66c4-ee84-4cc0-bc60-99c238e9c7a2;pid=00000000000000078713;type=command;cwd=/home/manan/Aira-Octave\
/home/manan/Aira-Octave/logs/autonomous-20260830-063845.log:49:]3008;start=566b14ce-8641-447f-84fe-de1273ad84a7;machineid=2d236954e62b4bd9991cea01e2ca4c85;user=manan;hostname=IPAD-SERVER;bootid=929f66c4-ee84-4cc0-bc60-99c238e9c7a2;pid=00000000000000078713;type=command;cwd=/home/manan/Aira-Octave\==============================================================
/home/manan/Aira-Octave/logs/autonomous-20260830-063845.log:50:]3008;start=566b14ce-8641-447f-84fe-de1273ad84a7;machineid=2d236954e62b4bd9991cea01e2ca4c85;user=manan;hostname=IPAD-SERVER;bootid=929f66c4-ee84-4cc0-bc60-99c238e9c7a2;pid=00000000000000078713;type=command;cwd=/home/manan/Aira-Octave\2. PROJECT STRUCTURE
/home/manan/Aira-Octave/logs/autonomous-20260830-063845.log:51:]3008;start=566b14ce-8641-447f-84fe-de1273ad84a7;machineid=2d236954e62b4bd9991cea01e2ca4c85;user=manan;hostname=IPAD-SERVER;bootid=929f66c4-ee84-4cc0-bc60-99c238e9c7a2;pid=00000000000000078713;type=command;cwd=/home/manan/Aira-Octave\==============================================================
/home/manan/Aira-Octave/logs/autonomous-20260830-063845.log:52:]3008;start=566b14ce-8641-447f-84fe-de1273ad84a7;machineid=2d236954e62b4bd9991cea01e2ca4c85;user=manan;hostname=IPAD-SERVER;bootid=929f66c4-ee84-4cc0-bc60-99c238e9c7a2;pid=00000000000000078713;type=command;cwd=/home/manan/Aira-Octave\./.gitignore
/home/manan/Aira-Octave/logs/autonomous-20260830-063845.log:53:./configs/airaos-x86_64-working.config
/home/manan/Aira-Octave/logs/autonomous-20260830-063845.log:54:./configs/airaos-x86_64.config
/home/manan/Aira-Octave/logs/autonomous-20260830-063845.log:58:./logs/AIRA-OCTAVE-BUILD-REPORT.txt
/home/manan/Aira-Octave/logs/autonomous-20260830-063845.log:64:./test/airaos-bzImage
/home/manan/Aira-Octave/logs/autonomous-20260830-063845.log:65:]3008;start=566b14ce-8641-447f-84fe-de1273ad84a7;machineid=2d236954e62b4bd9991cea01e2ca4c85;user=manan;hostname=IPAD-SERVER;bootid=929f66c4-ee84-4cc0-bc60-99c238e9c7a2;pid=00000000000000078713;type=command;cwd=/home/manan/Aira-Octave\
/home/manan/Aira-Octave/logs/autonomous-20260830-063845.log:66:]3008;start=566b14ce-8641-447f-84fe-de1273ad84a7;machineid=2d236954e62b4bd9991cea01e2ca4c85;user=manan;hostname=IPAD-SERVER;bootid=929f66c4-ee84-4cc0-bc60-99c238e9c7a2;pid=00000000000000078713;type=command;cwd=/home/manan/Aira-Octave\==============================================================
/home/manan/Aira-Octave/logs/autonomous-20260830-063845.log:67:]3008;start=566b14ce-8641-447f-84fe-de1273ad84a7;machineid=2d236954e62b4bd9991cea01e2ca4c85;user=manan;hostname=IPAD-SERVER;bootid=929f66c4-ee84-4cc0-bc60-99c238e9c7a2;pid=00000000000000078713;type=command;cwd=/home/manan/Aira-Octave\3. TOOLCHAIN
/home/manan/Aira-Octave/logs/autonomous-20260830-063845.log:68:]3008;start=566b14ce-8641-447f-84fe-de1273ad84a7;machineid=2d236954e62b4bd9991cea01e2ca4c85;user=manan;hostname=IPAD-SERVER;bootid=929f66c4-ee84-4cc0-bc60-99c238e9c7a2;pid=00000000000000078713;type=command;cwd=/home/manan/Aira-Octave\==============================================================
/home/manan/Aira-Octave/logs/autonomous-20260830-063845.log:69:]3008;start=566b14ce-8641-447f-84fe-de1273ad84a7;machineid=2d236954e62b4bd9991cea01e2ca4c85;user=manan;hostname=IPAD-SERVER;bootid=929f66c4-ee84-4cc0-bc60-99c238e9c7a2;pid=00000000000000078713;type=command;cwd=/home/manan/Aira-Octave\OK   gcc -> /usr/bin/gcc
/home/manan/Aira-Octave/logs/autonomous-20260830-063845.log:88:]3008;start=566b14ce-8641-447f-84fe-de1273ad84a7;machineid=2d236954e62b4bd9991cea01e2ca4c85;user=manan;hostname=IPAD-SERVER;bootid=929f66c4-ee84-4cc0-bc60-99c238e9c7a2;pid=00000000000000078713;type=command;cwd=/home/manan/Aira-Octave\
/home/manan/Aira-Octave/logs/autonomous-20260830-063845.log:89:]3008;start=566b14ce-8641-447f-84fe-de1273ad84a7;machineid=2d236954e62b4bd9991cea01e2ca4c85;user=manan;hostname=IPAD-SERVER;bootid=929f66c4-ee84-4cc0-bc60-99c238e9c7a2;pid=00000000000000078713;type=command;cwd=/home/manan/Aira-Octave\gcc (Ubuntu 15.2.0-16ubuntu1) 15.2.0
/home/manan/Aira-Octave/logs/autonomous-20260830-063845.log:90:]3008;start=566b14ce-8641-447f-84fe-de1273ad84a7;machineid=2d236954e62b4bd9991cea01e2ca4c85;user=manan;hostname=IPAD-SERVER;bootid=929f66c4-ee84-4cc0-bc60-99c238e9c7a2;pid=00000000000000078713;type=command;cwd=/home/manan/Aira-Octave\GNU Make 4.4.1
/home/manan/Aira-Octave/logs/autonomous-20260830-063845.log:91:]3008;start=566b14ce-8641-447f-84fe-de1273ad84a7;machineid=2d236954e62b4bd9991cea01e2ca4c85;user=manan;hostname=IPAD-SERVER;bootid=929f66c4-ee84-4cc0-bc60-99c238e9c7a2;pid=00000000000000078713;type=command;cwd=/home/manan/Aira-Octave\GNU ld (GNU Binutils for Ubuntu) 2.46
/home/manan/Aira-Octave/logs/autonomous-20260830-063845.log:92:]3008;start=566b14ce-8641-447f-84fe-de1273ad84a7;machineid=2d236954e62b4bd9991cea01e2ca4c85;user=manan;hostname=IPAD-SERVER;bootid=929f66c4-ee84-4cc0-bc60-99c238e9c7a2;pid=00000000000000078713;type=command;cwd=/home/manan/Aira-Octave\QEMU emulator version 10.2.1 (Debian 1:10.2.1+ds-1ubuntu3.2)
/home/manan/Aira-Octave/logs/autonomous-20260830-063845.log:93:]3008;start=566b14ce-8641-447f-84fe-de1273ad84a7;machineid=2d236954e62b4bd9991cea01e2ca4c85;user=manan;hostname=IPAD-SERVER;bootid=929f66c4-ee84-4cc0-bc60-99c238e9c7a2;pid=00000000000000078713;type=command;cwd=/home/manan/Aira-Octave\cpio (GNU cpio) 2.15
/home/manan/Aira-Octave/logs/autonomous-20260830-063845.log:94:]3008;start=566b14ce-8641-447f-84fe-de1273ad84a7;machineid=2d236954e62b4bd9991cea01e2ca4c85;user=manan;hostname=IPAD-SERVER;bootid=929f66c4-ee84-4cc0-bc60-99c238e9c7a2;pid=00000000000000078713;type=command;cwd=/home/manan/Aira-Octave\
/home/manan/Aira-Octave/logs/autonomous-20260830-063845.log:95:]3008;start=566b14ce-8641-447f-84fe-de1273ad84a7;machineid=2d236954e62b4bd9991cea01e2ca4c85;user=manan;hostname=IPAD-SERVER;bootid=929f66c4-ee84-4cc0-bc60-99c238e9c7a2;pid=00000000000000078713;type=command;cwd=/home/manan/Aira-Octave\==============================================================
/home/manan/Aira-Octave/logs/autonomous-20260830-063845.log:96:]3008;start=566b14ce-8641-447f-84fe-de1273ad84a7;machineid=2d236954e62b4bd9991cea01e2ca4c85;user=manan;hostname=IPAD-SERVER;bootid=929f66c4-ee84-4cc0-bc60-99c238e9c7a2;pid=00000000000000078713;type=command;cwd=/home/manan/Aira-Octave\4. LINUX SOURCE / CONFIG AUDIT
/home/manan/Aira-Octave/logs/autonomous-20260830-063845.log:97:]3008;start=566b14ce-8641-447f-84fe-de1273ad84a7;machineid=2d236954e62b4bd9991cea01e2ca4c85;user=manan;hostname=IPAD-SERVER;bootid=929f66c4-ee84-4cc0-bc60-99c238e9c7a2;pid=00000000000000078713;type=command;cwd=/home/manan/Aira-Octave\==============================================================
/home/manan/Aira-Octave/logs/autonomous-20260830-063845.log:98:]3008;start=566b14ce-8641-447f-84fe-de1273ad84a7;machineid=2d236954e62b4bd9991cea01e2ca4c85;user=manan;hostname=IPAD-SERVER;bootid=929f66c4-ee84-4cc0-bc60-99c238e9c7a2;pid=00000000000000078713;type=command;cwd=/home/manan/Aira-Octave\Linux source PRESENT
/home/manan/Aira-Octave/logs/autonomous-20260830-063845.log:99:]3008;start=566b14ce-8641-447f-84fe-de1273ad84a7;machineid=2d236954e62b4bd9991cea01e2ca4c85;user=manan;hostname=IPAD-SERVER;bootid=929f66c4-ee84-4cc0-bc60-99c238e9c7a2;pid=00000000000000078713;type=command;cwd=/home/manan/Aira-Octave\Kernel config PRESENT
/home/manan/Aira-Octave/logs/autonomous-20260830-063845.log:100:]3008;start=566b14ce-8641-447f-84fe-de1273ad84a7;machineid=2d236954e62b4bd9991cea01e2ca4c85;user=manan;hostname=IPAD-SERVER;bootid=929f66c4-ee84-4cc0-bc60-99c238e9c7a2;pid=00000000000000078713;type=command;cwd=/home/manan/Aira-Octave\
/home/manan/Aira-Octave/logs/autonomous-20260830-063845.log:101:]3008;start=566b14ce-8641-447f-84fe-de1273ad84a7;machineid=2d236954e62b4bd9991cea01e2ca4c85;user=manan;hostname=IPAD-SERVER;bootid=929f66c4-ee84-4cc0-bc60-99c238e9c7a2;pid=00000000000000078713;type=command;cwd=/home/manan/Aira-Octave\===== IMPORTANT CONFIG =====
/home/manan/Aira-Octave/logs/autonomous-20260830-063845.log:102:]3008;start=566b14ce-8641-447f-84fe-de1273ad84a7;machineid=2d236954e62b4bd9991cea01e2ca4c85;user=manan;hostname=IPAD-SERVER;bootid=929f66c4-ee84-4cc0-bc60-99c238e9c7a2;pid=00000000000000078713;type=command;cwd=/home/manan/Aira-Octave\CONFIG_PREEMPT_DYNAMIC=y
/home/manan/Aira-Octave/logs/autonomous-20260830-063845.log:125:]3008;start=566b14ce-8641-447f-84fe-de1273ad84a7;machineid=2d236954e62b4bd9991cea01e2ca4c85;user=manan;hostname=IPAD-SERVER;bootid=929f66c4-ee84-4cc0-bc60-99c238e9c7a2;pid=00000000000000078713;type=command;cwd=/home/manan/Aira-Octave\
/home/manan/Aira-Octave/logs/autonomous-20260830-063845.log:126:]3008;start=566b14ce-8641-447f-84fe-de1273ad84a7;machineid=2d236954e62b4bd9991cea01e2ca4c85;user=manan;hostname=IPAD-SERVER;bootid=929f66c4-ee84-4cc0-bc60-99c238e9c7a2;pid=00000000000000078713;type=command;cwd=/home/manan/Aira-Octave\===== CPU CONFIG =====
/home/manan/Aira-Octave/logs/autonomous-20260830-063845.log:127:]3008;start=566b14ce-8641-447f-84fe-de1273ad84a7;machineid=2d236954e62b4bd9991cea01e2ca4c85;user=manan;hostname=IPAD-SERVER;bootid=929f66c4-ee84-4cc0-bc60-99c238e9c7a2;pid=00000000000000078713;type=command;cwd=/home/manan/Aira-Octave\CONFIG_NR_CPUS=64
/home/manan/Aira-Octave/logs/autonomous-20260830-063845.log:128:]3008;start=566b14ce-8641-447f-84fe-de1273ad84a7;machineid=2d236954e62b4bd9991cea01e2ca4c85;user=manan;hostname=IPAD-SERVER;bootid=929f66c4-ee84-4cc0-bc60-99c238e9c7a2;pid=00000000000000078713;type=command;cwd=/home/manan/Aira-Octave\
/home/manan/Aira-Octave/logs/autonomous-20260830-063845.log:129:]3008;start=566b14ce-8641-447f-84fe-de1273ad84a7;machineid=2d236954e62b4bd9991cea01e2ca4c85;user=manan;hostname=IPAD-SERVER;bootid=929f66c4-ee84-4cc0-bc60-99c238e9c7a2;pid=00000000000000078713;type=command;cwd=/home/manan/Aira-Octave\===== KERNEL VERSION =====
/home/manan/Aira-Octave/logs/autonomous-20260830-063845.log:130:]3008;start=566b14ce-8641-447f-84fe-de1273ad84a7;machineid=2d236954e62b4bd9991cea01e2ca4c85;user=manan;hostname=IPAD-SERVER;bootid=929f66c4-ee84-4cc0-bc60-99c238e9c7a2;pid=00000000000000078713;type=command;cwd=/home/manan/Aira-Octave\7.2.2
/home/manan/Aira-Octave/logs/autonomous-20260830-063845.log:131:]3008;start=566b14ce-8641-447f-84fe-de1273ad84a7;machineid=2d236954e62b4bd9991cea01e2ca4c85;user=manan;hostname=IPAD-SERVER;bootid=929f66c4-ee84-4cc0-bc60-99c238e9c7a2;pid=00000000000000078713;type=command;cwd=/home/manan/Aira-Octave\
/home/manan/Aira-Octave/logs/autonomous-20260830-063845.log:132:]3008;start=566b14ce-8641-447f-84fe-de1273ad84a7;machineid=2d236954e62b4bd9991cea01e2ca4c85;user=manan;hostname=IPAD-SERVER;bootid=929f66c4-ee84-4cc0-bc60-99c238e9c7a2;pid=00000000000000078713;type=command;cwd=/home/manan/Aira-Octave\==============================================================
/home/manan/Aira-Octave/logs/autonomous-20260830-063845.log:133:]3008;start=566b14ce-8641-447f-84fe-de1273ad84a7;machineid=2d236954e62b4bd9991cea01e2ca4c85;user=manan;hostname=IPAD-SERVER;bootid=929f66c4-ee84-4cc0-bc60-99c238e9c7a2;pid=00000000000000078713;type=command;cwd=/home/manan/Aira-Octave\5. KERNEL ARTIFACT AUDIT
/home/manan/Aira-Octave/logs/autonomous-20260830-063845.log:134:]3008;start=566b14ce-8641-447f-84fe-de1273ad84a7;machineid=2d236954e62b4bd9991cea01e2ca4c85;user=manan;hostname=IPAD-SERVER;bootid=929f66c4-ee84-4cc0-bc60-99c238e9c7a2;pid=00000000000000078713;type=command;cwd=/home/manan/Aira-Octave\==============================================================
/home/manan/Aira-Octave/logs/autonomous-20260830-063845.log:135:]3008;start=566b14ce-8641-447f-84fe-de1273ad84a7;machineid=2d236954e62b4bd9991cea01e2ca4c85;user=manan;hostname=IPAD-SERVER;bootid=929f66c4-ee84-4cc0-bc60-99c238e9c7a2;pid=00000000000000078713;type=command;cwd=/home/manan/Aira-Octave\-rwxr-xr-x 1 manan manan 52M Aug 30 06:20 linux-7.2.2/vmlinux
/home/manan/Aira-Octave/logs/autonomous-20260830-063845.log:143:]3008;start=566b14ce-8641-447f-84fe-de1273ad84a7;machineid=2d236954e62b4bd9991cea01e2ca4c85;user=manan;hostname=IPAD-SERVER;bootid=929f66c4-ee84-4cc0-bc60-99c238e9c7a2;pid=00000000000000078713;type=command;cwd=/home/manan/Aira-Octave\
/home/manan/Aira-Octave/logs/autonomous-20260830-063845.log:144:]3008;start=566b14ce-8641-447f-84fe-de1273ad84a7;machineid=2d236954e62b4bd9991cea01e2ca4c85;user=manan;hostname=IPAD-SERVER;bootid=929f66c4-ee84-4cc0-bc60-99c238e9c7a2;pid=00000000000000078713;type=command;cwd=/home/manan/Aira-Octave\==============================================================
/home/manan/Aira-Octave/logs/autonomous-20260830-063845.log:145:]3008;start=566b14ce-8641-447f-84fe-de1273ad84a7;machineid=2d236954e62b4bd9991cea01e2ca4c85;user=manan;hostname=IPAD-SERVER;bootid=929f66c4-ee84-4cc0-bc60-99c238e9c7a2;pid=00000000000000078713;type=command;cwd=/home/manan/Aira-Octave\6. INITRAMFS AUDIT
/home/manan/Aira-Octave/logs/autonomous-20260830-063845.log:146:]3008;start=566b14ce-8641-447f-84fe-de1273ad84a7;machineid=2d236954e62b4bd9991cea01e2ca4c85;user=manan;hostname=IPAD-SERVER;bootid=929f66c4-ee84-4cc0-bc60-99c238e9c7a2;pid=00000000000000078713;type=command;cwd=/home/manan/Aira-Octave\==============================================================
/home/manan/Aira-Octave/logs/autonomous-20260830-063845.log:147:]3008;start=566b14ce-8641-447f-84fe-de1273ad84a7;machineid=2d236954e62b4bd9991cea01e2ca4c85;user=manan;hostname=IPAD-SERVER;bootid=929f66c4-ee84-4cc0-bc60-99c238e9c7a2;pid=00000000000000078713;type=command;cwd=/home/manan/Aira-Octave\-rw-r--r-- 1 manan manan 2.1M Aug 30 06:20 initramfs.cpio
/home/manan/Aira-Octave/logs/autonomous-20260830-063845.log:202:]3008;start=566b14ce-8641-447f-84fe-de1273ad84a7;machineid=2d236954e62b4bd9991cea01e2ca4c85;user=manan;hostname=IPAD-SERVER;bootid=929f66c4-ee84-4cc0-bc60-99c238e9c7a2;pid=00000000000000078713;type=command;cwd=/home/manan/Aira-Octave\
/home/manan/Aira-Octave/logs/autonomous-20260830-063845.log:203:]3008;start=566b14ce-8641-447f-84fe-de1273ad84a7;machineid=2d236954e62b4bd9991cea01e2ca4c85;user=manan;hostname=IPAD-SERVER;bootid=929f66c4-ee84-4cc0-bc60-99c238e9c7a2;pid=00000000000000078713;type=command;cwd=/home/manan/Aira-Octave\==============================================================
/home/manan/Aira-Octave/logs/autonomous-20260830-063845.log:204:]3008;start=566b14ce-8641-447f-84fe-de1273ad84a7;machineid=2d236954e62b4bd9991cea01e2ca4c85;user=manan;hostname=IPAD-SERVER;bootid=929f66c4-ee84-4cc0-bc60-99c238e9c7a2;pid=00000000000000078713;type=command;cwd=/home/manan/Aira-Octave\7. INIT SCRIPT AUDIT
/home/manan/Aira-Octave/logs/autonomous-20260830-063845.log:205:]3008;start=566b14ce-8641-447f-84fe-de1273ad84a7;machineid=2d236954e62b4bd9991cea01e2ca4c85;user=manan;hostname=IPAD-SERVER;bootid=929f66c4-ee84-4cc0-bc60-99c238e9c7a2;pid=00000000000000078713;type=command;cwd=/home/manan/Aira-Octave\==============================================================
/home/manan/Aira-Octave/logs/autonomous-20260830-063845.log:206:]3008;start=566b14ce-8641-447f-84fe-de1273ad84a7;machineid=2d236954e62b4bd9991cea01e2ca4c85;user=manan;hostname=IPAD-SERVER;bootid=929f66c4-ee84-4cc0-bc60-99c238e9c7a2;pid=00000000000000078713;type=command;cwd=/home/manan/Aira-Octave\===== initramfs/init =====
/home/manan/Aira-Octave/logs/autonomous-20260830-063845.log:211:echo "          AIRAOS LINUX"
/home/manan/Aira-Octave/logs/autonomous-20260830-063845.log:219:echo "AiraOS Linux kernel is alive."
/home/manan/Aira-Octave/logs/autonomous-20260830-063845.log:235:echo "        AiraOS userspace ready"
/home/manan/Aira-Octave/logs/autonomous-20260830-063845.log:244:]3008;start=566b14ce-8641-447f-84fe-de1273ad84a7;machineid=2d236954e62b4bd9991cea01e2ca4c85;user=manan;hostname=IPAD-SERVER;bootid=929f66c4-ee84-4cc0-bc60-99c238e9c7a2;pid=00000000000000078713;type=command;cwd=/home/manan/Aira-Octave\
/home/manan/Aira-Octave/logs/autonomous-20260830-063845.log:245:]3008;start=566b14ce-8641-447f-84fe-de1273ad84a7;machineid=2d236954e62b4bd9991cea01e2ca4c85;user=manan;hostname=IPAD-SERVER;bootid=929f66c4-ee84-4cc0-bc60-99c238e9c7a2;pid=00000000000000078713;type=command;cwd=/home/manan/Aira-Octave\==============================================================
/home/manan/Aira-Octave/logs/autonomous-20260830-063845.log:246:]3008;start=566b14ce-8641-447f-84fe-de1273ad84a7;machineid=2d236954e62b4bd9991cea01e2ca4c85;user=manan;hostname=IPAD-SERVER;bootid=929f66c4-ee84-4cc0-bc60-99c238e9c7a2;pid=00000000000000078713;type=command;cwd=/home/manan/Aira-Octave\8. BUSYBOX / USERSPACE AUDIT
/home/manan/Aira-Octave/logs/autonomous-20260830-063845.log:247:]3008;start=566b14ce-8641-447f-84fe-de1273ad84a7;machineid=2d236954e62b4bd9991cea01e2ca4c85;user=manan;hostname=IPAD-SERVER;bootid=929f66c4-ee84-4cc0-bc60-99c238e9c7a2;pid=00000000000000078713;type=command;cwd=/home/manan/Aira-Octave\==============================================================
/home/manan/Aira-Octave/logs/autonomous-20260830-063845.log:248:]3008;start=566b14ce-8641-447f-84fe-de1273ad84a7;machineid=2d236954e62b4bd9991cea01e2ca4c85;user=manan;hostname=IPAD-SERVER;bootid=929f66c4-ee84-4cc0-bc60-99c238e9c7a2;pid=00000000000000078713;type=command;cwd=/home/manan/Aira-Octave\initramfs/bin/busybox: ELF 64-bit LSB executable, x86-64, version 1 (GNU/Linux), statically linked, BuildID[sha1]=45585fa7eea9146e74dd8d23ba506c66b4d1b809, for GNU/Linux 3.2.0, stripped
/home/manan/Aira-Octave/logs/autonomous-20260830-063845.log:356:]3008;start=566b14ce-8641-447f-84fe-de1273ad84a7;machineid=2d236954e62b4bd9991cea01e2ca4c85;user=manan;hostname=IPAD-SERVER;bootid=929f66c4-ee84-4cc0-bc60-99c238e9c7a2;pid=00000000000000078713;type=command;cwd=/home/manan/Aira-Octave\
/home/manan/Aira-Octave/logs/autonomous-20260830-063845.log:357:]3008;start=566b14ce-8641-447f-84fe-de1273ad84a7;machineid=2d236954e62b4bd9991cea01e2ca4c85;user=manan;hostname=IPAD-SERVER;bootid=929f66c4-ee84-4cc0-bc60-99c238e9c7a2;pid=00000000000000078713;type=command;cwd=/home/manan/Aira-Octave\==============================================================
/home/manan/Aira-Octave/logs/autonomous-20260830-063845.log:358:]3008;start=566b14ce-8641-447f-84fe-de1273ad84a7;machineid=2d236954e62b4bd9991cea01e2ca4c85;user=manan;hostname=IPAD-SERVER;bootid=929f66c4-ee84-4cc0-bc60-99c238e9c7a2;pid=00000000000000078713;type=command;cwd=/home/manan/Aira-Octave\9. BUILD KERNEL AGAIN
/home/manan/Aira-Octave/logs/autonomous-20260830-063845.log:359:]3008;start=566b14ce-8641-447f-84fe-de1273ad84a7;machineid=2d236954e62b4bd9991cea01e2ca4c85;user=manan;hostname=IPAD-SERVER;bootid=929f66c4-ee84-4cc0-bc60-99c238e9c7a2;pid=00000000000000078713;type=command;cwd=/home/manan/Aira-Octave\==============================================================
/home/manan/Aira-Octave/logs/autonomous-20260830-063845.log:360:]3008;start=566b14ce-8641-447f-84fe-de1273ad84a7;machineid=2d236954e62b4bd9991cea01e2ca4c85;user=manan;hostname=IPAD-SERVER;bootid=929f66c4-ee84-4cc0-bc60-99c238e9c7a2;pid=00000000000000078713;type=command;cwd=/home/manan/Aira-Octave\Sun Aug 30 06:38:47 UTC 2026
/home/manan/Aira-Octave/logs/autonomous-20260830-063845.log:361:]3008;start=566b14ce-8641-447f-84fe-de1273ad84a7;machineid=2d236954e62b4bd9991cea01e2ca4c85;user=manan;hostname=IPAD-SERVER;bootid=929f66c4-ee84-4cc0-bc60-99c238e9c7a2;pid=00000000000000078713;type=command;cwd=/home/manan/Aira-Octave\make: Entering directory '/home/manan/Aira-Octave/linux-7.2.2'
/home/manan/Aira-Octave/logs/autonomous-20260830-063845.log:364:make: Leaving directory '/home/manan/Aira-Octave/linux-7.2.2'
/home/manan/Aira-Octave/logs/autonomous-20260830-063845.log:365:]3008;start=566b14ce-8641-447f-84fe-de1273ad84a7;machineid=2d236954e62b4bd9991cea01e2ca4c85;user=manan;hostname=IPAD-SERVER;bootid=929f66c4-ee84-4cc0-bc60-99c238e9c7a2;pid=00000000000000078713;type=command;cwd=/home/manan/Aira-Octave\]3008;start=566b14ce-8641-447f-84fe-de1273ad84a7;machineid=2d236954e62b4bd9991cea01e2ca4c85;user=manan;hostname=IPAD-SERVER;bootid=929f66c4-ee84-4cc0-bc60-99c238e9c7a2;pid=00000000000000078713;type=command;cwd=/home/manan/Aira-Octave\
/home/manan/Aira-Octave/logs/autonomous-20260830-063845.log:366:]3008;start=566b14ce-8641-447f-84fe-de1273ad84a7;machineid=2d236954e62b4bd9991cea01e2ca4c85;user=manan;hostname=IPAD-SERVER;bootid=929f66c4-ee84-4cc0-bc60-99c238e9c7a2;pid=00000000000000078713;type=command;cwd=/home/manan/Aira-Octave\BUILD_RESULT=0
/home/manan/Aira-Octave/logs/autonomous-20260830-063845.log:367:]3008;start=566b14ce-8641-447f-84fe-de1273ad84a7;machineid=2d236954e62b4bd9991cea01e2ca4c85;user=manan;hostname=IPAD-SERVER;bootid=929f66c4-ee84-4cc0-bc60-99c238e9c7a2;pid=00000000000000078713;type=command;cwd=/home/manan/Aira-Octave\KERNEL BUILD SUCCESS
/home/manan/Aira-Octave/logs/autonomous-20260830-063845.log:368:]3008;start=566b14ce-8641-447f-84fe-de1273ad84a7;machineid=2d236954e62b4bd9991cea01e2ca4c85;user=manan;hostname=IPAD-SERVER;bootid=929f66c4-ee84-4cc0-bc60-99c238e9c7a2;pid=00000000000000078713;type=command;cwd=/home/manan/Aira-Octave\
/home/manan/Aira-Octave/logs/autonomous-20260830-063845.log:369:]3008;start=566b14ce-8641-447f-84fe-de1273ad84a7;machineid=2d236954e62b4bd9991cea01e2ca4c85;user=manan;hostname=IPAD-SERVER;bootid=929f66c4-ee84-4cc0-bc60-99c238e9c7a2;pid=00000000000000078713;type=command;cwd=/home/manan/Aira-Octave\==============================================================
/home/manan/Aira-Octave/logs/autonomous-20260830-063845.log:370:]3008;start=566b14ce-8641-447f-84fe-de1273ad84a7;machineid=2d236954e62b4bd9991cea01e2ca4c85;user=manan;hostname=IPAD-SERVER;bootid=929f66c4-ee84-4cc0-bc60-99c238e9c7a2;pid=00000000000000078713;type=command;cwd=/home/manan/Aira-Octave\10. REBUILD INITRAMFS
/home/manan/Aira-Octave/logs/autonomous-20260830-063845.log:371:]3008;start=566b14ce-8641-447f-84fe-de1273ad84a7;machineid=2d236954e62b4bd9991cea01e2ca4c85;user=manan;hostname=IPAD-SERVER;bootid=929f66c4-ee84-4cc0-bc60-99c238e9c7a2;pid=00000000000000078713;type=command;cwd=/home/manan/Aira-Octave\==============================================================
/home/manan/Aira-Octave/logs/autonomous-20260830-063845.log:372:]3008;start=566b14ce-8641-447f-84fe-de1273ad84a7;machineid=2d236954e62b4bd9991cea01e2ca4c85;user=manan;hostname=IPAD-SERVER;bootid=929f66c4-ee84-4cc0-bc60-99c238e9c7a2;pid=00000000000000078713;type=command;cwd=/home/manan/Aira-Octave\]3008;start=566b14ce-8641-447f-84fe-de1273ad84a7;machineid=2d236954e62b4bd9991cea01e2ca4c85;user=manan;hostname=IPAD-SERVER;bootid=929f66c4-ee84-4cc0-bc60-99c238e9c7a2;pid=00000000000000078713;type=command;cwd=/home/manan/Aira-Octave\-bash: ../logs/autonomous-initramfs-build.log: No such file or directory
/home/manan/Aira-Octave/logs/autonomous-20260830-063845.log:373:]3008;start=566b14ce-8641-447f-84fe-de1273ad84a7;machineid=2d236954e62b4bd9991cea01e2ca4c85;user=manan;hostname=IPAD-SERVER;bootid=929f66c4-ee84-4cc0-bc60-99c238e9c7a2;pid=00000000000000078713;type=command;cwd=/home/manan/Aira-Octave\]3008;start=566b14ce-8641-447f-84fe-de1273ad84a7;machineid=2d236954e62b4bd9991cea01e2ca4c85;user=manan;hostname=IPAD-SERVER;bootid=929f66c4-ee84-4cc0-bc60-99c238e9c7a2;pid=00000000000000078713;type=command;cwd=/home/manan/Aira-Octave\INITRAMFS_RESULT=1
/home/manan/Aira-Octave/logs/autonomous-20260830-063845.log:374:]3008;start=566b14ce-8641-447f-84fe-de1273ad84a7;machineid=2d236954e62b4bd9991cea01e2ca4c85;user=manan;hostname=IPAD-SERVER;bootid=929f66c4-ee84-4cc0-bc60-99c238e9c7a2;pid=00000000000000078713;type=command;cwd=/home/manan/Aira-Octave\]3008;start=566b14ce-8641-447f-84fe-de1273ad84a7;machineid=2d236954e62b4bd9991cea01e2ca4c85;user=manan;hostname=IPAD-SERVER;bootid=929f66c4-ee84-4cc0-bc60-99c238e9c7a2;pid=00000000000000078713;type=command;cwd=/home/manan/Aira-Octave\
/home/manan/Aira-Octave/logs/autonomous-20260830-063845.log:375:]3008;start=566b14ce-8641-447f-84fe-de1273ad84a7;machineid=2d236954e62b4bd9991cea01e2ca4c85;user=manan;hostname=IPAD-SERVER;bootid=929f66c4-ee84-4cc0-bc60-99c238e9c7a2;pid=00000000000000078713;type=command;cwd=/home/manan/Aira-Octave\==============================================================
/home/manan/Aira-Octave/logs/autonomous-20260830-063845.log:376:]3008;start=566b14ce-8641-447f-84fe-de1273ad84a7;machineid=2d236954e62b4bd9991cea01e2ca4c85;user=manan;hostname=IPAD-SERVER;bootid=929f66c4-ee84-4cc0-bc60-99c238e9c7a2;pid=00000000000000078713;type=command;cwd=/home/manan/Aira-Octave\11. INITRAMFS VALIDATION
/home/manan/Aira-Octave/logs/autonomous-20260830-063845.log:377:]3008;start=566b14ce-8641-447f-84fe-de1273ad84a7;machineid=2d236954e62b4bd9991cea01e2ca4c85;user=manan;hostname=IPAD-SERVER;bootid=929f66c4-ee84-4cc0-bc60-99c238e9c7a2;pid=00000000000000078713;type=command;cwd=/home/manan/Aira-Octave\==============================================================
/home/manan/Aira-Octave/logs/autonomous-20260830-063845.log:378:]3008;start=566b14ce-8641-447f-84fe-de1273ad84a7;machineid=2d236954e62b4bd9991cea01e2ca4c85;user=manan;hostname=IPAD-SERVER;bootid=929f66c4-ee84-4cc0-bc60-99c238e9c7a2;pid=00000000000000078713;type=command;cwd=/home/manan/Aira-Octave\-bash: initramfs.cpio: No such file or directory
/home/manan/Aira-Octave/logs/autonomous-20260830-063845.log:379:]3008;start=566b14ce-8641-447f-84fe-de1273ad84a7;machineid=2d236954e62b4bd9991cea01e2ca4c85;user=manan;hostname=IPAD-SERVER;bootid=929f66c4-ee84-4cc0-bc60-99c238e9c7a2;pid=00000000000000078713;type=command;cwd=/home/manan/Aira-Octave\grep: /tmp/aira-initramfs-final.txt: No such file or directory
/home/manan/Aira-Octave/logs/autonomous-20260830-063845.log:401:]3008;start=566b14ce-8641-447f-84fe-de1273ad84a7;machineid=2d236954e62b4bd9991cea01e2ca4c85;user=manan;hostname=IPAD-SERVER;bootid=929f66c4-ee84-4cc0-bc60-99c238e9c7a2;pid=00000000000000078713;type=command;cwd=/home/manan/Aira-Octave\
/home/manan/Aira-Octave/logs/autonomous-20260830-063845.log:402:]3008;start=566b14ce-8641-447f-84fe-de1273ad84a7;machineid=2d236954e62b4bd9991cea01e2ca4c85;user=manan;hostname=IPAD-SERVER;bootid=929f66c4-ee84-4cc0-bc60-99c238e9c7a2;pid=00000000000000078713;type=command;cwd=/home/manan/Aira-Octave\==============================================================
/home/manan/Aira-Octave/logs/autonomous-20260830-063845.log:403:]3008;start=566b14ce-8641-447f-84fe-de1273ad84a7;machineid=2d236954e62b4bd9991cea01e2ca4c85;user=manan;hostname=IPAD-SERVER;bootid=929f66c4-ee84-4cc0-bc60-99c238e9c7a2;pid=00000000000000078713;type=command;cwd=/home/manan/Aira-Octave\12. BOOT TEST
/home/manan/Aira-Octave/logs/autonomous-20260830-063845.log:404:]3008;start=566b14ce-8641-447f-84fe-de1273ad84a7;machineid=2d236954e62b4bd9991cea01e2ca4c85;user=manan;hostname=IPAD-SERVER;bootid=929f66c4-ee84-4cc0-bc60-99c238e9c7a2;pid=00000000000000078713;type=command;cwd=/home/manan/Aira-Octave\==============================================================
/home/manan/Aira-Octave/logs/autonomous-20260830-063845.log:405:]3008;start=566b14ce-8641-447f-84fe-de1273ad84a7;machineid=2d236954e62b4bd9991cea01e2ca4c85;user=manan;hostname=IPAD-SERVER;bootid=929f66c4-ee84-4cc0-bc60-99c238e9c7a2;pid=00000000000000078713;type=command;cwd=/home/manan/Aira-Octave\]3008;start=566b14ce-8641-447f-84fe-de1273ad84a7;machineid=2d236954e62b4bd9991cea01e2ca4c85;user=manan;hostname=IPAD-SERVER;bootid=929f66c4-ee84-4cc0-bc60-99c238e9c7a2;pid=00000000000000078713;type=command;cwd=/home/manan/Aira-Octave\qemu: error reading initrd initramfs.cpio: Failed to open file “initramfs.cpio”: open() failed: No such file or directory
/home/manan/Aira-Octave/logs/autonomous-20260830-063845.log:406:]3008;start=566b14ce-8641-447f-84fe-de1273ad84a7;machineid=2d236954e62b4bd9991cea01e2ca4c85;user=manan;hostname=IPAD-SERVER;bootid=929f66c4-ee84-4cc0-bc60-99c238e9c7a2;pid=00000000000000078713;type=command;cwd=/home/manan/Aira-Octave\]3008;start=566b14ce-8641-447f-84fe-de1273ad84a7;machineid=2d236954e62b4bd9991cea01e2ca4c85;user=manan;hostname=IPAD-SERVER;bootid=929f66c4-ee84-4cc0-bc60-99c238e9c7a2;pid=00000000000000078713;type=command;cwd=/home/manan/Aira-Octave\
/home/manan/Aira-Octave/logs/autonomous-20260830-063845.log:407:]3008;start=566b14ce-8641-447f-84fe-de1273ad84a7;machineid=2d236954e62b4bd9991cea01e2ca4c85;user=manan;hostname=IPAD-SERVER;bootid=929f66c4-ee84-4cc0-bc60-99c238e9c7a2;pid=00000000000000078713;type=command;cwd=/home/manan/Aira-Octave\QEMU_RESULT=1
/home/manan/Aira-Octave/logs/autonomous-20260830-063845.log:408:]3008;start=566b14ce-8641-447f-84fe-de1273ad84a7;machineid=2d236954e62b4bd9991cea01e2ca4c85;user=manan;hostname=IPAD-SERVER;bootid=929f66c4-ee84-4cc0-bc60-99c238e9c7a2;pid=00000000000000078713;type=command;cwd=/home/manan/Aira-Octave\
/home/manan/Aira-Octave/logs/autonomous-20260830-063845.log:409:]3008;start=566b14ce-8641-447f-84fe-de1273ad84a7;machineid=2d236954e62b4bd9991cea01e2ca4c85;user=manan;hostname=IPAD-SERVER;bootid=929f66c4-ee84-4cc0-bc60-99c238e9c7a2;pid=00000000000000078713;type=command;cwd=/home/manan/Aira-Octave\==============================================================
/home/manan/Aira-Octave/logs/autonomous-20260830-063845.log:410:]3008;start=566b14ce-8641-447f-84fe-de1273ad84a7;machineid=2d236954e62b4bd9991cea01e2ca4c85;user=manan;hostname=IPAD-SERVER;bootid=929f66c4-ee84-4cc0-bc60-99c238e9c7a2;pid=00000000000000078713;type=command;cwd=/home/manan/Aira-Octave\13. BOOT MARKER ANALYSIS
/home/manan/Aira-Octave/logs/autonomous-20260830-063845.log:411:]3008;start=566b14ce-8641-447f-84fe-de1273ad84a7;machineid=2d236954e62b4bd9991cea01e2ca4c85;user=manan;hostname=IPAD-SERVER;bootid=929f66c4-ee84-4cc0-bc60-99c238e9c7a2;pid=00000000000000078713;type=command;cwd=/home/manan/Aira-Octave\==============================================================
/home/manan/Aira-Octave/logs/autonomous-20260830-063845.log:412:]3008;start=566b14ce-8641-447f-84fe-de1273ad84a7;machineid=2d236954e62b4bd9991cea01e2ca4c85;user=manan;hostname=IPAD-SERVER;bootid=929f66c4-ee84-4cc0-bc60-99c238e9c7a2;pid=00000000000000078713;type=command;cwd=/home/manan/Aira-Octave\]3008;start=566b14ce-8641-447f-84fe-de1273ad84a7;machineid=2d236954e62b4bd9991cea01e2ca4c85;user=manan;hostname=IPAD-SERVER;bootid=929f66c4-ee84-4cc0-bc60-99c238e9c7a2;pid=00000000000000078713;type=command;cwd=/home/manan/Aira-Octave\MISS  Linux version
/home/manan/Aira-Octave/logs/autonomous-20260830-063845.log:414:MISS  AIRAOS LINUX
/home/manan/Aira-Octave/logs/autonomous-20260830-063845.log:415:MISS  AiraOS Linux kernel is alive.
/home/manan/Aira-Octave/logs/autonomous-20260830-063845.log:416:MISS  AiraOS userspace ready
/home/manan/Aira-Octave/logs/autonomous-20260830-063845.log:417:]3008;start=566b14ce-8641-447f-84fe-de1273ad84a7;machineid=2d236954e62b4bd9991cea01e2ca4c85;user=manan;hostname=IPAD-SERVER;bootid=929f66c4-ee84-4cc0-bc60-99c238e9c7a2;pid=00000000000000078713;type=command;cwd=/home/manan/Aira-Octave\
/home/manan/Aira-Octave/logs/autonomous-20260830-063845.log:418:]3008;start=566b14ce-8641-447f-84fe-de1273ad84a7;machineid=2d236954e62b4bd9991cea01e2ca4c85;user=manan;hostname=IPAD-SERVER;bootid=929f66c4-ee84-4cc0-bc60-99c238e9c7a2;pid=00000000000000078713;type=command;cwd=/home/manan/Aira-Octave\==============================================================
/home/manan/Aira-Octave/logs/autonomous-20260830-063845.log:419:]3008;start=566b14ce-8641-447f-84fe-de1273ad84a7;machineid=2d236954e62b4bd9991cea01e2ca4c85;user=manan;hostname=IPAD-SERVER;bootid=929f66c4-ee84-4cc0-bc60-99c238e9c7a2;pid=00000000000000078713;type=command;cwd=/home/manan/Aira-Octave\14. NETWORK / DEVICE BOOT AUDIT
/home/manan/Aira-Octave/logs/autonomous-20260830-063845.log:420:]3008;start=566b14ce-8641-447f-84fe-de1273ad84a7;machineid=2d236954e62b4bd9991cea01e2ca4c85;user=manan;hostname=IPAD-SERVER;bootid=929f66c4-ee84-4cc0-bc60-99c238e9c7a2;pid=00000000000000078713;type=command;cwd=/home/manan/Aira-Octave\==============================================================
/home/manan/Aira-Octave/logs/autonomous-20260830-063845.log:421:]3008;start=566b14ce-8641-447f-84fe-de1273ad84a7;machineid=2d236954e62b4bd9991cea01e2ca4c85;user=manan;hostname=IPAD-SERVER;bootid=929f66c4-ee84-4cc0-bc60-99c238e9c7a2;pid=00000000000000078713;type=command;cwd=/home/manan/Aira-Octave\]3008;start=566b14ce-8641-447f-84fe-de1273ad84a7;machineid=2d236954e62b4bd9991cea01e2ca4c85;user=manan;hostname=IPAD-SERVER;bootid=929f66c4-ee84-4cc0-bc60-99c238e9c7a2;pid=00000000000000078713;type=command;cwd=/home/manan/Aira-Octave\
/home/manan/Aira-Octave/logs/autonomous-20260830-063845.log:422:]3008;start=566b14ce-8641-447f-84fe-de1273ad84a7;machineid=2d236954e62b4bd9991cea01e2ca4c85;user=manan;hostname=IPAD-SERVER;bootid=929f66c4-ee84-4cc0-bc60-99c238e9c7a2;pid=00000000000000078713;type=command;cwd=/home/manan/Aira-Octave\==============================================================
/home/manan/Aira-Octave/logs/autonomous-20260830-063845.log:423:]3008;start=566b14ce-8641-447f-84fe-de1273ad84a7;machineid=2d236954e62b4bd9991cea01e2ca4c85;user=manan;hostname=IPAD-SERVER;bootid=929f66c4-ee84-4cc0-bc60-99c238e9c7a2;pid=00000000000000078713;type=command;cwd=/home/manan/Aira-Octave\15. ERROR SCAN
/home/manan/Aira-Octave/logs/autonomous-20260830-063845.log:424:]3008;start=566b14ce-8641-447f-84fe-de1273ad84a7;machineid=2d236954e62b4bd9991cea01e2ca4c85;user=manan;hostname=IPAD-SERVER;bootid=929f66c4-ee84-4cc0-bc60-99c238e9c7a2;pid=00000000000000078713;type=command;cwd=/home/manan/Aira-Octave\==============================================================
/home/manan/Aira-Octave/logs/autonomous-20260830-063845.log:425:]3008;start=566b14ce-8641-447f-84fe-de1273ad84a7;machineid=2d236954e62b4bd9991cea01e2ca4c85;user=manan;hostname=IPAD-SERVER;bootid=929f66c4-ee84-4cc0-bc60-99c238e9c7a2;pid=00000000000000078713;type=command;cwd=/home/manan/Aira-Octave\]3008;start=566b14ce-8641-447f-84fe-de1273ad84a7;machineid=2d236954e62b4bd9991cea01e2ca4c85;user=manan;hostname=IPAD-SERVER;bootid=929f66c4-ee84-4cc0-bc60-99c238e9c7a2;pid=00000000000000078713;type=command;cwd=/home/manan/Aira-Octave\NO OBVIOUS FATAL KERNEL ERRORS
/home/manan/Aira-Octave/logs/autonomous-20260830-063845.log:426:]3008;start=566b14ce-8641-447f-84fe-de1273ad84a7;machineid=2d236954e62b4bd9991cea01e2ca4c85;user=manan;hostname=IPAD-SERVER;bootid=929f66c4-ee84-4cc0-bc60-99c238e9c7a2;pid=00000000000000078713;type=command;cwd=/home/manan/Aira-Octave\
/home/manan/Aira-Octave/logs/autonomous-20260830-063845.log:427:]3008;start=566b14ce-8641-447f-84fe-de1273ad84a7;machineid=2d236954e62b4bd9991cea01e2ca4c85;user=manan;hostname=IPAD-SERVER;bootid=929f66c4-ee84-4cc0-bc60-99c238e9c7a2;pid=00000000000000078713;type=command;cwd=/home/manan/Aira-Octave\==============================================================
/home/manan/Aira-Octave/logs/autonomous-20260830-063845.log:428:]3008;start=566b14ce-8641-447f-84fe-de1273ad84a7;machineid=2d236954e62b4bd9991cea01e2ca4c85;user=manan;hostname=IPAD-SERVER;bootid=929f66c4-ee84-4cc0-bc60-99c238e9c7a2;pid=00000000000000078713;type=command;cwd=/home/manan/Aira-Octave\16. WARNINGS / NON-FATAL MESSAGES
/home/manan/Aira-Octave/logs/autonomous-20260830-063845.log:429:]3008;start=566b14ce-8641-447f-84fe-de1273ad84a7;machineid=2d236954e62b4bd9991cea01e2ca4c85;user=manan;hostname=IPAD-SERVER;bootid=929f66c4-ee84-4cc0-bc60-99c238e9c7a2;pid=00000000000000078713;type=command;cwd=/home/manan/Aira-Octave\==============================================================
/home/manan/Aira-Octave/logs/autonomous-20260830-063845.log:430:]3008;start=566b14ce-8641-447f-84fe-de1273ad84a7;machineid=2d236954e62b4bd9991cea01e2ca4c85;user=manan;hostname=IPAD-SERVER;bootid=929f66c4-ee84-4cc0-bc60-99c238e9c7a2;pid=00000000000000078713;type=command;cwd=/home/manan/Aira-Octave\1:qemu: error reading initrd initramfs.cpio: Failed to open file “initramfs.cpio”: open() failed: No such file or directory
/home/manan/Aira-Octave/logs/autonomous-20260830-063845.log:431:]3008;start=566b14ce-8641-447f-84fe-de1273ad84a7;machineid=2d236954e62b4bd9991cea01e2ca4c85;user=manan;hostname=IPAD-SERVER;bootid=929f66c4-ee84-4cc0-bc60-99c238e9c7a2;pid=00000000000000078713;type=command;cwd=/home/manan/Aira-Octave\
/home/manan/Aira-Octave/logs/autonomous-20260830-063845.log:432:]3008;start=566b14ce-8641-447f-84fe-de1273ad84a7;machineid=2d236954e62b4bd9991cea01e2ca4c85;user=manan;hostname=IPAD-SERVER;bootid=929f66c4-ee84-4cc0-bc60-99c238e9c7a2;pid=00000000000000078713;type=command;cwd=/home/manan/Aira-Octave\==============================================================
/home/manan/Aira-Octave/logs/autonomous-20260830-063845.log:433:]3008;start=566b14ce-8641-447f-84fe-de1273ad84a7;machineid=2d236954e62b4bd9991cea01e2ca4c85;user=manan;hostname=IPAD-SERVER;bootid=929f66c4-ee84-4cc0-bc60-99c238e9c7a2;pid=00000000000000078713;type=command;cwd=/home/manan/Aira-Octave\17. KERNEL SYMBOL / SIZE AUDIT
/home/manan/Aira-Octave/logs/autonomous-20260830-063845.log:434:]3008;start=566b14ce-8641-447f-84fe-de1273ad84a7;machineid=2d236954e62b4bd9991cea01e2ca4c85;user=manan;hostname=IPAD-SERVER;bootid=929f66c4-ee84-4cc0-bc60-99c238e9c7a2;pid=00000000000000078713;type=command;cwd=/home/manan/Aira-Octave\==============================================================
/home/manan/Aira-Octave/logs/autonomous-20260830-063845.log:435:]3008;start=566b14ce-8641-447f-84fe-de1273ad84a7;machineid=2d236954e62b4bd9991cea01e2ca4c85;user=manan;hostname=IPAD-SERVER;bootid=929f66c4-ee84-4cc0-bc60-99c238e9c7a2;pid=00000000000000078713;type=command;cwd=/home/manan/Aira-Octave\===== SIZE =====
/home/manan/Aira-Octave/logs/autonomous-20260830-063845.log:470:]3008;start=566b14ce-8641-447f-84fe-de1273ad84a7;machineid=2d236954e62b4bd9991cea01e2ca4c85;user=manan;hostname=IPAD-SERVER;bootid=929f66c4-ee84-4cc0-bc60-99c238e9c7a2;pid=00000000000000078713;type=command;cwd=/home/manan/Aira-Octave\
/home/manan/Aira-Octave/logs/autonomous-20260830-063845.log:471:]3008;start=566b14ce-8641-447f-84fe-de1273ad84a7;machineid=2d236954e62b4bd9991cea01e2ca4c85;user=manan;hostname=IPAD-SERVER;bootid=929f66c4-ee84-4cc0-bc60-99c238e9c7a2;pid=00000000000000078713;type=command;cwd=/home/manan/Aira-Octave\==============================================================
/home/manan/Aira-Octave/logs/autonomous-20260830-063845.log:472:]3008;start=566b14ce-8641-447f-84fe-de1273ad84a7;machineid=2d236954e62b4bd9991cea01e2ca4c85;user=manan;hostname=IPAD-SERVER;bootid=929f66c4-ee84-4cc0-bc60-99c238e9c7a2;pid=00000000000000078713;type=command;cwd=/home/manan/Aira-Octave\18. KERNEL CONFIG CONSISTENCY
/home/manan/Aira-Octave/logs/autonomous-20260830-063845.log:473:]3008;start=566b14ce-8641-447f-84fe-de1273ad84a7;machineid=2d236954e62b4bd9991cea01e2ca4c85;user=manan;hostname=IPAD-SERVER;bootid=929f66c4-ee84-4cc0-bc60-99c238e9c7a2;pid=00000000000000078713;type=command;cwd=/home/manan/Aira-Octave\==============================================================
/home/manan/Aira-Octave/logs/autonomous-20260830-063845.log:474:]3008;start=566b14ce-8641-447f-84fe-de1273ad84a7;machineid=2d236954e62b4bd9991cea01e2ca4c85;user=manan;hostname=IPAD-SERVER;bootid=929f66c4-ee84-4cc0-bc60-99c238e9c7a2;pid=00000000000000078713;type=command;cwd=/home/manan/Aira-Octave\make: Entering directory '/home/manan/Aira-Octave/linux-7.2.2'
/home/manan/Aira-Octave/logs/autonomous-20260830-063845.log:478:make: Leaving directory '/home/manan/Aira-Octave/linux-7.2.2'
/home/manan/Aira-Octave/logs/autonomous-20260830-063845.log:479:]3008;start=566b14ce-8641-447f-84fe-de1273ad84a7;machineid=2d236954e62b4bd9991cea01e2ca4c85;user=manan;hostname=IPAD-SERVER;bootid=929f66c4-ee84-4cc0-bc60-99c238e9c7a2;pid=00000000000000078713;type=command;cwd=/home/manan/Aira-Octave\
/home/manan/Aira-Octave/logs/autonomous-20260830-063845.log:480:]3008;start=566b14ce-8641-447f-84fe-de1273ad84a7;machineid=2d236954e62b4bd9991cea01e2ca4c85;user=manan;hostname=IPAD-SERVER;bootid=929f66c4-ee84-4cc0-bc60-99c238e9c7a2;pid=00000000000000078713;type=command;cwd=/home/manan/Aira-Octave\==============================================================
/home/manan/Aira-Octave/logs/autonomous-20260830-063845.log:481:]3008;start=566b14ce-8641-447f-84fe-de1273ad84a7;machineid=2d236954e62b4bd9991cea01e2ca4c85;user=manan;hostname=IPAD-SERVER;bootid=929f66c4-ee84-4cc0-bc60-99c238e9c7a2;pid=00000000000000078713;type=command;cwd=/home/manan/Aira-Octave\19. SOURCE CODE QUICK AUDIT
/home/manan/Aira-Octave/logs/autonomous-20260830-063845.log:482:]3008;start=566b14ce-8641-447f-84fe-de1273ad84a7;machineid=2d236954e62b4bd9991cea01e2ca4c85;user=manan;hostname=IPAD-SERVER;bootid=929f66c4-ee84-4cc0-bc60-99c238e9c7a2;pid=00000000000000078713;type=command;cwd=/home/manan/Aira-Octave\==============================================================
/home/manan/Aira-Octave/logs/autonomous-20260830-063845.log:483:]3008;start=566b14ce-8641-447f-84fe-de1273ad84a7;machineid=2d236954e62b4bd9991cea01e2ca4c85;user=manan;hostname=IPAD-SERVER;bootid=929f66c4-ee84-4cc0-bc60-99c238e9c7a2;pid=00000000000000078713;type=command;cwd=/home/manan/Aira-Octave\C source files:
/home/manan/Aira-Octave/logs/autonomous-20260830-063845.log:484:]3008;start=566b14ce-8641-447f-84fe-de1273ad84a7;machineid=2d236954e62b4bd9991cea01e2ca4c85;user=manan;hostname=IPAD-SERVER;bootid=929f66c4-ee84-4cc0-bc60-99c238e9c7a2;pid=00000000000000078713;type=command;cwd=/home/manan/Aira-Octave\]3008;start=566b14ce-8641-447f-84fe-de1273ad84a7;machineid=2d236954e62b4bd9991cea01e2ca4c85;user=manan;hostname=IPAD-SERVER;bootid=929f66c4-ee84-4cc0-bc60-99c238e9c7a2;pid=00000000000000078713;type=command;cwd=/home/manan/Aira-Octave\
/home/manan/Aira-Octave/logs/autonomous-20260830-063845.log:485:]3008;start=566b14ce-8641-447f-84fe-de1273ad84a7;machineid=2d236954e62b4bd9991cea01e2ca4c85;user=manan;hostname=IPAD-SERVER;bootid=929f66c4-ee84-4cc0-bc60-99c238e9c7a2;pid=00000000000000078713;type=command;cwd=/home/manan/Aira-Octave\Shell scripts:
/home/manan/Aira-Octave/logs/autonomous-20260830-063845.log:486:]3008;start=566b14ce-8641-447f-84fe-de1273ad84a7;machineid=2d236954e62b4bd9991cea01e2ca4c85;user=manan;hostname=IPAD-SERVER;bootid=929f66c4-ee84-4cc0-bc60-99c238e9c7a2;pid=00000000000000078713;type=command;cwd=/home/manan/Aira-Octave\./initramfs/init
/home/manan/Aira-Octave/logs/autonomous-20260830-063845.log:487:]3008;start=566b14ce-8641-447f-84fe-de1273ad84a7;machineid=2d236954e62b4bd9991cea01e2ca4c85;user=manan;hostname=IPAD-SERVER;bootid=929f66c4-ee84-4cc0-bc60-99c238e9c7a2;pid=00000000000000078713;type=command;cwd=/home/manan/Aira-Octave\
/home/manan/Aira-Octave/logs/autonomous-20260830-063845.log:488:]3008;start=566b14ce-8641-447f-84fe-de1273ad84a7;machineid=2d236954e62b4bd9991cea01e2ca4c85;user=manan;hostname=IPAD-SERVER;bootid=929f66c4-ee84-4cc0-bc60-99c238e9c7a2;pid=00000000000000078713;type=command;cwd=/home/manan/Aira-Octave\Makefiles:
/home/manan/Aira-Octave/logs/autonomous-20260830-063845.log:489:]3008;start=566b14ce-8641-447f-84fe-de1273ad84a7;machineid=2d236954e62b4bd9991cea01e2ca4c85;user=manan;hostname=IPAD-SERVER;bootid=929f66c4-ee84-4cc0-bc60-99c238e9c7a2;pid=00000000000000078713;type=command;cwd=/home/manan/Aira-Octave\]3008;start=566b14ce-8641-447f-84fe-de1273ad84a7;machineid=2d236954e62b4bd9991cea01e2ca4c85;user=manan;hostname=IPAD-SERVER;bootid=929f66c4-ee84-4cc0-bc60-99c238e9c7a2;pid=00000000000000078713;type=command;cwd=/home/manan/Aira-Octave\
/home/manan/Aira-Octave/logs/autonomous-20260830-063845.log:490:]3008;start=566b14ce-8641-447f-84fe-de1273ad84a7;machineid=2d236954e62b4bd9991cea01e2ca4c85;user=manan;hostname=IPAD-SERVER;bootid=929f66c4-ee84-4cc0-bc60-99c238e9c7a2;pid=00000000000000078713;type=command;cwd=/home/manan/Aira-Octave\==============================================================
/home/manan/Aira-Octave/logs/autonomous-20260830-063845.log:491:]3008;start=566b14ce-8641-447f-84fe-de1273ad84a7;machineid=2d236954e62b4bd9991cea01e2ca4c85;user=manan;hostname=IPAD-SERVER;bootid=929f66c4-ee84-4cc0-bc60-99c238e9c7a2;pid=00000000000000078713;type=command;cwd=/home/manan/Aira-Octave\20. SEARCH FOR AIRA OCTAVE COMPONENTS
/home/manan/Aira-Octave/logs/autonomous-20260830-063845.log:492:]3008;start=566b14ce-8641-447f-84fe-de1273ad84a7;machineid=2d236954e62b4bd9991cea01e2ca4c85;user=manan;hostname=IPAD-SERVER;bootid=929f66c4-ee84-4cc0-bc60-99c238e9c7a2;pid=00000000000000078713;type=command;cwd=/home/manan/Aira-Octave\==============================================================
/home/manan/Aira-Octave/logs/autonomous-20260830-063845.log:493:]3008;start=566b14ce-8641-447f-84fe-de1273ad84a7;machineid=2d236954e62b4bd9991cea01e2ca4c85;user=manan;hostname=IPAD-SERVER;bootid=929f66c4-ee84-4cc0-bc60-99c238e9c7a2;pid=00000000000000078713;type=command;cwd=/home/manan/Aira-Octave\./initramfs/init:5:echo "          AIRAOS LINUX"
/home/manan/Aira-Octave/logs/autonomous-20260830-063845.log:494:./initramfs/init:13:echo "AiraOS Linux kernel is alive."
/home/manan/Aira-Octave/logs/autonomous-20260830-063845.log:497:./initramfs/init:29:echo "        AiraOS userspace ready"
/home/manan/Aira-Octave/logs/autonomous-20260830-063845.log:499:./configs/airaos-x86_64.config:3:# Linux/x86 7.2.2 Kernel Configuration
/home/manan/Aira-Octave/logs/autonomous-20260830-063845.log:500:./configs/airaos-x86_64.config:41:CONFIG_HAVE_KERNEL_GZIP=y
/home/manan/Aira-Octave/logs/autonomous-20260830-063845.log:501:./configs/airaos-x86_64.config:42:CONFIG_HAVE_KERNEL_BZIP2=y
/home/manan/Aira-Octave/logs/autonomous-20260830-063845.log:502:./configs/airaos-x86_64.config:43:CONFIG_HAVE_KERNEL_LZMA=y
/home/manan/Aira-Octave/logs/autonomous-20260830-063845.log:503:./configs/airaos-x86_64.config:44:CONFIG_HAVE_KERNEL_XZ=y
/home/manan/Aira-Octave/logs/autonomous-20260830-063845.log:504:./configs/airaos-x86_64.config:45:CONFIG_HAVE_KERNEL_LZO=y
/home/manan/Aira-Octave/logs/autonomous-20260830-063845.log:505:./configs/airaos-x86_64.config:46:CONFIG_HAVE_KERNEL_LZ4=y
/home/manan/Aira-Octave/logs/autonomous-20260830-063845.log:506:./configs/airaos-x86_64.config:47:CONFIG_HAVE_KERNEL_ZSTD=y
/home/manan/Aira-Octave/logs/autonomous-20260830-063845.log:507:./configs/airaos-x86_64.config:48:# CONFIG_KERNEL_GZIP is not set
/home/manan/Aira-Octave/logs/autonomous-20260830-063845.log:508:./configs/airaos-x86_64.config:49:# CONFIG_KERNEL_BZIP2 is not set
/home/manan/Aira-Octave/logs/autonomous-20260830-063845.log:509:./configs/airaos-x86_64.config:50:# CONFIG_KERNEL_LZMA is not set
/home/manan/Aira-Octave/logs/autonomous-20260830-063845.log:510:./configs/airaos-x86_64.config:51:CONFIG_KERNEL_XZ=y
/home/manan/Aira-Octave/logs/autonomous-20260830-063845.log:511:./configs/airaos-x86_64.config:52:# CONFIG_KERNEL_LZO is not set
/home/manan/Aira-Octave/logs/autonomous-20260830-063845.log:512:./configs/airaos-x86_64.config:53:# CONFIG_KERNEL_LZ4 is not set
/home/manan/Aira-Octave/logs/autonomous-20260830-063845.log:513:./configs/airaos-x86_64.config:54:# CONFIG_KERNEL_ZSTD is not set
/home/manan/Aira-Octave/logs/autonomous-20260830-063845.log:514:./configs/airaos-x86_64.config:57:# CONFIG_SYSVIPC is not set
/home/manan/Aira-Octave/logs/autonomous-20260830-063845.log:515:./configs/airaos-x86_64.config:60:# CONFIG_CROSS_MEMORY_ATTACH is not set
/home/manan/Aira-Octave/logs/autonomous-20260830-063845.log:516:./configs/airaos-x86_64.config:62:CONFIG_HAVE_ARCH_AUDITSYSCALL=y
/home/manan/Aira-Octave/logs/autonomous-20260830-063845.log:517:./configs/airaos-x86_64.config:73:CONFIG_IRQ_DOMAIN=y
/home/manan/Aira-Octave/logs/autonomous-20260830-063845.log:518:./configs/airaos-x86_64.config:74:CONFIG_IRQ_DOMAIN_HIERARCHY=y
/home/manan/Aira-Octave/logs/autonomous-20260830-063845.log:519:./configs/airaos-x86_64.config:113:# CONFIG_BPF_SYSCALL is not set
/home/manan/Aira-Octave/logs/autonomous-20260830-063845.log:520:./configs/airaos-x86_64.config:153:# Scheduler features
/home/manan/Aira-Octave/logs/autonomous-20260830-063845.log:521:./configs/airaos-x86_64.config:157:# end of Scheduler features
/home/manan/Aira-Octave/logs/autonomous-20260830-063845.log:522:./configs/airaos-x86_64.config:192:# CONFIG_SYSFS_SYSCALL is not set
/home/manan/Aira-Octave/logs/autonomous-20260830-063845.log:523:./configs/airaos-x86_64.config:196:# CONFIG_SGETMASK_SYSCALL is not set
/home/manan/Aira-Octave/logs/autonomous-20260830-063845.log:524:./configs/airaos-x86_64.config:210:# CONFIG_AIO is not set
/home/manan/Aira-Octave/logs/autonomous-20260830-063845.log:525:./configs/airaos-x86_64.config:212:# CONFIG_ADVISE_SYSCALLS is not set
/home/manan/Aira-Octave/logs/autonomous-20260830-063845.log:526:./configs/airaos-x86_64.config:216:# CONFIG_CACHESTAT_SYSCALL is not set
/home/manan/Aira-Octave/logs/autonomous-20260830-063845.log:527:./configs/airaos-x86_64.config:223:# Kernel Performance Events And Counters
/home/manan/Aira-Octave/logs/autonomous-20260830-063845.log:528:./configs/airaos-x86_64.config:227:# end of Kernel Performance Events And Counters
/home/manan/Aira-Octave/logs/autonomous-20260830-063845.log:529:./configs/airaos-x86_64.config:326:CONFIG_X86_VSYSCALL_EMULATION=y
/home/manan/Aira-Octave/logs/autonomous-20260830-063845.log:530:./configs/airaos-x86_64.config:345:CONFIG_X86_KERNEL_IBT=y
/home/manan/Aira-Octave/logs/autonomous-20260830-063845.log:531:./configs/airaos-x86_64.config:346:CONFIG_X86_INTEL_MEMORY_PROTECTION_KEYS=y
/home/manan/Aira-Octave/logs/autonomous-20260830-063845.log:532:./configs/airaos-x86_64.config:378:CONFIG_RANDOMIZE_MEMORY=y
/home/manan/Aira-Octave/logs/autonomous-20260830-063845.log:533:./configs/airaos-x86_64.config:379:CONFIG_RANDOMIZE_MEMORY_PHYSICAL_PADDING=0x0
/home/manan/Aira-Octave/logs/autonomous-20260830-063845.log:534:./configs/airaos-x86_64.config:382:CONFIG_LEGACY_VSYSCALL_XONLY=y
/home/manan/Aira-Octave/logs/autonomous-20260830-063845.log:535:./configs/airaos-x86_64.config:383:# CONFIG_LEGACY_VSYSCALL_NONE is not set
/home/manan/Aira-Octave/logs/autonomous-20260830-063845.log:536:./configs/airaos-x86_64.config:385:# CONFIG_MODIFY_LDT_SYSCALL is not set
/home/manan/Aira-Octave/logs/autonomous-20260830-063845.log:537:./configs/airaos-x86_64.config:443:CONFIG_ACPI_CONTAINER=y
/home/manan/Aira-Octave/logs/autonomous-20260830-063845.log:538:./configs/airaos-x86_64.config:473:# CONFIG_CPU_FREQ_DEFAULT_GOV_USERSPACE is not set
/home/manan/Aira-Octave/logs/autonomous-20260830-063845.log:539:./configs/airaos-x86_64.config:477:# CONFIG_CPU_FREQ_GOV_USERSPACE is not set
/home/manan/Aira-Octave/logs/autonomous-20260830-063845.log:540:./configs/airaos-x86_64.config:585:CONFIG_GENERIC_SYSCALL=y
/home/manan/Aira-Octave/logs/autonomous-20260830-063845.log:541:./configs/airaos-x86_64.config:606:CONFIG_ARCH_HAS_SET_MEMORY=y
/home/manan/Aira-Octave/logs/autonomous-20260830-063845.log:542:./configs/airaos-x86_64.config:612:CONFIG_ARCH_MEMORY_ORDER_TSO=y
/home/manan/Aira-Octave/logs/autonomous-20260830-063845.log:543:./configs/airaos-x86_64.config:690:CONFIG_ARCH_HAS_STRICT_KERNEL_RWX=y
/home/manan/Aira-Octave/logs/autonomous-20260830-063845.log:544:./configs/airaos-x86_64.config:691:CONFIG_STRICT_KERNEL_RWX=y
/home/manan/Aira-Octave/logs/autonomous-20260830-063845.log:545:./configs/airaos-x86_64.config:709:CONFIG_ARCH_HAS_KERNEL_FPU_SUPPORT=y
/home/manan/Aira-Octave/logs/autonomous-20260830-063845.log:546:./configs/airaos-x86_64.config:714:# GCOV-based kernel profiling
/home/manan/Aira-Octave/logs/autonomous-20260830-063845.log:547:./configs/airaos-x86_64.config:717:# end of GCOV-based kernel profiling
/home/manan/Aira-Octave/logs/autonomous-20260830-063845.log:548:./configs/airaos-x86_64.config:732:# CONFIG_MODULE_UNLOAD_TAINT_TRACKING is not set
/home/manan/Aira-Octave/logs/autonomous-20260830-063845.log:549:./configs/airaos-x86_64.config:761:# IO Schedulers
/home/manan/Aira-Octave/logs/autonomous-20260830-063845.log:550:./configs/airaos-x86_64.config:766:# end of IO Schedulers
/home/manan/Aira-Octave/logs/autonomous-20260830-063845.log:551:./configs/airaos-x86_64.config:779:CONFIG_ARCH_HAS_SYSCALL_WRAPPER=y
/home/manan/Aira-Octave/logs/autonomous-20260830-063845.log:552:./configs/airaos-x86_64.config:791:# Memory Management options
/home/manan/Aira-Octave/logs/autonomous-20260830-063845.log:553:./configs/airaos-x86_64.config:815:CONFIG_ARCH_ENABLE_MEMORY_HOTPLUG=y
/home/manan/Aira-Octave/logs/autonomous-20260830-063845.log:554:./configs/airaos-x86_64.config:816:# CONFIG_MEMORY_HOTPLUG is not set
/home/manan/Aira-Octave/logs/autonomous-20260830-063845.log:555:./configs/airaos-x86_64.config:817:CONFIG_ARCH_MHP_MEMMAP_ON_MEMORY_ENABLE=y
/home/manan/Aira-Octave/logs/autonomous-20260830-063845.log:556:./configs/airaos-x86_64.config:862:CONFIG_PT_RECLAIM=y
/home/manan/Aira-Octave/logs/autonomous-20260830-063845.log:557:./configs/airaos-x86_64.config:869:# end of Memory Management options
/home/manan/Aira-Octave/logs/autonomous-20260830-063845.log:558:./configs/airaos-x86_64.config:874:# Networking options
/home/manan/Aira-Octave/logs/autonomous-20260830-063845.log:559:./configs/airaos-x86_64.config:896:# CONFIG_INET_IPCOMP is not set
/home/manan/Aira-Octave/logs/autonomous-20260830-063845.log:560:./configs/airaos-x86_64.config:914:# CONFIG_INET6_IPCOMP is not set
/home/manan/Aira-Octave/logs/autonomous-20260830-063845.log:561:./configs/airaos-x86_64.config:928:# CONFIG_NETWORK_SECMARK is not set
/home/manan/Aira-Octave/logs/autonomous-20260830-063845.log:562:./configs/airaos-x86_64.config:929:# CONFIG_NETWORK_PHY_TIMESTAMPING is not set
/home/manan/Aira-Octave/logs/autonomous-20260830-063845.log:563:./configs/airaos-x86_64.config:933:# CONFIG_TIPC is not set
/home/manan/Aira-Octave/logs/autonomous-20260830-063845.log:564:./configs/airaos-x86_64.config:968:# Network testing
/home/manan/Aira-Octave/logs/autonomous-20260830-063845.log:565:./configs/airaos-x86_64.config:971:# end of Network testing
/home/manan/Aira-Octave/logs/autonomous-20260830-063845.log:566:./configs/airaos-x86_64.config:972:# end of Networking options
/home/manan/Aira-Octave/logs/autonomous-20260830-063845.log:567:./configs/airaos-x86_64.config:995:# CONFIG_FAILOVER is not set
/home/manan/Aira-Octave/logs/autonomous-20260830-063845.log:568:./configs/airaos-x86_64.config:1004:CONFIG_PCI_DOMAINS=y
/home/manan/Aira-Octave/logs/autonomous-20260830-063845.log:569:./configs/airaos-x86_64.config:1251:# CONFIG_RAID_ATTRS is not set
/home/manan/Aira-Octave/logs/autonomous-20260830-063845.log:570:./configs/airaos-x86_64.config:1426:# Enable PHYLIB and NETWORK_PHY_TIMESTAMPING to see the additional clocks.
/home/manan/Aira-Octave/logs/autonomous-20260830-063845.log:571:./configs/airaos-x86_64.config:1456:# CONFIG_THERMAL_DEFAULT_GOV_FAIR_SHARE is not set
/home/manan/Aira-Octave/logs/autonomous-20260830-063845.log:572:./configs/airaos-x86_64.config:1458:# CONFIG_THERMAL_GOV_FAIR_SHARE is not set
/home/manan/Aira-Octave/logs/autonomous-20260830-063845.log:573:./configs/airaos-x86_64.config:1664:# CONFIG_HID_SAITEK is not set
/home/manan/Aira-Octave/logs/autonomous-20260830-063845.log:574:./configs/airaos-x86_64.config:1771:CONFIG_MAILBOX=y
/home/manan/Aira-Octave/logs/autonomous-20260830-063845.log:575:./configs/airaos-x86_64.config:1839:# PM Domains
/home/manan/Aira-Octave/logs/autonomous-20260830-063845.log:576:./configs/airaos-x86_64.config:1843:# Amlogic PM Domains
/home/manan/Aira-Octave/logs/autonomous-20260830-063845.log:577:./configs/airaos-x86_64.config:1845:# end of Amlogic PM Domains
/home/manan/Aira-Octave/logs/autonomous-20260830-063845.log:578:./configs/airaos-x86_64.config:1848:# Broadcom PM Domains
/home/manan/Aira-Octave/logs/autonomous-20260830-063845.log:579:./configs/airaos-x86_64.config:1850:# end of Broadcom PM Domains
/home/manan/Aira-Octave/logs/autonomous-20260830-063845.log:580:./configs/airaos-x86_64.config:1853:# i.MX PM Domains
/home/manan/Aira-Octave/logs/autonomous-20260830-063845.log:581:./configs/airaos-x86_64.config:1855:# end of i.MX PM Domains
/home/manan/Aira-Octave/logs/autonomous-20260830-063845.log:582:./configs/airaos-x86_64.config:1858:# Qualcomm PM Domains
/home/manan/Aira-Octave/logs/autonomous-20260830-063845.log:583:./configs/airaos-x86_64.config:1860:# end of Qualcomm PM Domains
/home/manan/Aira-Octave/logs/autonomous-20260830-063845.log:584:./configs/airaos-x86_64.config:1861:# end of PM Domains
/home/manan/Aira-Octave/logs/autonomous-20260830-063845.log:585:./configs/airaos-x86_64.config:1865:# CONFIG_MEMORY is not set
/home/manan/Aira-Octave/logs/autonomous-20260830-063845.log:586:./configs/airaos-x86_64.config:1910:# CONFIG_ANDROID_BINDER_IPC is not set
/home/manan/Aira-Octave/logs/autonomous-20260830-063845.log:587:./configs/airaos-x86_64.config:2036:CONFIG_NETWORK_FILESYSTEMS=y
/home/manan/Aira-Octave/logs/autonomous-20260830-063845.log:588:./configs/airaos-x86_64.config:2110:# Kernel hardening options
/home/manan/Aira-Octave/logs/autonomous-20260830-063845.log:589:./configs/airaos-x86_64.config:2114:# Memory initialization
/home/manan/Aira-Octave/logs/autonomous-20260830-063845.log:590:./configs/airaos-x86_64.config:2126:# end of Memory initialization
/home/manan/Aira-Octave/logs/autonomous-20260830-063845.log:591:./configs/airaos-x86_64.config:2136:# Hardening of kernel data structures
/home/manan/Aira-Octave/logs/autonomous-20260830-063845.log:592:./configs/airaos-x86_64.config:2140:# end of Hardening of kernel data structures
/home/manan/Aira-Octave/logs/autonomous-20260830-063845.log:593:./configs/airaos-x86_64.config:2143:# end of Kernel hardening options
/home/manan/Aira-Octave/logs/autonomous-20260830-063845.log:594:./configs/airaos-x86_64.config:2237:# Kernel hacking
/home/manan/Aira-Octave/logs/autonomous-20260830-063845.log:595:./configs/airaos-x86_64.config:2249:CONFIG_DEBUG_KERNEL=y
/home/manan/Aira-Octave/logs/autonomous-20260830-063845.log:596:./configs/airaos-x86_64.config:2257:# CONFIG_DEBUG_INFO_DWARF_TOOLCHAIN_DEFAULT is not set
/home/manan/Aira-Octave/logs/autonomous-20260830-063845.log:597:./configs/airaos-x86_64.config:2274:# Generic Kernel Debugging Instruments
/home/manan/Aira-Octave/logs/autonomous-20260830-063845.log:598:./configs/airaos-x86_64.config:2285:# end of Generic Kernel Debugging Instruments
/home/manan/Aira-Octave/logs/autonomous-20260830-063845.log:599:./configs/airaos-x86_64.config:2288:# Networking Debugging
/home/manan/Aira-Octave/logs/autonomous-20260830-063845.log:600:./configs/airaos-x86_64.config:2294:# end of Networking Debugging
/home/manan/Aira-Octave/logs/autonomous-20260830-063845.log:601:./configs/airaos-x86_64.config:2297:# Memory Debugging
/home/manan/Aira-Octave/logs/autonomous-20260830-063845.log:602:./configs/airaos-x86_64.config:2320:# CONFIG_DEBUG_MEMORY_INIT is not set
/home/manan/Aira-Octave/logs/autonomous-20260830-063845.log:603:./configs/airaos-x86_64.config:2333:# end of Memory Debugging
/home/manan/Aira-Octave/logs/autonomous-20260830-063845.log:604:./configs/airaos-x86_64.config:2353:# Scheduler Debugging
/home/manan/Aira-Octave/logs/autonomous-20260830-063845.log:605:./configs/airaos-x86_64.config:2356:# end of Scheduler Debugging
/home/manan/Aira-Octave/logs/autonomous-20260830-063845.log:606:./configs/airaos-x86_64.config:2377:# CONFIG_CSD_LOCK_WAIT_DEBUG is not set
/home/manan/Aira-Octave/logs/autonomous-20260830-063845.log:607:./configs/airaos-x86_64.config:2386:# Debug kernel data structures
/home/manan/Aira-Octave/logs/autonomous-20260830-063845.log:608:./configs/airaos-x86_64.config:2393:# end of Debug kernel data structures
/home/manan/Aira-Octave/logs/autonomous-20260830-063845.log:609:./configs/airaos-x86_64.config:2421:CONFIG_HAVE_SYSCALL_TRACEPOINTS=y
/home/manan/Aira-Octave/logs/autonomous-20260830-063845.log:610:./configs/airaos-x86_64.config:2459:# Kernel Testing and Coverage
/home/manan/Aira-Octave/logs/autonomous-20260830-063845.log:611:./configs/airaos-x86_64.config:2469:# end of Kernel Testing and Coverage
/home/manan/Aira-Octave/logs/autonomous-20260830-063845.log:612:./configs/airaos-x86_64.config:2475:# end of Kernel hacking
/home/manan/Aira-Octave/logs/autonomous-20260830-063845.log:613:./configs/airaos-x86_64-working.config:3:# Linux/x86 7.2.2 Kernel Configuration
/home/manan/Aira-Octave/logs/autonomous-20260830-063845.log:614:./configs/airaos-x86_64-working.config:41:CONFIG_HAVE_KERNEL_GZIP=y
/home/manan/Aira-Octave/logs/autonomous-20260830-063845.log:615:./configs/airaos-x86_64-working.config:42:CONFIG_HAVE_KERNEL_BZIP2=y
/home/manan/Aira-Octave/logs/autonomous-20260830-063845.log:616:./configs/airaos-x86_64-working.config:43:CONFIG_HAVE_KERNEL_LZMA=y
/home/manan/Aira-Octave/logs/autonomous-20260830-063845.log:617:./configs/airaos-x86_64-working.config:44:CONFIG_HAVE_KERNEL_XZ=y
/home/manan/Aira-Octave/logs/autonomous-20260830-063845.log:618:./configs/airaos-x86_64-working.config:45:CONFIG_HAVE_KERNEL_LZO=y
/home/manan/Aira-Octave/logs/autonomous-20260830-063845.log:619:./configs/airaos-x86_64-working.config:46:CONFIG_HAVE_KERNEL_LZ4=y
/home/manan/Aira-Octave/logs/autonomous-20260830-063845.log:620:./configs/airaos-x86_64-working.config:47:CONFIG_HAVE_KERNEL_ZSTD=y
/home/manan/Aira-Octave/logs/autonomous-20260830-063845.log:621:./configs/airaos-x86_64-working.config:48:# CONFIG_KERNEL_GZIP is not set
/home/manan/Aira-Octave/logs/autonomous-20260830-063845.log:622:./configs/airaos-x86_64-working.config:49:# CONFIG_KERNEL_BZIP2 is not set
/home/manan/Aira-Octave/logs/autonomous-20260830-063845.log:623:./configs/airaos-x86_64-working.config:50:# CONFIG_KERNEL_LZMA is not set
/home/manan/Aira-Octave/logs/autonomous-20260830-063845.log:624:./configs/airaos-x86_64-working.config:51:CONFIG_KERNEL_XZ=y
/home/manan/Aira-Octave/logs/autonomous-20260830-063845.log:625:./configs/airaos-x86_64-working.config:52:# CONFIG_KERNEL_LZO is not set
/home/manan/Aira-Octave/logs/autonomous-20260830-063845.log:626:./configs/airaos-x86_64-working.config:53:# CONFIG_KERNEL_LZ4 is not set
/home/manan/Aira-Octave/logs/autonomous-20260830-063845.log:627:./configs/airaos-x86_64-working.config:54:# CONFIG_KERNEL_ZSTD is not set
/home/manan/Aira-Octave/logs/autonomous-20260830-063845.log:628:./configs/airaos-x86_64-working.config:57:# CONFIG_SYSVIPC is not set
/home/manan/Aira-Octave/logs/autonomous-20260830-063845.log:629:./configs/airaos-x86_64-working.config:60:# CONFIG_CROSS_MEMORY_ATTACH is not set
/home/manan/Aira-Octave/logs/autonomous-20260830-063845.log:630:./configs/airaos-x86_64-working.config:62:CONFIG_HAVE_ARCH_AUDITSYSCALL=y
/home/manan/Aira-Octave/logs/autonomous-20260830-063845.log:631:./configs/airaos-x86_64-working.config:73:CONFIG_IRQ_DOMAIN=y
/home/manan/Aira-Octave/logs/autonomous-20260830-063845.log:632:./configs/airaos-x86_64-working.config:74:CONFIG_IRQ_DOMAIN_HIERARCHY=y
/home/manan/Aira-Octave/logs/autonomous-20260830-063845.log:633:./configs/airaos-x86_64-working.config:113:# CONFIG_BPF_SYSCALL is not set
/home/manan/Aira-Octave/logs/autonomous-20260830-063845.log:634:./configs/airaos-x86_64-working.config:153:# Scheduler features
/home/manan/Aira-Octave/logs/autonomous-20260830-063845.log:635:./configs/airaos-x86_64-working.config:157:# end of Scheduler features
/home/manan/Aira-Octave/logs/autonomous-20260830-063845.log:636:./configs/airaos-x86_64-working.config:192:# CONFIG_SYSFS_SYSCALL is not set
/home/manan/Aira-Octave/logs/autonomous-20260830-063845.log:637:./configs/airaos-x86_64-working.config:196:# CONFIG_SGETMASK_SYSCALL is not set
/home/manan/Aira-Octave/logs/autonomous-20260830-063845.log:638:./configs/airaos-x86_64-working.config:210:# CONFIG_AIO is not set
/home/manan/Aira-Octave/logs/autonomous-20260830-063845.log:639:./configs/airaos-x86_64-working.config:212:# CONFIG_ADVISE_SYSCALLS is not set
/home/manan/Aira-Octave/logs/autonomous-20260830-063845.log:640:./configs/airaos-x86_64-working.config:216:# CONFIG_CACHESTAT_SYSCALL is not set
/home/manan/Aira-Octave/logs/autonomous-20260830-063845.log:641:./configs/airaos-x86_64-working.config:223:# Kernel Performance Events And Counters
/home/manan/Aira-Octave/logs/autonomous-20260830-063845.log:642:./configs/airaos-x86_64-working.config:227:# end of Kernel Performance Events And Counters
/home/manan/Aira-Octave/logs/autonomous-20260830-063845.log:643:./configs/airaos-x86_64-working.config:326:CONFIG_X86_VSYSCALL_EMULATION=y
/home/manan/Aira-Octave/logs/autonomous-20260830-063845.log:644:./configs/airaos-x86_64-working.config:345:CONFIG_X86_KERNEL_IBT=y
/home/manan/Aira-Octave/logs/autonomous-20260830-063845.log:645:./configs/airaos-x86_64-working.config:346:CONFIG_X86_INTEL_MEMORY_PROTECTION_KEYS=y
/home/manan/Aira-Octave/logs/autonomous-20260830-063845.log:646:./configs/airaos-x86_64-working.config:378:CONFIG_RANDOMIZE_MEMORY=y
/home/manan/Aira-Octave/logs/autonomous-20260830-063845.log:647:./configs/airaos-x86_64-working.config:379:CONFIG_RANDOMIZE_MEMORY_PHYSICAL_PADDING=0x0
/home/manan/Aira-Octave/logs/autonomous-20260830-063845.log:648:./configs/airaos-x86_64-working.config:382:CONFIG_LEGACY_VSYSCALL_XONLY=y
/home/manan/Aira-Octave/logs/autonomous-20260830-063845.log:649:./configs/airaos-x86_64-working.config:383:# CONFIG_LEGACY_VSYSCALL_NONE is not set
/home/manan/Aira-Octave/logs/autonomous-20260830-063845.log:650:./configs/airaos-x86_64-working.config:385:# CONFIG_MODIFY_LDT_SYSCALL is not set
/home/manan/Aira-Octave/logs/autonomous-20260830-063845.log:651:./configs/airaos-x86_64-working.config:443:CONFIG_ACPI_CONTAINER=y
/home/manan/Aira-Octave/logs/autonomous-20260830-063845.log:652:./configs/airaos-x86_64-working.config:473:# CONFIG_CPU_FREQ_DEFAULT_GOV_USERSPACE is not set
/home/manan/Aira-Octave/logs/autonomous-20260830-063845.log:653:./configs/airaos-x86_64-working.config:477:# CONFIG_CPU_FREQ_GOV_USERSPACE is not set
/home/manan/Aira-Octave/logs/autonomous-20260830-063845.log:654:./configs/airaos-x86_64-working.config:585:CONFIG_GENERIC_SYSCALL=y
/home/manan/Aira-Octave/logs/autonomous-20260830-063845.log:655:./configs/airaos-x86_64-working.config:606:CONFIG_ARCH_HAS_SET_MEMORY=y
/home/manan/Aira-Octave/logs/autonomous-20260830-063845.log:656:./configs/airaos-x86_64-working.config:612:CONFIG_ARCH_MEMORY_ORDER_TSO=y
/home/manan/Aira-Octave/logs/autonomous-20260830-063845.log:657:./configs/airaos-x86_64-working.config:690:CONFIG_ARCH_HAS_STRICT_KERNEL_RWX=y
/home/manan/Aira-Octave/logs/autonomous-20260830-063845.log:658:./configs/airaos-x86_64-working.config:691:CONFIG_STRICT_KERNEL_RWX=y
/home/manan/Aira-Octave/logs/autonomous-20260830-063845.log:659:./configs/airaos-x86_64-working.config:709:CONFIG_ARCH_HAS_KERNEL_FPU_SUPPORT=y
/home/manan/Aira-Octave/logs/autonomous-20260830-063845.log:660:./configs/airaos-x86_64-working.config:714:# GCOV-based kernel profiling
/home/manan/Aira-Octave/logs/autonomous-20260830-063845.log:661:./configs/airaos-x86_64-working.config:717:# end of GCOV-based kernel profiling
/home/manan/Aira-Octave/logs/autonomous-20260830-063845.log:662:./configs/airaos-x86_64-working.config:732:# CONFIG_MODULE_UNLOAD_TAINT_TRACKING is not set
/home/manan/Aira-Octave/logs/autonomous-20260830-063845.log:663:./configs/airaos-x86_64-working.config:761:# IO Schedulers
/home/manan/Aira-Octave/logs/autonomous-20260830-063845.log:664:./configs/airaos-x86_64-working.config:766:# end of IO Schedulers
/home/manan/Aira-Octave/logs/autonomous-20260830-063845.log:665:./configs/airaos-x86_64-working.config:779:CONFIG_ARCH_HAS_SYSCALL_WRAPPER=y
/home/manan/Aira-Octave/logs/autonomous-20260830-063845.log:666:./configs/airaos-x86_64-working.config:791:# Memory Management options
/home/manan/Aira-Octave/logs/autonomous-20260830-063845.log:667:./configs/airaos-x86_64-working.config:815:CONFIG_ARCH_ENABLE_MEMORY_HOTPLUG=y
/home/manan/Aira-Octave/logs/autonomous-20260830-063845.log:668:./configs/airaos-x86_64-working.config:816:# CONFIG_MEMORY_HOTPLUG is not set
/home/manan/Aira-Octave/logs/autonomous-20260830-063845.log:669:./configs/airaos-x86_64-working.config:817:CONFIG_ARCH_MHP_MEMMAP_ON_MEMORY_ENABLE=y
/home/manan/Aira-Octave/logs/autonomous-20260830-063845.log:670:./configs/airaos-x86_64-working.config:862:CONFIG_PT_RECLAIM=y
/home/manan/Aira-Octave/logs/autonomous-20260830-063845.log:671:./configs/airaos-x86_64-working.config:869:# end of Memory Management options
/home/manan/Aira-Octave/logs/autonomous-20260830-063845.log:672:./configs/airaos-x86_64-working.config:874:# Networking options
/home/manan/Aira-Octave/logs/autonomous-20260830-063845.log:673:./configs/airaos-x86_64-working.config:896:# CONFIG_INET_IPCOMP is not set
/home/manan/Aira-Octave/logs/autonomous-20260830-063845.log:674:./configs/airaos-x86_64-working.config:914:# CONFIG_INET6_IPCOMP is not set
/home/manan/Aira-Octave/logs/autonomous-20260830-063845.log:675:./configs/airaos-x86_64-working.config:928:# CONFIG_NETWORK_SECMARK is not set
/home/manan/Aira-Octave/logs/autonomous-20260830-063845.log:676:./configs/airaos-x86_64-working.config:929:# CONFIG_NETWORK_PHY_TIMESTAMPING is not set
/home/manan/Aira-Octave/logs/autonomous-20260830-063845.log:677:./configs/airaos-x86_64-working.config:933:# CONFIG_TIPC is not set
/home/manan/Aira-Octave/logs/autonomous-20260830-063845.log:678:./configs/airaos-x86_64-working.config:968:# Network testing
/home/manan/Aira-Octave/logs/autonomous-20260830-063845.log:679:./configs/airaos-x86_64-working.config:971:# end of Network testing
/home/manan/Aira-Octave/logs/autonomous-20260830-063845.log:680:./configs/airaos-x86_64-working.config:972:# end of Networking options
/home/manan/Aira-Octave/logs/autonomous-20260830-063845.log:681:./configs/airaos-x86_64-working.config:995:# CONFIG_FAILOVER is not set
/home/manan/Aira-Octave/logs/autonomous-20260830-063845.log:682:./configs/airaos-x86_64-working.config:1004:CONFIG_PCI_DOMAINS=y
/home/manan/Aira-Octave/logs/autonomous-20260830-063845.log:683:./configs/airaos-x86_64-working.config:1251:# CONFIG_RAID_ATTRS is not set
/home/manan/Aira-Octave/logs/autonomous-20260830-063845.log:684:./configs/airaos-x86_64-working.config:1426:# Enable PHYLIB and NETWORK_PHY_TIMESTAMPING to see the additional clocks.
/home/manan/Aira-Octave/logs/autonomous-20260830-063845.log:685:./configs/airaos-x86_64-working.config:1456:# CONFIG_THERMAL_DEFAULT_GOV_FAIR_SHARE is not set
/home/manan/Aira-Octave/logs/autonomous-20260830-063845.log:686:./configs/airaos-x86_64-working.config:1458:# CONFIG_THERMAL_GOV_FAIR_SHARE is not set
/home/manan/Aira-Octave/logs/autonomous-20260830-063845.log:687:./configs/airaos-x86_64-working.config:1664:# CONFIG_HID_SAITEK is not set
/home/manan/Aira-Octave/logs/autonomous-20260830-063845.log:688:./configs/airaos-x86_64-working.config:1771:CONFIG_MAILBOX=y
/home/manan/Aira-Octave/logs/autonomous-20260830-063845.log:689:./configs/airaos-x86_64-working.config:1839:# PM Domains
/home/manan/Aira-Octave/logs/autonomous-20260830-063845.log:690:./configs/airaos-x86_64-working.config:1843:# Amlogic PM Domains
/home/manan/Aira-Octave/logs/autonomous-20260830-063845.log:691:./configs/airaos-x86_64-working.config:1845:# end of Amlogic PM Domains
/home/manan/Aira-Octave/logs/autonomous-20260830-063845.log:692:./configs/airaos-x86_64-working.config:1848:# Broadcom PM Domains
/home/manan/Aira-Octave/logs/autonomous-20260830-063845.log:693:./configs/airaos-x86_64-working.config:1850:# end of Broadcom PM Domains
/home/manan/Aira-Octave/logs/autonomous-20260830-063845.log:694:./configs/airaos-x86_64-working.config:1853:# i.MX PM Domains
/home/manan/Aira-Octave/logs/autonomous-20260830-063845.log:695:./configs/airaos-x86_64-working.config:1855:# end of i.MX PM Domains
/home/manan/Aira-Octave/logs/autonomous-20260830-063845.log:696:./configs/airaos-x86_64-working.config:1858:# Qualcomm PM Domains
/home/manan/Aira-Octave/logs/autonomous-20260830-063845.log:697:./configs/airaos-x86_64-working.config:1860:# end of Qualcomm PM Domains
/home/manan/Aira-Octave/logs/autonomous-20260830-063845.log:698:./configs/airaos-x86_64-working.config:1861:# end of PM Domains
/home/manan/Aira-Octave/logs/autonomous-20260830-063845.log:699:./configs/airaos-x86_64-working.config:1865:# CONFIG_MEMORY is not set
/home/manan/Aira-Octave/logs/autonomous-20260830-063845.log:700:./configs/airaos-x86_64-working.config:1910:# CONFIG_ANDROID_BINDER_IPC is not set
/home/manan/Aira-Octave/logs/autonomous-20260830-063845.log:701:./configs/airaos-x86_64-working.config:2036:CONFIG_NETWORK_FILESYSTEMS=y
/home/manan/Aira-Octave/logs/autonomous-20260830-063845.log:702:./configs/airaos-x86_64-working.config:2110:# Kernel hardening options
/home/manan/Aira-Octave/logs/autonomous-20260830-063845.log:703:./configs/airaos-x86_64-working.config:2114:# Memory initialization
/home/manan/Aira-Octave/logs/autonomous-20260830-063845.log:704:./configs/airaos-x86_64-working.config:2126:# end of Memory initialization
/home/manan/Aira-Octave/logs/autonomous-20260830-063845.log:705:./configs/airaos-x86_64-working.config:2136:# Hardening of kernel data structures
/home/manan/Aira-Octave/logs/autonomous-20260830-063845.log:706:./configs/airaos-x86_64-working.config:2140:# end of Hardening of kernel data structures
/home/manan/Aira-Octave/logs/autonomous-20260830-063845.log:707:./configs/airaos-x86_64-working.config:2143:# end of Kernel hardening options
/home/manan/Aira-Octave/logs/autonomous-20260830-063845.log:708:./configs/airaos-x86_64-working.config:2237:# Kernel hacking
/home/manan/Aira-Octave/logs/autonomous-20260830-063845.log:709:./configs/airaos-x86_64-working.config:2249:CONFIG_DEBUG_KERNEL=y
/home/manan/Aira-Octave/logs/autonomous-20260830-063845.log:710:./configs/airaos-x86_64-working.config:2257:# CONFIG_DEBUG_INFO_DWARF_TOOLCHAIN_DEFAULT is not set
/home/manan/Aira-Octave/logs/autonomous-20260830-063845.log:711:./configs/airaos-x86_64-working.config:2274:# Generic Kernel Debugging Instruments
/home/manan/Aira-Octave/logs/autonomous-20260830-063845.log:712:./configs/airaos-x86_64-working.config:2285:# end of Generic Kernel Debugging Instruments
/home/manan/Aira-Octave/logs/autonomous-20260830-063845.log:713:./configs/airaos-x86_64-working.config:2288:# Networking Debugging
/home/manan/Aira-Octave/logs/autonomous-20260830-063845.log:714:./configs/airaos-x86_64-working.config:2294:# end of Networking Debugging
/home/manan/Aira-Octave/logs/autonomous-20260830-063845.log:715:./configs/airaos-x86_64-working.config:2297:# Memory Debugging
/home/manan/Aira-Octave/logs/autonomous-20260830-063845.log:716:./configs/airaos-x86_64-working.config:2320:# CONFIG_DEBUG_MEMORY_INIT is not set
/home/manan/Aira-Octave/logs/autonomous-20260830-063845.log:717:./configs/airaos-x86_64-working.config:2333:# end of Memory Debugging
/home/manan/Aira-Octave/logs/autonomous-20260830-063845.log:718:./configs/airaos-x86_64-working.config:2353:# Scheduler Debugging
/home/manan/Aira-Octave/logs/autonomous-20260830-063845.log:719:./configs/airaos-x86_64-working.config:2356:# end of Scheduler Debugging
/home/manan/Aira-Octave/logs/autonomous-20260830-063845.log:720:./configs/airaos-x86_64-working.config:2377:# CONFIG_CSD_LOCK_WAIT_DEBUG is not set
/home/manan/Aira-Octave/logs/autonomous-20260830-063845.log:721:./configs/airaos-x86_64-working.config:2386:# Debug kernel data structures
/home/manan/Aira-Octave/logs/autonomous-20260830-063845.log:722:./configs/airaos-x86_64-working.config:2393:# end of Debug kernel data structures
/home/manan/Aira-Octave/logs/autonomous-20260830-063845.log:723:./configs/airaos-x86_64-working.config:2421:CONFIG_HAVE_SYSCALL_TRACEPOINTS=y
/home/manan/Aira-Octave/logs/autonomous-20260830-063845.log:724:./configs/airaos-x86_64-working.config:2459:# Kernel Testing and Coverage
/home/manan/Aira-Octave/logs/autonomous-20260830-063845.log:725:./configs/airaos-x86_64-working.config:2469:# end of Kernel Testing and Coverage
/home/manan/Aira-Octave/logs/autonomous-20260830-063845.log:726:./configs/airaos-x86_64-working.config:2475:# end of Kernel hacking
/home/manan/Aira-Octave/logs/autonomous-20260830-063845.log:727:./logs/autonomous-kernel-build.log:1:make: Entering directory '/home/manan/Aira-Octave/linux-7.2.2'
/home/manan/Aira-Octave/logs/autonomous-20260830-063845.log:729:./logs/autonomous-kernel-build.log:4:make: Leaving directory '/home/manan/Aira-Octave/linux-7.2.2'
/home/manan/Aira-Octave/logs/autonomous-20260830-063845.log:730:./logs/kernel-build.log:1:make: Entering directory '/home/manan/Aira-Octave/linux-7.2.2'
/home/manan/Aira-Octave/logs/autonomous-20260830-063845.log:731:./logs/kernel-build.log:3:  CC      /home/manan/Aira-Octave/linux-7.2.2/tools/objtool/libsubcmd/exec-cmd.o
/home/manan/Aira-Octave/logs/autonomous-20260830-063845.log:732:./logs/kernel-build.log:4:  CC      /home/manan/Aira-Octave/linux-7.2.2/tools/objtool/libsubcmd/help.o
/home/manan/Aira-Octave/logs/autonomous-20260830-063845.log:733:./logs/kernel-build.log:5:  CC      /home/manan/Aira-Octave/linux-7.2.2/tools/objtool/libsubcmd/pager.o
/home/manan/Aira-Octave/logs/autonomous-20260830-063845.log:734:./logs/kernel-build.log:6:  CC      /home/manan/Aira-Octave/linux-7.2.2/tools/objtool/libsubcmd/parse-options.o
/home/manan/Aira-Octave/logs/autonomous-20260830-063845.log:735:./logs/kernel-build.log:7:  CC      /home/manan/Aira-Octave/linux-7.2.2/tools/objtool/libsubcmd/run-command.o
/home/manan/Aira-Octave/logs/autonomous-20260830-063845.log:736:./logs/kernel-build.log:8:  CC      /home/manan/Aira-Octave/linux-7.2.2/tools/objtool/libsubcmd/sigchain.o
/home/manan/Aira-Octave/logs/autonomous-20260830-063845.log:737:./logs/kernel-build.log:9:  CC      /home/manan/Aira-Octave/linux-7.2.2/tools/objtool/libsubcmd/subcmd-config.o
/home/manan/Aira-Octave/logs/autonomous-20260830-063845.log:738:./logs/kernel-build.log:10:  LD      /home/manan/Aira-Octave/linux-7.2.2/tools/objtool/libsubcmd/libsubcmd-in.o
/home/manan/Aira-Octave/logs/autonomous-20260830-063845.log:739:./logs/kernel-build.log:11:  AR      /home/manan/Aira-Octave/linux-7.2.2/tools/objtool/libsubcmd/libsubcmd.a
/home/manan/Aira-Octave/logs/autonomous-20260830-063845.log:740:./logs/kernel-build.log:12:  CC      /home/manan/Aira-Octave/linux-7.2.2/tools/objtool/weak.o
/home/manan/Aira-Octave/logs/autonomous-20260830-063845.log:741:./logs/kernel-build.log:13:  CC      /home/manan/Aira-Octave/linux-7.2.2/tools/objtool/check.o
/home/manan/Aira-Octave/logs/autonomous-20260830-063845.log:742:./logs/kernel-build.log:14:  CC      /home/manan/Aira-Octave/linux-7.2.2/tools/objtool/special.o
/home/manan/Aira-Octave/logs/autonomous-20260830-063845.log:743:./logs/kernel-build.log:15:  CC      /home/manan/Aira-Octave/linux-7.2.2/tools/objtool/builtin-check.o
/home/manan/Aira-Octave/logs/autonomous-20260830-063845.log:744:./logs/kernel-build.log:16:  CC      /home/manan/Aira-Octave/linux-7.2.2/tools/objtool/elf.o
/home/manan/Aira-Octave/logs/autonomous-20260830-063845.log:745:./logs/kernel-build.log:17:  CC      /home/manan/Aira-Octave/linux-7.2.2/tools/objtool/objtool.o
/home/manan/Aira-Octave/logs/autonomous-20260830-063845.log:746:./logs/kernel-build.log:18:  CC      /home/manan/Aira-Octave/linux-7.2.2/tools/objtool/orc_gen.o
/home/manan/Aira-Octave/logs/autonomous-20260830-063845.log:747:./logs/kernel-build.log:19:  CC      /home/manan/Aira-Octave/linux-7.2.2/tools/objtool/arch/x86/decode.o
/home/manan/Aira-Octave/logs/autonomous-20260830-063845.log:748:./logs/kernel-build.log:20:  CC      /home/manan/Aira-Octave/linux-7.2.2/tools/objtool/orc_dump.o
/home/manan/Aira-Octave/logs/autonomous-20260830-063845.log:749:./logs/kernel-build.log:21:  CC      /home/manan/Aira-Octave/linux-7.2.2/tools/objtool/libstring.o
/home/manan/Aira-Octave/logs/autonomous-20260830-063845.log:750:./logs/kernel-build.log:22:  CC      /home/manan/Aira-Octave/linux-7.2.2/tools/objtool/libctype.o
/home/manan/Aira-Octave/logs/autonomous-20260830-063845.log:751:./logs/kernel-build.log:23:  CC      /home/manan/Aira-Octave/linux-7.2.2/tools/objtool/str_error_r.o
/home/manan/Aira-Octave/logs/autonomous-20260830-063845.log:752:./logs/kernel-build.log:24:  CC      /home/manan/Aira-Octave/linux-7.2.2/tools/objtool/librbtree.o
/home/manan/Aira-Octave/logs/autonomous-20260830-063845.log:753:./logs/kernel-build.log:25:  CC      /home/manan/Aira-Octave/linux-7.2.2/tools/objtool/signal.o
/home/manan/Aira-Octave/logs/autonomous-20260830-063845.log:754:./logs/kernel-build.log:26:  CC      /home/manan/Aira-Octave/linux-7.2.2/tools/objtool/arch/x86/special.o
/home/manan/Aira-Octave/logs/autonomous-20260830-063845.log:755:./logs/kernel-build.log:27:  CC      /home/manan/Aira-Octave/linux-7.2.2/tools/objtool/arch/x86/orc.o
/home/manan/Aira-Octave/logs/autonomous-20260830-063845.log:756:./logs/kernel-build.log:28:  LD      /home/manan/Aira-Octave/linux-7.2.2/tools/objtool/arch/x86/objtool-in.o
/home/manan/Aira-Octave/logs/autonomous-20260830-063845.log:757:./logs/kernel-build.log:29:  LD      /home/manan/Aira-Octave/linux-7.2.2/tools/objtool/objtool-in.o
/home/manan/Aira-Octave/logs/autonomous-20260830-063845.log:758:./logs/kernel-build.log:30:  LINK    /home/manan/Aira-Octave/linux-7.2.2/tools/objtool/objtool
/home/manan/Aira-Octave/logs/autonomous-20260830-063845.log:762:./logs/kernel-build.log:78:make: Leaving directory '/home/manan/Aira-Octave/linux-7.2.2'
/home/manan/Aira-Octave/logs/autonomous-20260830-063845.log:763:./logs/AIRA-OCTAVE-BUILD-REPORT.txt:1:AIRA OCTAVE BUILD REPORT
/home/manan/Aira-Octave/logs/autonomous-20260830-063845.log:764:./logs/AIRA-OCTAVE-BUILD-REPORT.txt:8:Kernel:
/home/manan/Aira-Octave/logs/autonomous-20260830-063845.log:765:./logs/AIRA-OCTAVE-BUILD-REPORT.txt:17:          AIRAOS LINUX
/home/manan/Aira-Octave/logs/autonomous-20260830-063845.log:766:./logs/AIRA-OCTAVE-BUILD-REPORT.txt:18:AiraOS Linux kernel is alive.
/home/manan/Aira-Octave/logs/autonomous-20260830-063845.log:767:./logs/AIRA-OCTAVE-BUILD-REPORT.txt:19:        AiraOS userspace ready
/home/manan/Aira-Octave/logs/autonomous-20260830-063845.log:793:]3008;start=566b14ce-8641-447f-84fe-de1273ad84a7;machineid=2d236954e62b4bd9991cea01e2ca4c85;user=manan;hostname=IPAD-SERVER;bootid=929f66c4-ee84-4cc0-bc60-99c238e9c7a2;pid=00000000000000078713;type=command;cwd=/home/manan/Aira-Octave\
/home/manan/Aira-Octave/logs/autonomous-20260830-063845.log:794:]3008;start=566b14ce-8641-447f-84fe-de1273ad84a7;machineid=2d236954e62b4bd9991cea01e2ca4c85;user=manan;hostname=IPAD-SERVER;bootid=929f66c4-ee84-4cc0-bc60-99c238e9c7a2;pid=00000000000000078713;type=command;cwd=/home/manan/Aira-Octave\==============================================================
/home/manan/Aira-Octave/logs/autonomous-20260830-063845.log:795:]3008;start=566b14ce-8641-447f-84fe-de1273ad84a7;machineid=2d236954e62b4bd9991cea01e2ca4c85;user=manan;hostname=IPAD-SERVER;bootid=929f66c4-ee84-4cc0-bc60-99c238e9c7a2;pid=00000000000000078713;type=command;cwd=/home/manan/Aira-Octave\21. DISK USAGE
/home/manan/Aira-Octave/logs/autonomous-20260830-063845.log:796:]3008;start=566b14ce-8641-447f-84fe-de1273ad84a7;machineid=2d236954e62b4bd9991cea01e2ca4c85;user=manan;hostname=IPAD-SERVER;bootid=929f66c4-ee84-4cc0-bc60-99c238e9c7a2;pid=00000000000000078713;type=command;cwd=/home/manan/Aira-Octave\==============================================================
/home/manan/Aira-Octave/logs/autonomous-20260830-063845.log:797:]3008;start=566b14ce-8641-447f-84fe-de1273ad84a7;machineid=2d236954e62b4bd9991cea01e2ca4c85;user=manan;hostname=IPAD-SERVER;bootid=929f66c4-ee84-4cc0-bc60-99c238e9c7a2;pid=00000000000000078713;type=command;cwd=/home/manan/Aira-Octave\3.2G	.
/home/manan/Aira-Octave/logs/autonomous-20260830-063845.log:798:]3008;start=566b14ce-8641-447f-84fe-de1273ad84a7;machineid=2d236954e62b4bd9991cea01e2ca4c85;user=manan;hostname=IPAD-SERVER;bootid=929f66c4-ee84-4cc0-bc60-99c238e9c7a2;pid=00000000000000078713;type=command;cwd=/home/manan/Aira-Octave\2.7G	linux-7.2.2
/home/manan/Aira-Octave/logs/autonomous-20260830-063845.log:799:]3008;start=566b14ce-8641-447f-84fe-de1273ad84a7;machineid=2d236954e62b4bd9991cea01e2ca4c85;user=manan;hostname=IPAD-SERVER;bootid=929f66c4-ee84-4cc0-bc60-99c238e9c7a2;pid=00000000000000078713;type=command;cwd=/home/manan/Aira-Octave\2.2M	initramfs
/home/manan/Aira-Octave/logs/autonomous-20260830-063845.log:800:]3008;start=566b14ce-8641-447f-84fe-de1273ad84a7;machineid=2d236954e62b4bd9991cea01e2ca4c85;user=manan;hostname=IPAD-SERVER;bootid=929f66c4-ee84-4cc0-bc60-99c238e9c7a2;pid=00000000000000078713;type=command;cwd=/home/manan/Aira-Octave\140K	logs
/home/manan/Aira-Octave/logs/autonomous-20260830-063845.log:801:]3008;start=566b14ce-8641-447f-84fe-de1273ad84a7;machineid=2d236954e62b4bd9991cea01e2ca4c85;user=manan;hostname=IPAD-SERVER;bootid=929f66c4-ee84-4cc0-bc60-99c238e9c7a2;pid=00000000000000078713;type=command;cwd=/home/manan/Aira-Octave\
/home/manan/Aira-Octave/logs/autonomous-20260830-063845.log:802:]3008;start=566b14ce-8641-447f-84fe-de1273ad84a7;machineid=2d236954e62b4bd9991cea01e2ca4c85;user=manan;hostname=IPAD-SERVER;bootid=929f66c4-ee84-4cc0-bc60-99c238e9c7a2;pid=00000000000000078713;type=command;cwd=/home/manan/Aira-Octave\==============================================================
/home/manan/Aira-Octave/logs/autonomous-20260830-063845.log:803:]3008;start=566b14ce-8641-447f-84fe-de1273ad84a7;machineid=2d236954e62b4bd9991cea01e2ca4c85;user=manan;hostname=IPAD-SERVER;bootid=929f66c4-ee84-4cc0-bc60-99c238e9c7a2;pid=00000000000000078713;type=command;cwd=/home/manan/Aira-Octave\22. REPOSITORY CLEANUP
/home/manan/Aira-Octave/logs/autonomous-20260830-063845.log:804:]3008;start=566b14ce-8641-447f-84fe-de1273ad84a7;machineid=2d236954e62b4bd9991cea01e2ca4c85;user=manan;hostname=IPAD-SERVER;bootid=929f66c4-ee84-4cc0-bc60-99c238e9c7a2;pid=00000000000000078713;type=command;cwd=/home/manan/Aira-Octave\==============================================================
/home/manan/Aira-Octave/logs/autonomous-20260830-063845.log:805:]3008;start=566b14ce-8641-447f-84fe-de1273ad84a7;machineid=2d236954e62b4bd9991cea01e2ca4c85;user=manan;hostname=IPAD-SERVER;bootid=929f66c4-ee84-4cc0-bc60-99c238e9c7a2;pid=00000000000000078713;type=command;cwd=/home/manan/Aira-Octave\]3008;start=566b14ce-8641-447f-84fe-de1273ad84a7;machineid=2d236954e62b4bd9991cea01e2ca4c85;user=manan;hostname=IPAD-SERVER;bootid=929f66c4-ee84-4cc0-bc60-99c238e9c7a2;pid=00000000000000078713;type=command;cwd=/home/manan/Aira-Octave\ M .gitignore
/home/manan/Aira-Octave/logs/autonomous-20260830-063845.log:807:]3008;start=566b14ce-8641-447f-84fe-de1273ad84a7;machineid=2d236954e62b4bd9991cea01e2ca4c85;user=manan;hostname=IPAD-SERVER;bootid=929f66c4-ee84-4cc0-bc60-99c238e9c7a2;pid=00000000000000078713;type=command;cwd=/home/manan/Aira-Octave\
/home/manan/Aira-Octave/logs/autonomous-20260830-063845.log:808:]3008;start=566b14ce-8641-447f-84fe-de1273ad84a7;machineid=2d236954e62b4bd9991cea01e2ca4c85;user=manan;hostname=IPAD-SERVER;bootid=929f66c4-ee84-4cc0-bc60-99c238e9c7a2;pid=00000000000000078713;type=command;cwd=/home/manan/Aira-Octave\==============================================================
/home/manan/Aira-Octave/logs/autonomous-20260830-063845.log:809:]3008;start=566b14ce-8641-447f-84fe-de1273ad84a7;machineid=2d236954e62b4bd9991cea01e2ca4c85;user=manan;hostname=IPAD-SERVER;bootid=929f66c4-ee84-4cc0-bc60-99c238e9c7a2;pid=00000000000000078713;type=command;cwd=/home/manan/Aira-Octave\23. GENERATE AUTONOMOUS REPORT
/home/manan/Aira-Octave/logs/autonomous-20260830-063845.log:810:]3008;start=566b14ce-8641-447f-84fe-de1273ad84a7;machineid=2d236954e62b4bd9991cea01e2ca4c85;user=manan;hostname=IPAD-SERVER;bootid=929f66c4-ee84-4cc0-bc60-99c238e9c7a2;pid=00000000000000078713;type=command;cwd=/home/manan/Aira-Octave\==============================================================
/home/manan/Aira-Octave/logs/autonomous-20260830-063845.log:811:]3008;start=566b14ce-8641-447f-84fe-de1273ad84a7;machineid=2d236954e62b4bd9991cea01e2ca4c85;user=manan;hostname=IPAD-SERVER;bootid=929f66c4-ee84-4cc0-bc60-99c238e9c7a2;pid=00000000000000078713;type=command;cwd=/home/manan/Aira-Octave\]3008;start=566b14ce-8641-447f-84fe-de1273ad84a7;machineid=2d236954e62b4bd9991cea01e2ca4c85;user=manan;hostname=IPAD-SERVER;bootid=929f66c4-ee84-4cc0-bc60-99c238e9c7a2;pid=00000000000000078713;type=command;cwd=/home/manan/Aira-Octave\]3008;start=566b14ce-8641-447f-84fe-de1273ad84a7;machineid=2d236954e62b4bd9991cea01e2ca4c85;user=manan;hostname=IPAD-SERVER;bootid=929f66c4-ee84-4cc0-bc60-99c238e9c7a2;pid=00000000000000078713;type=command;cwd=/home/manan/Aira-Octave\==============================================================
/home/manan/Aira-Octave/logs/autonomous-20260830-063845.log:812:AIRA OCTAVE AUTONOMOUS DEVELOPMENT REPORT
/home/manan/Aira-Octave/logs/autonomous-20260830-063845.log:818:1eec0061e test: rebuild and boot-test Aira Octave
/home/manan/Aira-Octave/logs/autonomous-20260830-063845.log:841:MISS: AIRAOS LINUX
/home/manan/Aira-Octave/logs/autonomous-20260830-063845.log:842:MISS: AiraOS Linux kernel is alive.
/home/manan/Aira-Octave/logs/autonomous-20260830-063845.log:843:MISS: AiraOS userspace ready
/home/manan/Aira-Octave/logs/autonomous-20260830-063845.log:878:]3008;start=566b14ce-8641-447f-84fe-de1273ad84a7;machineid=2d236954e62b4bd9991cea01e2ca4c85;user=manan;hostname=IPAD-SERVER;bootid=929f66c4-ee84-4cc0-bc60-99c238e9c7a2;pid=00000000000000078713;type=command;cwd=/home/manan/Aira-Octave\
/home/manan/Aira-Octave/logs/autonomous-20260830-063845.log:879:]3008;start=566b14ce-8641-447f-84fe-de1273ad84a7;machineid=2d236954e62b4bd9991cea01e2ca4c85;user=manan;hostname=IPAD-SERVER;bootid=929f66c4-ee84-4cc0-bc60-99c238e9c7a2;pid=00000000000000078713;type=command;cwd=/home/manan/Aira-Octave\==============================================================
/home/manan/Aira-Octave/logs/autonomous-20260830-063845.log:880:]3008;start=566b14ce-8641-447f-84fe-de1273ad84a7;machineid=2d236954e62b4bd9991cea01e2ca4c85;user=manan;hostname=IPAD-SERVER;bootid=929f66c4-ee84-4cc0-bc60-99c238e9c7a2;pid=00000000000000078713;type=command;cwd=/home/manan/Aira-Octave\24. GIT STATUS
/home/manan/Aira-Octave/logs/autonomous-20260830-063845.log:881:]3008;start=566b14ce-8641-447f-84fe-de1273ad84a7;machineid=2d236954e62b4bd9991cea01e2ca4c85;user=manan;hostname=IPAD-SERVER;bootid=929f66c4-ee84-4cc0-bc60-99c238e9c7a2;pid=00000000000000078713;type=command;cwd=/home/manan/Aira-Octave\==============================================================
/home/manan/Aira-Octave/logs/autonomous-20260830-063845.log:882:]3008;start=566b14ce-8641-447f-84fe-de1273ad84a7;machineid=2d236954e62b4bd9991cea01e2ca4c85;user=manan;hostname=IPAD-SERVER;bootid=929f66c4-ee84-4cc0-bc60-99c238e9c7a2;pid=00000000000000078713;type=command;cwd=/home/manan/Aira-Octave\ M .gitignore
/home/manan/Aira-Octave/logs/autonomous-20260830-063845.log:885:]3008;start=566b14ce-8641-447f-84fe-de1273ad84a7;machineid=2d236954e62b4bd9991cea01e2ca4c85;user=manan;hostname=IPAD-SERVER;bootid=929f66c4-ee84-4cc0-bc60-99c238e9c7a2;pid=00000000000000078713;type=command;cwd=/home/manan/Aira-Octave\
/home/manan/Aira-Octave/logs/autonomous-20260830-063845.log:886:]3008;start=566b14ce-8641-447f-84fe-de1273ad84a7;machineid=2d236954e62b4bd9991cea01e2ca4c85;user=manan;hostname=IPAD-SERVER;bootid=929f66c4-ee84-4cc0-bc60-99c238e9c7a2;pid=00000000000000078713;type=command;cwd=/home/manan/Aira-Octave\==============================================================
/home/manan/Aira-Octave/logs/autonomous-20260830-063845.log:887:]3008;start=566b14ce-8641-447f-84fe-de1273ad84a7;machineid=2d236954e62b4bd9991cea01e2ca4c85;user=manan;hostname=IPAD-SERVER;bootid=929f66c4-ee84-4cc0-bc60-99c238e9c7a2;pid=00000000000000078713;type=command;cwd=/home/manan/Aira-Octave\25. COMMIT RESULTS
/home/manan/Aira-Octave/logs/autonomous-20260830-063845.log:888:]3008;start=566b14ce-8641-447f-84fe-de1273ad84a7;machineid=2d236954e62b4bd9991cea01e2ca4c85;user=manan;hostname=IPAD-SERVER;bootid=929f66c4-ee84-4cc0-bc60-99c238e9c7a2;pid=00000000000000078713;type=command;cwd=/home/manan/Aira-Octave\==============================================================
/home/manan/Aira-Octave/logs/autonomous-20260830-063845.log:889:]3008;start=566b14ce-8641-447f-84fe-de1273ad84a7;machineid=2d236954e62b4bd9991cea01e2ca4c85;user=manan;hostname=IPAD-SERVER;bootid=929f66c4-ee84-4cc0-bc60-99c238e9c7a2;pid=00000000000000078713;type=command;cwd=/home/manan/Aira-Octave\]3008;start=566b14ce-8641-447f-84fe-de1273ad84a7;machineid=2d236954e62b4bd9991cea01e2ca4c85;user=manan;hostname=IPAD-SERVER;bootid=929f66c4-ee84-4cc0-bc60-99c238e9c7a2;pid=00000000000000078713;type=command;cwd=/home/manan/Aira-Octave\]3008;start=566b14ce-8641-447f-84fe-de1273ad84a7;machineid=2d236954e62b4bd9991cea01e2ca4c85;user=manan;hostname=IPAD-SERVER;bootid=929f66c4-ee84-4cc0-bc60-99c238e9c7a2;pid=00000000000000078713;type=command;cwd=/home/manan/Aira-Octave\[main 83a73251c] test: autonomous kernel and userspace validation
/home/manan/Aira-Octave/logs/autonomous-20260830-063845.log:891: create mode 100644 reports/AIRA-OCTAVE-AUTONOMOUS-REPORT.txt
/home/manan/Aira-Octave/logs/autonomous-20260830-063845.log:892:]3008;start=566b14ce-8641-447f-84fe-de1273ad84a7;machineid=2d236954e62b4bd9991cea01e2ca4c85;user=manan;hostname=IPAD-SERVER;bootid=929f66c4-ee84-4cc0-bc60-99c238e9c7a2;pid=00000000000000078713;type=command;cwd=/home/manan/Aira-Octave\
/home/manan/Aira-Octave/logs/autonomous-20260830-063845.log:893:]3008;start=566b14ce-8641-447f-84fe-de1273ad84a7;machineid=2d236954e62b4bd9991cea01e2ca4c85;user=manan;hostname=IPAD-SERVER;bootid=929f66c4-ee84-4cc0-bc60-99c238e9c7a2;pid=00000000000000078713;type=command;cwd=/home/manan/Aira-Octave\==============================================================
/home/manan/Aira-Octave/logs/autonomous-20260830-063845.log:894:]3008;start=566b14ce-8641-447f-84fe-de1273ad84a7;machineid=2d236954e62b4bd9991cea01e2ca4c85;user=manan;hostname=IPAD-SERVER;bootid=929f66c4-ee84-4cc0-bc60-99c238e9c7a2;pid=00000000000000078713;type=command;cwd=/home/manan/Aira-Octave\26. PUSH
/home/manan/Aira-Octave/logs/autonomous-20260830-063845.log:895:]3008;start=566b14ce-8641-447f-84fe-de1273ad84a7;machineid=2d236954e62b4bd9991cea01e2ca4c85;user=manan;hostname=IPAD-SERVER;bootid=929f66c4-ee84-4cc0-bc60-99c238e9c7a2;pid=00000000000000078713;type=command;cwd=/home/manan/Aira-Octave\==============================================================
/home/manan/Aira-Octave/logs/autonomous-20260830-063845.log:896:]3008;start=566b14ce-8641-447f-84fe-de1273ad84a7;machineid=2d236954e62b4bd9991cea01e2ca4c85;user=manan;hostname=IPAD-SERVER;bootid=929f66c4-ee84-4cc0-bc60-99c238e9c7a2;pid=00000000000000078713;type=command;cwd=/home/manan/Aira-Octave\To https://github.com/manansulya01/Aira-Octave.git
/home/manan/Aira-Octave/logs/autonomous-20260830-063845.log:898:]3008;start=566b14ce-8641-447f-84fe-de1273ad84a7;machineid=2d236954e62b4bd9991cea01e2ca4c85;user=manan;hostname=IPAD-SERVER;bootid=929f66c4-ee84-4cc0-bc60-99c238e9c7a2;pid=00000000000000078713;type=command;cwd=/home/manan/Aira-Octave\
/home/manan/Aira-Octave/logs/autonomous-20260830-063845.log:899:]3008;start=566b14ce-8641-447f-84fe-de1273ad84a7;machineid=2d236954e62b4bd9991cea01e2ca4c85;user=manan;hostname=IPAD-SERVER;bootid=929f66c4-ee84-4cc0-bc60-99c238e9c7a2;pid=00000000000000078713;type=command;cwd=/home/manan/Aira-Octave\==============================================================
/home/manan/Aira-Octave/logs/autonomous-20260830-063845.log:900:]3008;start=566b14ce-8641-447f-84fe-de1273ad84a7;machineid=2d236954e62b4bd9991cea01e2ca4c85;user=manan;hostname=IPAD-SERVER;bootid=929f66c4-ee84-4cc0-bc60-99c238e9c7a2;pid=00000000000000078713;type=command;cwd=/home/manan/Aira-Octave\27. FINAL STATE
/home/manan/Aira-Octave/logs/autonomous-20260830-063845.log:901:]3008;start=566b14ce-8641-447f-84fe-de1273ad84a7;machineid=2d236954e62b4bd9991cea01e2ca4c85;user=manan;hostname=IPAD-SERVER;bootid=929f66c4-ee84-4cc0-bc60-99c238e9c7a2;pid=00000000000000078713;type=command;cwd=/home/manan/Aira-Octave\==============================================================
/home/manan/Aira-Octave/logs/autonomous-20260830-063845.log:902:]3008;start=566b14ce-8641-447f-84fe-de1273ad84a7;machineid=2d236954e62b4bd9991cea01e2ca4c85;user=manan;hostname=IPAD-SERVER;bootid=929f66c4-ee84-4cc0-bc60-99c238e9c7a2;pid=00000000000000078713;type=command;cwd=/home/manan/Aira-Octave\83a73251c test: autonomous kernel and userspace validation
/home/manan/Aira-Octave/logs/autonomous-20260830-063845.log:903:1eec0061e test: rebuild and boot-test Aira Octave
/home/manan/Aira-Octave/logs/autonomous-20260830-063845.log:905:f677e7377 feat: boot AiraOS Linux userspace
/home/manan/Aira-Octave/logs/autonomous-20260830-063845.log:906:]3008;start=566b14ce-8641-447f-84fe-de1273ad84a7;machineid=2d236954e62b4bd9991cea01e2ca4c85;user=manan;hostname=IPAD-SERVER;bootid=929f66c4-ee84-4cc0-bc60-99c238e9c7a2;pid=00000000000000078713;type=command;cwd=/home/manan/Aira-Octave\
/home/manan/Aira-Octave/logs/autonomous-20260830-063845.log:907:]3008;start=566b14ce-8641-447f-84fe-de1273ad84a7;machineid=2d236954e62b4bd9991cea01e2ca4c85;user=manan;hostname=IPAD-SERVER;bootid=929f66c4-ee84-4cc0-bc60-99c238e9c7a2;pid=00000000000000078713;type=command;cwd=/home/manan/Aira-Octave\On branch main
/home/manan/Aira-Octave/logs/autonomous-20260830-063845.log:916:]3008;start=566b14ce-8641-447f-84fe-de1273ad84a7;machineid=2d236954e62b4bd9991cea01e2ca4c85;user=manan;hostname=IPAD-SERVER;bootid=929f66c4-ee84-4cc0-bc60-99c238e9c7a2;pid=00000000000000078713;type=command;cwd=/home/manan/Aira-Octave\
/home/manan/Aira-Octave/logs/autonomous-20260830-063845.log:917:]3008;start=566b14ce-8641-447f-84fe-de1273ad84a7;machineid=2d236954e62b4bd9991cea01e2ca4c85;user=manan;hostname=IPAD-SERVER;bootid=929f66c4-ee84-4cc0-bc60-99c238e9c7a2;pid=00000000000000078713;type=command;cwd=/home/manan/Aira-Octave\==============================================================
/home/manan/Aira-Octave/logs/autonomous-20260830-063845.log:918:]3008;start=566b14ce-8641-447f-84fe-de1273ad84a7;machineid=2d236954e62b4bd9991cea01e2ca4c85;user=manan;hostname=IPAD-SERVER;bootid=929f66c4-ee84-4cc0-bc60-99c238e9c7a2;pid=00000000000000078713;type=command;cwd=/home/manan/Aira-Octave\             AIRA OCTAVE AUTONOMOUS RUN DONE
/home/manan/Aira-Octave/logs/autonomous-20260830-063845.log:919:]3008;start=566b14ce-8641-447f-84fe-de1273ad84a7;machineid=2d236954e62b4bd9991cea01e2ca4c85;user=manan;hostname=IPAD-SERVER;bootid=929f66c4-ee84-4cc0-bc60-99c238e9c7a2;pid=00000000000000078713;type=command;cwd=/home/manan/Aira-Octave\==============================================================
/home/manan/Aira-Octave/logs/autonomous-20260830-063845.log:920:]3008;start=566b14ce-8641-447f-84fe-de1273ad84a7;machineid=2d236954e62b4bd9991cea01e2ca4c85;user=manan;hostname=IPAD-SERVER;bootid=929f66c4-ee84-4cc0-bc60-99c238e9c7a2;pid=00000000000000078713;type=command;cwd=/home/manan/Aira-Octave\Sun Aug 30 06:39:07 UTC 2026
/home/manan/Aira-Octave/logs/autonomous-20260830-063845.log:921:]3008;start=566b14ce-8641-447f-84fe-de1273ad84a7;machineid=2d236954e62b4bd9991cea01e2ca4c85;user=manan;hostname=IPAD-SERVER;bootid=929f66c4-ee84-4cc0-bc60-99c238e9c7a2;pid=00000000000000078713;type=command;cwd=/home/manan/Aira-Octave\
/home/manan/Aira-Octave/logs/autonomous-20260830-063845.log:922:]3008;start=566b14ce-8641-447f-84fe-de1273ad84a7;machineid=2d236954e62b4bd9991cea01e2ca4c85;user=manan;hostname=IPAD-SERVER;bootid=929f66c4-ee84-4cc0-bc60-99c238e9c7a2;pid=00000000000000078713;type=command;cwd=/home/manan/Aira-Octave\REPORT:
/home/manan/Aira-Octave/logs/autonomous-20260830-063845.log:923:]3008;start=566b14ce-8641-447f-84fe-de1273ad84a7;machineid=2d236954e62b4bd9991cea01e2ca4c85;user=manan;hostname=IPAD-SERVER;bootid=929f66c4-ee84-4cc0-bc60-99c238e9c7a2;pid=00000000000000078713;type=command;cwd=/home/manan/Aira-Octave\==============================================================
/home/manan/Aira-Octave/logs/autonomous-20260830-063845.log:924:AIRA OCTAVE AUTONOMOUS DEVELOPMENT REPORT
/home/manan/Aira-Octave/logs/autonomous-20260830-063845.log:930:1eec0061e test: rebuild and boot-test Aira Octave
/home/manan/Aira-Octave/logs/autonomous-20260830-063845.log:953:MISS: AIRAOS LINUX
/home/manan/Aira-Octave/logs/autonomous-20260830-063845.log:954:MISS: AiraOS Linux kernel is alive.
/home/manan/Aira-Octave/logs/autonomous-20260830-063845.log:955:MISS: AiraOS userspace ready
/home/manan/Aira-Octave/logs/autonomous-20260830-063845.log:990:]3008;start=566b14ce-8641-447f-84fe-de1273ad84a7;machineid=2d236954e62b4bd9991cea01e2ca4c85;user=manan;hostname=IPAD-SERVER;bootid=929f66c4-ee84-4cc0-bc60-99c238e9c7a2;pid=00000000000000078713;type=command;cwd=/home/manan/Aira-Octave\
/home/manan/Aira-Octave/logs/autonomous-20260830-063845.log:991:]3008;start=566b14ce-8641-447f-84fe-de1273ad84a7;machineid=2d236954e62b4bd9991cea01e2ca4c85;user=manan;hostname=IPAD-SERVER;bootid=929f66c4-ee84-4cc0-bc60-99c238e9c7a2;pid=00000000000000078713;type=command;cwd=/home/manan/Aira-Octave\==============================================================
/home/manan/Aira-Octave/logs/autonomous-20260830-063845.log:992:]3008;start=566b14ce-8641-447f-84fe-de1273ad84a7;machineid=2d236954e62b4bd9991cea01e2ca4c85;user=manan;hostname=IPAD-SERVER;bootid=929f66c4-ee84-4cc0-bc60-99c238e9c7a2;pid=00000000000000078713;type=command;cwd=/home/manan/Aira-Octave\                 GO BUILD AIRA OCTAVE
/home/manan/Aira-Octave/logs/autonomous-20260830-063845.log:993:]3008;start=566b14ce-8641-447f-84fe-de1273ad84a7;machineid=2d236954e62b4bd9991cea01e2ca4c85;user=manan;hostname=IPAD-SERVER;bootid=929f66c4-ee84-4cc0-bc60-99c238e9c7a2;pid=00000000000000078713;type=command;cwd=/home/manan/Aira-Octave\==============================================================
/home/manan/Aira-Octave/logs/autonomous-20260830-063845.log:994:]3008;end=566b14ce-8641-447f-84fe-de1273ad84a7;exit=success\]3008;start=76d0807d-6167-4cbc-ab5b-81e7d9e59065;machineid=2d236954e62b4bd9991cea01e2ca4c85;user=manan;hostname=IPAD-SERVER;bootid=929f66c4-ee84-4cc0-bc60-99c238e9c7a2;pid=00000000000000078713;type=shell;cwd=/home/manan/Aira-Octave\[?2004h]0;manan@IPAD-SERVER: ~/Aira-Octave[01;32mmanan@IPAD-SERVER[00m:[01;34m~/Aira-Octave[00m$ clear
/home/manan/Aira-Octave/logs/autonomous-20260830-063845.log:995:[?2004l]3008;start=476eb881-3d52-479b-8f5e-fe88c8659f00;machineid=2d236954e62b4bd9991cea01e2ca4c85;user=manan;hostname=IPAD-SERVER;bootid=929f66c4-ee84-4cc0-bc60-99c238e9c7a2;pid=00000000000000078713;type=command;cwd=/home/manan/Aira-Octave\[H[2J[3J]3008;end=476eb881-3d52-479b-8f5e-fe88c8659f00;exit=success\]3008;start=76d0807d-6167-4cbc-ab5b-81e7d9e59065;machineid=2d236954e62b4bd9991cea01e2ca4c85;user=manan;hostname=IPAD-SERVER;bootid=929f66c4-ee84-4cc0-bc60-99c238e9c7a2;pid=00000000000000078713;type=shell;cwd=/home/manan/Aira-Octave\[?2004h]0;manan@IPAD-SERVER: ~/Aira-Octave[01;32mmanan@IPAD-SERVER[00m:[01;34m~/Aira-Octave[00m$ [7mcd ~/Aira-Octave[27m
/home/manan/Aira-Octave/logs/autonomous-20260830-063845.log:996:[7mcat reports/AIRA-OCTAVE-AUTONOMOUS-REPORT.txt[27m
/home/manan/Aira-Octave/logs/autonomous-20260830-063845.log:998:[7mgit status[27m[A[A[A]0;manan@IPAD-SERVER: ~/Aira-Octave[01;32mmanan@IPAD-SERVER[00m:[01;34m~/Aira-Octave[00m$ cd ~/Aira-Octave
/home/manan/Aira-Octave/logs/autonomous-20260830-063845.log:999:cat reports/AIRA-OCTAVE-AUTONOMOUS-REPORT.txt
/home/manan/Aira-Octave/logs/autonomous-20260830-063845.log:1002:[?2004l]3008;start=1542ba00-f814-412c-a416-4054c15bf15a;machineid=2d236954e62b4bd9991cea01e2ca4c85;user=manan;hostname=IPAD-SERVER;bootid=929f66c4-ee84-4cc0-bc60-99c238e9c7a2;pid=00000000000000078713;type=command;cwd=/home/manan/Aira-Octave\]3008;start=1542ba00-f814-412c-a416-4054c15bf15a;machineid=2d236954e62b4bd9991cea01e2ca4c85;user=manan;hostname=IPAD-SERVER;bootid=929f66c4-ee84-4cc0-bc60-99c238e9c7a2;pid=00000000000000078713;type=command;cwd=/home/manan/Aira-Octave\==============================================================
/home/manan/Aira-Octave/logs/autonomous-20260830-063845.log:1003:AIRA OCTAVE AUTONOMOUS DEVELOPMENT REPORT
/home/manan/Aira-Octave/logs/autonomous-20260830-063845.log:1009:1eec0061e test: rebuild and boot-test Aira Octave
/home/manan/Aira-Octave/logs/autonomous-20260830-063845.log:1032:MISS: AIRAOS LINUX
/home/manan/Aira-Octave/logs/autonomous-20260830-063845.log:1033:MISS: AiraOS Linux kernel is alive.
/home/manan/Aira-Octave/logs/autonomous-20260830-063845.log:1034:MISS: AiraOS userspace ready
/home/manan/Aira-Octave/logs/autonomous-20260830-063845.log:1069:]3008;start=1542ba00-f814-412c-a416-4054c15bf15a;machineid=2d236954e62b4bd9991cea01e2ca4c85;user=manan;hostname=IPAD-SERVER;bootid=929f66c4-ee84-4cc0-bc60-99c238e9c7a2;pid=00000000000000078713;type=command;cwd=/home/manan/Aira-Octave\83a73251c test: autonomous kernel and userspace validation
/home/manan/Aira-Octave/logs/autonomous-20260830-063845.log:1070:1eec0061e test: rebuild and boot-test Aira Octave
/home/manan/Aira-Octave/logs/autonomous-20260830-063845.log:1072:f677e7377 feat: boot AiraOS Linux userspace
/home/manan/Aira-Octave/logs/autonomous-20260830-063845.log:1073:]3008;start=1542ba00-f814-412c-a416-4054c15bf15a;machineid=2d236954e62b4bd9991cea01e2ca4c85;user=manan;hostname=IPAD-SERVER;bootid=929f66c4-ee84-4cc0-bc60-99c238e9c7a2;pid=00000000000000078713;type=command;cwd=/home/manan/Aira-Octave\On branch main
/home/manan/Aira-Octave/logs/autonomous-20260830-063845.log:1082:]3008;end=1542ba00-f814-412c-a416-4054c15bf15a;exit=success\]3008;start=76d0807d-6167-4cbc-ab5b-81e7d9e59065;machineid=2d236954e62b4bd9991cea01e2ca4c85;user=manan;hostname=IPAD-SERVER;bootid=929f66c4-ee84-4cc0-bc60-99c238e9c7a2;pid=00000000000000078713;type=shell;cwd=/home/manan/Aira-Octave\[?2004h]0;manan@IPAD-SERVER: ~/Aira-Octave[01;32mmanan@IPAD-SERVER[00m:[01;34m~/Aira-Octave[00m$ cleatr[K[Kr
/home/manan/Aira-Octave/logs/autonomous-olddefconfig.log:1:make: Entering directory '/home/manan/Aira-Octave/linux-7.2.2'
/home/manan/Aira-Octave/logs/autonomous-olddefconfig.log:5:make: Leaving directory '/home/manan/Aira-Octave/linux-7.2.2'
/home/manan/Aira-Octave/linux-7.2.2/sound/drivers/opl3/opl3_drums.c:46:	unsigned char octave_f;
/home/manan/Aira-Octave/linux-7.2.2/sound/drivers/opl3/opl3_drums.c:114:	opl3->command(opl3, opl3_reg, data->octave_f);
/home/manan/Aira-Octave/linux-7.2.2/sound/drivers/opl3/opl3_synth.c:422:	/* Set octave */
/home/manan/Aira-Octave/linux-7.2.2/sound/drivers/opl3/opl3_synth.c:423:	reg_val |= (note->octave << 2) & OPL3_BLOCKNUM_MASK;
/home/manan/Aira-Octave/linux-7.2.2/sound/drivers/opl4/opl4_local.h:70:/* F-Number high bits, Octave, Pseudo-Reverb (0x38 to 0x4F) */
/home/manan/Aira-Octave/linux-7.2.2/sound/drivers/opl4/opl4_local.h:71:#define OPL4_REG_OCTAVE			0x38
/home/manan/Aira-Octave/linux-7.2.2/sound/drivers/opl4/opl4_synth.c:414:	int note, pitch, octave;
/home/manan/Aira-Octave/linux-7.2.2/sound/drivers/opl4/opl4_synth.c:419:	 * 0x600 is one octave.
/home/manan/Aira-Octave/linux-7.2.2/sound/drivers/opl4/opl4_synth.c:431:	octave = pitch / 0x600 - 8;
/home/manan/Aira-Octave/linux-7.2.2/sound/drivers/opl4/opl4_synth.c:434:	snd_opl4_write(opl4, OPL4_REG_OCTAVE + voice->number,
/home/manan/Aira-Octave/linux-7.2.2/sound/drivers/opl4/opl4_synth.c:435:		       (octave << 4) | ((pitch >> 7) & OPL4_F_NUMBER_HIGH_MASK));
/home/manan/Aira-Octave/linux-7.2.2/sound/synth/emux/emux_nrpn.c:244:/* vibrato depth: max=127, 1 octave */
/home/manan/Aira-Octave/linux-7.2.2/sound/synth/emux/soundfont.c:827: * rate=44100 is no offset, each 4096 is 1 octave (twice).
/home/manan/Aira-Octave/linux-7.2.2/sound/synth/emux/emux_synth.c:787: * Every 4096 is one octave.
/home/manan/Aira-Octave/linux-7.2.2/drivers/hid/hid-prodikeys.c:8: *  Controls for Octave Shift Up/Down, Channel, and
/home/manan/Aira-Octave/linux-7.2.2/drivers/hid/hid-prodikeys.c:54:	short				midi_octave;
/home/manan/Aira-Octave/linux-7.2.2/drivers/hid/hid-prodikeys.c:69:#define PCMIDI_OCTAVE_MIN (-2)
/home/manan/Aira-Octave/linux-7.2.2/drivers/hid/hid-prodikeys.c:70:#define PCMIDI_OCTAVE_MAX 2
/home/manan/Aira-Octave/linux-7.2.2/drivers/hid/hid-prodikeys.c:164:/* Output routine for the sysfs octave file */
/home/manan/Aira-Octave/linux-7.2.2/drivers/hid/hid-prodikeys.c:165:static ssize_t show_octave(struct device *dev,
/home/manan/Aira-Octave/linux-7.2.2/drivers/hid/hid-prodikeys.c:171:	dbg_hid("pcmidi sysfs read octave=%d\n", pm->midi_octave);
/home/manan/Aira-Octave/linux-7.2.2/drivers/hid/hid-prodikeys.c:173:	return sprintf(buf, "%d (min:%d, max:%d)\n", pm->midi_octave,
/home/manan/Aira-Octave/linux-7.2.2/drivers/hid/hid-prodikeys.c:174:		PCMIDI_OCTAVE_MIN, PCMIDI_OCTAVE_MAX);
/home/manan/Aira-Octave/linux-7.2.2/drivers/hid/hid-prodikeys.c:177:/* Input routine for the sysfs octave file */
/home/manan/Aira-Octave/linux-7.2.2/drivers/hid/hid-prodikeys.c:178:static ssize_t store_octave(struct device *dev,
/home/manan/Aira-Octave/linux-7.2.2/drivers/hid/hid-prodikeys.c:184:	int octave = 0;
/home/manan/Aira-Octave/linux-7.2.2/drivers/hid/hid-prodikeys.c:186:	if (sscanf(buf, "%d", &octave) > 0 &&
/home/manan/Aira-Octave/linux-7.2.2/drivers/hid/hid-prodikeys.c:187:		octave >= PCMIDI_OCTAVE_MIN && octave <= PCMIDI_OCTAVE_MAX) {
/home/manan/Aira-Octave/linux-7.2.2/drivers/hid/hid-prodikeys.c:188:		dbg_hid("pcmidi sysfs write octave=%d\n", octave);
/home/manan/Aira-Octave/linux-7.2.2/drivers/hid/hid-prodikeys.c:189:		pm->midi_octave = octave;
/home/manan/Aira-Octave/linux-7.2.2/drivers/hid/hid-prodikeys.c:195:static DEVICE_ATTR(octave, S_IRUGO | S_IWUSR | S_IWGRP, show_octave,
/home/manan/Aira-Octave/linux-7.2.2/drivers/hid/hid-prodikeys.c:196:		store_octave);
/home/manan/Aira-Octave/linux-7.2.2/drivers/hid/hid-prodikeys.c:198:static struct device_attribute *sysfs_device_attr_octave = {
/home/manan/Aira-Octave/linux-7.2.2/drivers/hid/hid-prodikeys.c:199:		&dev_attr_octave,
/home/manan/Aira-Octave/linux-7.2.2/drivers/hid/hid-prodikeys.c:306:	/*KEY_MAIL or octave down*/
/home/manan/Aira-Octave/linux-7.2.2/drivers/hid/hid-prodikeys.c:308:		/* octave down */
/home/manan/Aira-Octave/linux-7.2.2/drivers/hid/hid-prodikeys.c:309:		pm->midi_octave--;
/home/manan/Aira-Octave/linux-7.2.2/drivers/hid/hid-prodikeys.c:310:		if (pm->midi_octave < -2)
/home/manan/Aira-Octave/linux-7.2.2/drivers/hid/hid-prodikeys.c:311:			pm->midi_octave = -2;
/home/manan/Aira-Octave/linux-7.2.2/drivers/hid/hid-prodikeys.c:312:		dbg_hid("pcmidi mode: %d octave: %d\n",
/home/manan/Aira-Octave/linux-7.2.2/drivers/hid/hid-prodikeys.c:313:			pm->midi_mode, pm->midi_octave);
/home/manan/Aira-Octave/linux-7.2.2/drivers/hid/hid-prodikeys.c:340:				(pm->midi_octave * 12);
/home/manan/Aira-Octave/linux-7.2.2/drivers/hid/hid-prodikeys.c:346:				(pm->midi_octave*12);
/home/manan/Aira-Octave/linux-7.2.2/drivers/hid/hid-prodikeys.c:411:		case 0x100000: /* KEY_MESSENGER or octave up */
/home/manan/Aira-Octave/linux-7.2.2/drivers/hid/hid-prodikeys.c:414:				pm->midi_octave++;
/home/manan/Aira-Octave/linux-7.2.2/drivers/hid/hid-prodikeys.c:415:				if (pm->midi_octave > 2)
/home/manan/Aira-Octave/linux-7.2.2/drivers/hid/hid-prodikeys.c:416:					pm->midi_octave = 2;
/home/manan/Aira-Octave/linux-7.2.2/drivers/hid/hid-prodikeys.c:417:				dbg_hid("pcmidi mode: %d octave: %d\n",
/home/manan/Aira-Octave/linux-7.2.2/drivers/hid/hid-prodikeys.c:418:					pm->midi_mode, pm->midi_octave);
/home/manan/Aira-Octave/linux-7.2.2/drivers/hid/hid-prodikeys.c:674:			 sysfs_device_attr_octave);
/home/manan/Aira-Octave/linux-7.2.2/drivers/hid/hid-prodikeys.c:676:		pk_error("failed to create sysfs attribute octave: error %d\n",
/home/manan/Aira-Octave/linux-7.2.2/drivers/hid/hid-prodikeys.c:678:		goto fail_attr_octave;
/home/manan/Aira-Octave/linux-7.2.2/drivers/hid/hid-prodikeys.c:703:	device_remove_file(&pm->hdev->dev, sysfs_device_attr_octave);
/home/manan/Aira-Octave/linux-7.2.2/drivers/hid/hid-prodikeys.c:704:fail_attr_octave:
/home/manan/Aira-Octave/linux-7.2.2/drivers/hid/hid-prodikeys.c:723:		device_remove_file(&pm->hdev->dev, sysfs_device_attr_octave);
/home/manan/Aira-Octave/linux-7.2.2/crypto/cast6_generic.c:92:/* forward octave */
/home/manan/Aira-Octave/linux-7.2.2/include/sound/emu10k1.h:556:						/* 4 bits of octave, 12 bits of fractional octave	*/
/home/manan/Aira-Octave/linux-7.2.2/include/sound/emu10k1.h:567:						/* Signed 2's complement, +/- one octave peak extremes	*/
/home/manan/Aira-Octave/linux-7.2.2/include/sound/emu10k1.h:569:						/* Signed 2's complement, +/- six octaves peak extremes */
/home/manan/Aira-Octave/linux-7.2.2/include/sound/emu10k1.h:574:						/* Signed 2's complement, +/- one octave extremes	*/
/home/manan/Aira-Octave/linux-7.2.2/include/sound/emu10k1.h:576:						/* Signed 2's complement, +/- three octave extremes	*/
/home/manan/Aira-Octave/linux-7.2.2/include/sound/emu10k1.h:586:						/* Signed 2's complement, +/- one octave extremes	*/
/home/manan/Aira-Octave/linux-7.2.2/include/sound/opl3.h:138: *    F-number high bits / Key on / Block (octave) (0xB0 to 0xB8)
/home/manan/Aira-Octave/linux-7.2.2/include/uapi/sound/asound_fm.h:52: *  This describes an FM note by its voice, octave, frequency number (10bit)
/home/manan/Aira-Octave/linux-7.2.2/include/uapi/sound/asound_fm.h:58:	unsigned char octave;	/* 3 bits: what octave to play */
/home/manan/Aira-Octave/reports/AIRA-OCTAVE-AUTONOMOUS-REPORT.txt:2:AIRA OCTAVE AUTONOMOUS DEVELOPMENT REPORT
/home/manan/Aira-Octave/reports/AIRA-OCTAVE-AUTONOMOUS-REPORT.txt:8:1eec0061e test: rebuild and boot-test Aira Octave
/home/manan/Aira-Octave/reports/AIRA-OCTAVE-AUTONOMOUS-REPORT.txt:31:MISS: AIRAOS LINUX
/home/manan/Aira-Octave/reports/AIRA-OCTAVE-AUTONOMOUS-REPORT.txt:32:MISS: AiraOS Linux kernel is alive.
/home/manan/Aira-Octave/reports/AIRA-OCTAVE-AUTONOMOUS-REPORT.txt:33:MISS: AiraOS userspace ready
/home/manan/Aira-Octave/reports/kernel-foundation-20260830-082619.txt:2:AIRA OCTAVE KERNEL FOUNDATION REPORT
/home/manan/Aira-Octave/reports/kernel-foundation-20260830-082619.txt:19:-rw-r--r-- 1 manan manan 15M Aug 30 06:20 /home/manan/Aira-Octave/linux-7.2.2/arch/x86/boot/bzImage
/home/manan/Aira-Octave/reports/kernel-foundation-20260830-082619.txt:20:-rw-r--r-- 1 manan manan 2.1M Aug 30 07:09 /home/manan/Aira-Octave/initramfs.cpio

================ CUSTOM KERNEL FILE NAMES ================

================ RECENTLY MODIFIED KERNEL FILES ================
1788863906.7301312100 2026-09-08 10:38:26.7301312100 /home/manan/Aira-Octave/linux-7.2.2/.config
1788078381.5509061870 2026-08-30 08:26:21.5509061870 /home/manan/Aira-Octave/linux-7.2.2/.config.pre-foundation-20260830-082619
1788070804.2113506640 2026-08-30 06:20:04.2113506640 /home/manan/Aira-Octave/linux-7.2.2/arch/x86/boot/bzImage
1788070804.2113506640 2026-08-30 06:20:04.2113506640 /home/manan/Aira-Octave/linux-7.2.2/arch/x86/boot/.bzImage.cmd
1788070804.1953506620 2026-08-30 06:20:04.1953506620 /home/manan/Aira-Octave/linux-7.2.2/arch/x86/boot/setup.bin
1788070804.1953506620 2026-08-30 06:20:04.1953506620 /home/manan/Aira-Octave/linux-7.2.2/arch/x86/boot/.setup.bin.cmd
1788070804.1913506610 2026-08-30 06:20:04.1913506610 /home/manan/Aira-Octave/linux-7.2.2/arch/x86/boot/setup.elf
1788070804.1913506610 2026-08-30 06:20:04.1913506610 /home/manan/Aira-Octave/linux-7.2.2/arch/x86/boot/.setup.elf.cmd
1788070804.1793506610 2026-08-30 06:20:04.1793506610 /home/manan/Aira-Octave/linux-7.2.2/arch/x86/boot/vmlinux.bin
1788070804.1793506610 2026-08-30 06:20:04.1793506610 /home/manan/Aira-Octave/linux-7.2.2/arch/x86/boot/.vmlinux.bin.cmd
1788070804.1793506610 2026-08-30 06:20:04.1793506610 /home/manan/Aira-Octave/linux-7.2.2/arch/x86/boot/.header.o.cmd
1788070804.1753506610 2026-08-30 06:20:04.1753506610 /home/manan/Aira-Octave/linux-7.2.2/arch/x86/boot/header.o
1788070804.1633506590 2026-08-30 06:20:04.1633506590 /home/manan/Aira-Octave/linux-7.2.2/arch/x86/boot/zoffset.h
1788070804.1633506590 2026-08-30 06:20:04.1633506590 /home/manan/Aira-Octave/linux-7.2.2/arch/x86/boot/.zoffset.h.cmd
1788070804.1593506590 2026-08-30 06:20:04.1593506590 /home/manan/Aira-Octave/linux-7.2.2/arch/x86/boot/compressed/vmlinux
1788070804.1593506590 2026-08-30 06:20:04.1593506590 /home/manan/Aira-Octave/linux-7.2.2/arch/x86/boot/compressed/.vmlinux.cmd
1788070804.1393506580 2026-08-30 06:20:04.1393506580 /home/manan/Aira-Octave/linux-7.2.2/arch/x86/boot/compressed/.piggy.o.cmd
1788070804.1353506570 2026-08-30 06:20:04.1353506570 /home/manan/Aira-Octave/linux-7.2.2/arch/x86/boot/compressed/piggy.o
1788070804.1153506560 2026-08-30 06:20:04.1153506560 /home/manan/Aira-Octave/linux-7.2.2/arch/x86/boot/compressed/piggy.S
1788070804.1153506560 2026-08-30 06:20:04.1153506560 /home/manan/Aira-Octave/linux-7.2.2/arch/x86/boot/compressed/.piggy.S.cmd
1788070804.1113506560 2026-08-30 06:20:04.1113506560 /home/manan/Aira-Octave/linux-7.2.2/arch/x86/boot/compressed/vmlinux.bin.gz
1788070804.1113506560 2026-08-30 06:20:04.1113506560 /home/manan/Aira-Octave/linux-7.2.2/arch/x86/boot/compressed/.vmlinux.bin.gz.cmd
1788070801.2593504330 2026-08-30 06:20:01.2593504330 /home/manan/Aira-Octave/linux-7.2.2/arch/x86/boot/compressed/.misc.o.cmd
1788070801.2553504320 2026-08-30 06:20:01.2553504320 /home/manan/Aira-Octave/linux-7.2.2/arch/x86/boot/compressed/misc.o
1788070800.8033503970 2026-08-30 06:20:00.8033503970 /home/manan/Aira-Octave/linux-7.2.2/arch/x86/boot/compressed/.kaslr.o.cmd
1788070800.7993503970 2026-08-30 06:20:00.7993503970 /home/manan/Aira-Octave/linux-7.2.2/arch/x86/boot/compressed/kaslr.o
1788070800.5873503800 2026-08-30 06:20:00.5873503800 /home/manan/Aira-Octave/linux-7.2.2/arch/x86/boot/voffset.h
1788070800.5873503800 2026-08-30 06:20:00.5873503800 /home/manan/Aira-Octave/linux-7.2.2/arch/x86/boot/.voffset.h.cmd
1788070800.4873503720 2026-08-30 06:20:00.4873503720 /home/manan/Aira-Octave/linux-7.2.2/arch/x86/boot/compressed/.vmlinux.relocs.cmd
1788070800.4673503710 2026-08-30 06:20:00.4673503710 /home/manan/Aira-Octave/linux-7.2.2/arch/x86/boot/compressed/.vmlinux.bin.cmd
1788070800.4633503700 2026-08-30 06:20:00.4633503700 /home/manan/Aira-Octave/linux-7.2.2/arch/x86/boot/compressed/vmlinux.bin
1788070800.4473503690 2026-08-30 06:20:00.4473503690 /home/manan/Aira-Octave/linux-7.2.2/arch/x86/boot/compressed/vmlinux.relocs
1788070800.3433503610 2026-08-30 06:20:00.3433503610 /home/manan/Aira-Octave/linux-7.2.2/arch/x86/boot/version.o
1788070800.3433503610 2026-08-30 06:20:00.3433503610 /home/manan/Aira-Octave/linux-7.2.2/arch/x86/boot/.version.o.cmd
1788070800.2913503570 2026-08-30 06:20:00.2913503570 /home/manan/Aira-Octave/linux-7.2.2/.vmlinux.cmd
1788070800.2753503560 2026-08-30 06:20:00.2753503560 /home/manan/Aira-Octave/linux-7.2.2/vmlinux
1788070799.6233503750 2026-08-30 06:19:59.6233503750 /home/manan/Aira-Octave/linux-7.2.2/modules.builtin
1788070799.6233503750 2026-08-30 06:19:59.6233503750 /home/manan/Aira-Octave/linux-7.2.2/.modules.builtin.cmd
1788070799.6153503750 2026-08-30 06:19:59.6153503750 /home/manan/Aira-Octave/linux-7.2.2/.modules.builtin.modinfo.cmd
1788070799.6113503760 2026-08-30 06:19:59.6113503760 /home/manan/Aira-Octave/linux-7.2.2/modules.builtin.modinfo
1788070799.5353503810 2026-08-30 06:19:59.5353503810 /home/manan/Aira-Octave/linux-7.2.2/.vmlinux.unstripped.cmd
1788070799.5273503820 2026-08-30 06:19:59.5273503820 /home/manan/Aira-Octave/linux-7.2.2/vmlinux.unstripped
1788070799.4953503840 2026-08-30 06:19:59.4953503840 /home/manan/Aira-Octave/linux-7.2.2/.tmp_vmlinux.nm-sort
1788070799.3153503980 2026-08-30 06:19:59.3153503980 /home/manan/Aira-Octave/linux-7.2.2/System.map
1788070797.8593505100 2026-08-30 06:19:57.8593505100 /home/manan/Aira-Octave/linux-7.2.2/.tmp_vmlinux2.kallsyms.o
1788070796.8553505870 2026-08-30 06:19:56.8553505870 /home/manan/Aira-Octave/linux-7.2.2/.tmp_vmlinux2.kallsyms.S
1788070795.5633506870 2026-08-30 06:19:55.5633506870 /home/manan/Aira-Octave/linux-7.2.2/.tmp_vmlinux2.syms
1788070795.0913507230 2026-08-30 06:19:55.0913507230 /home/manan/Aira-Octave/linux-7.2.2/.tmp_vmlinux2
1788070794.0713457210 2026-08-30 06:19:54.0713457210 /home/manan/Aira-Octave/linux-7.2.2/.tmp_vmlinux1.kallsyms.o
1788070793.0793384290 2026-08-30 06:19:53.0793384290 /home/manan/Aira-Octave/linux-7.2.2/.tmp_vmlinux1.kallsyms.S
1788070791.7793309720 2026-08-30 06:19:51.7793309720 /home/manan/Aira-Octave/linux-7.2.2/.tmp_vmlinux1.syms
1788070791.3073310110 2026-08-30 06:19:51.3073310110 /home/manan/Aira-Octave/linux-7.2.2/.tmp_vmlinux1
1788070790.3873310870 2026-08-30 06:19:50.3873310870 /home/manan/Aira-Octave/linux-7.2.2/.tmp_vmlinux0.kallsyms.o
1788070790.3793310870 2026-08-30 06:19:50.3793310870 /home/manan/Aira-Octave/linux-7.2.2/.tmp_vmlinux0.kallsyms.S
1788070790.3753310870 2026-08-30 06:19:50.3753310870 /home/manan/Aira-Octave/linux-7.2.2/.tmp_vmlinux0.syms
1788070790.3673310880 2026-08-30 06:19:50.3673310880 /home/manan/Aira-Octave/linux-7.2.2/init/.version-timestamp.o.cmd
1788070790.3633310880 2026-08-30 06:19:50.3633310880 /home/manan/Aira-Octave/linux-7.2.2/init/version-timestamp.o
1788070790.1113311090 2026-08-30 06:19:50.1113311090 /home/manan/Aira-Octave/linux-7.2.2/include/generated/utsversion.h
1788070790.0993311100 2026-08-30 06:19:50.0993311100 /home/manan/Aira-Octave/linux-7.2.2/.version
1788070790.0753311120 2026-08-30 06:19:50.0753311120 /home/manan/Aira-Octave/linux-7.2.2/..vmlinux.export.o.cmd
1788070789.4593307480 2026-08-30 06:19:49.4593307480 /home/manan/Aira-Octave/linux-7.2.2/.vmlinux.export.o
1788070788.5633301610 2026-08-30 06:19:48.5633301610 /home/manan/Aira-Octave/linux-7.2.2/vmlinux.symvers
1788070788.5633301610 2026-08-30 06:19:48.5633301610 /home/manan/Aira-Octave/linux-7.2.2/.vmlinux.symvers.cmd
1788070788.0153298020 2026-08-30 06:19:48.0153298020 /home/manan/Aira-Octave/linux-7.2.2/.vmlinux.o.cmd
1788070787.9713297740 2026-08-30 06:19:47.9713297740 /home/manan/Aira-Octave/linux-7.2.2/vmlinux.o
1788070782.0553274040 2026-08-30 06:19:42.0553274040 /home/manan/Aira-Octave/linux-7.2.2/vmlinux.a
1788070782.0553274040 2026-08-30 06:19:42.0553274040 /home/manan/Aira-Octave/linux-7.2.2/.vmlinux.a.cmd
1788070782.0513274040 2026-08-30 06:19:42.0513274040 /home/manan/Aira-Octave/linux-7.2.2/.built-in-fixup.a.cmd
1788070781.9713274120 2026-08-30 06:19:41.9713274120 /home/manan/Aira-Octave/linux-7.2.2/built-in-fixup.a
1788070781.8673274220 2026-08-30 06:19:41.8673274220 /home/manan/Aira-Octave/linux-7.2.2/built-in.a
1788070781.8673274220 2026-08-30 06:19:41.8673274220 /home/manan/Aira-Octave/linux-7.2.2/.built-in.a.cmd
1788070779.5873276460 2026-08-30 06:19:39.5873276460 /home/manan/Aira-Octave/linux-7.2.2/arch/x86/.built-in.a.cmd
1788070779.5833276470 2026-08-30 06:19:39.5833276470 /home/manan/Aira-Octave/linux-7.2.2/arch/x86/built-in.a
1788070779.2913276750 2026-08-30 06:19:39.2913276750 /home/manan/Aira-Octave/linux-7.2.2/arch/x86/boot/startup/built-in.a
1788070779.2913276750 2026-08-30 06:19:39.2913276750 /home/manan/Aira-Octave/linux-7.2.2/arch/x86/boot/startup/.built-in.a.cmd
1788070779.2873276760 2026-08-30 06:19:39.2873276760 /home/manan/Aira-Octave/linux-7.2.2/arch/x86/boot/startup/.map_kernel.pi.o.cmd
1788070779.2833276770 2026-08-30 06:19:39.2833276770 /home/manan/Aira-Octave/linux-7.2.2/arch/x86/boot/startup/map_kernel.pi.o
1788070779.2833276770 2026-08-30 06:19:39.2833276770 /home/manan/Aira-Octave/linux-7.2.2/arch/x86/boot/startup/gdt_idt.pi.o
1788070779.2833276770 2026-08-30 06:19:39.2833276770 /home/manan/Aira-Octave/linux-7.2.2/arch/x86/boot/startup/.gdt_idt.pi.o.cmd
1788070779.2793276770 2026-08-30 06:19:39.2793276770 /home/manan/Aira-Octave/linux-7.2.2/arch/x86/boot/startup/.map_kernel.o.cmd
1788070779.2673276780 2026-08-30 06:19:39.2673276780 /home/manan/Aira-Octave/linux-7.2.2/arch/x86/boot/startup/map_kernel.o
1788070779.1633276880 2026-08-30 06:19:39.1633276880 /home/manan/Aira-Octave/linux-7.2.2/arch/x86/boot/startup/.gdt_idt.o.cmd
1788070779.1553276890 2026-08-30 06:19:39.1553276890 /home/manan/Aira-Octave/linux-7.2.2/arch/x86/boot/startup/gdt_idt.o
1788070778.8193277220 2026-08-30 06:19:38.8193277220 /home/manan/Aira-Octave/linux-7.2.2/tools/objtool/objtool
1788070778.5273277500 2026-08-30 06:19:38.5273277500 /home/manan/Aira-Octave/linux-7.2.2/tools/objtool/.objtool-in.o.cmd
1788070778.5233277510 2026-08-30 06:19:38.5233277510 /home/manan/Aira-Octave/linux-7.2.2/tools/objtool/objtool-in.o
1788070778.5113277520 2026-08-30 06:19:38.5113277520 /home/manan/Aira-Octave/linux-7.2.2/tools/objtool/check.o
1788070778.5113277520 2026-08-30 06:19:38.5113277520 /home/manan/Aira-Octave/linux-7.2.2/tools/objtool/.check.o.cmd
1788070777.3313278690 2026-08-30 06:19:37.3313278690 /home/manan/Aira-Octave/linux-7.2.2/tools/objtool/elf.o
1788070777.3313278690 2026-08-30 06:19:37.3313278690 /home/manan/Aira-Octave/linux-7.2.2/tools/objtool/.elf.o.cmd
1788070776.9553279050 2026-08-30 06:19:36.9553279050 /home/manan/Aira-Octave/linux-7.2.2/tools/objtool/arch/x86/objtool-in.o
1788070776.9553279050 2026-08-30 06:19:36.9553279050 /home/manan/Aira-Octave/linux-7.2.2/tools/objtool/arch/x86/.objtool-in.o.cmd
1788070776.9473279070 2026-08-30 06:19:36.9473279070 /home/manan/Aira-Octave/linux-7.2.2/tools/objtool/arch/x86/.decode.o.cmd
1788070776.9433279070 2026-08-30 06:19:36.9433279070 /home/manan/Aira-Octave/linux-7.2.2/tools/objtool/arch/x86/decode.o
1788070776.7753279230 2026-08-30 06:19:36.7753279230 /home/manan/Aira-Octave/linux-7.2.2/tools/objtool/.librbtree.o.cmd
1788070776.7713279240 2026-08-30 06:19:36.7713279240 /home/manan/Aira-Octave/linux-7.2.2/tools/objtool/librbtree.o
1788070776.7313279270 2026-08-30 06:19:36.7313279270 /home/manan/Aira-Octave/linux-7.2.2/tools/objtool/arch/x86/.orc.o.cmd
1788070776.7273279280 2026-08-30 06:19:36.7273279280 /home/manan/Aira-Octave/linux-7.2.2/tools/objtool/arch/x86/orc.o
1788070776.7193279290 2026-08-30 06:19:36.7193279290 /home/manan/Aira-Octave/linux-7.2.2/tools/objtool/arch/x86/.special.o.cmd
1788070776.7153279290 2026-08-30 06:19:36.7153279290 /home/manan/Aira-Octave/linux-7.2.2/tools/objtool/arch/x86/special.o
1788070776.7113279290 2026-08-30 06:19:36.7113279290 /home/manan/Aira-Octave/linux-7.2.2/tools/objtool/signal.o
1788070776.7113279290 2026-08-30 06:19:36.7113279290 /home/manan/Aira-Octave/linux-7.2.2/tools/objtool/.signal.o.cmd
1788070776.6433279360 2026-08-30 06:19:36.6433279360 /home/manan/Aira-Octave/linux-7.2.2/tools/objtool/orc_dump.o
1788070776.6433279360 2026-08-30 06:19:36.6433279360 /home/manan/Aira-Octave/linux-7.2.2/tools/objtool/.orc_dump.o.cmd
1788070776.6353279370 2026-08-30 06:19:36.6353279370 /home/manan/Aira-Octave/linux-7.2.2/tools/objtool/libstring.o
1788070776.6353279370 2026-08-30 06:19:36.6353279370 /home/manan/Aira-Octave/linux-7.2.2/tools/objtool/.libstring.o.cmd
1788070776.6073279400 2026-08-30 06:19:36.6073279400 /home/manan/Aira-Octave/linux-7.2.2/tools/objtool/.builtin-check.o.cmd
1788070776.6033279400 2026-08-30 06:19:36.6033279400 /home/manan/Aira-Octave/linux-7.2.2/tools/objtool/str_error_r.o
1788070776.6033279400 2026-08-30 06:19:36.6033279400 /home/manan/Aira-Octave/linux-7.2.2/tools/objtool/builtin-check.o
1788070776.6033279400 2026-08-30 06:19:36.6033279400 /home/manan/Aira-Octave/linux-7.2.2/tools/objtool/.str_error_r.o.cmd
1788070776.5793279430 2026-08-30 06:19:36.5793279430 /home/manan/Aira-Octave/linux-7.2.2/tools/objtool/libctype.o
1788070776.5793279430 2026-08-30 06:19:36.5793279430 /home/manan/Aira-Octave/linux-7.2.2/tools/objtool/.libctype.o.cmd
1788070776.5713279430 2026-08-30 06:19:36.5713279430 /home/manan/Aira-Octave/linux-7.2.2/tools/objtool/.special.o.cmd
1788070776.5673279440 2026-08-30 06:19:36.5673279440 /home/manan/Aira-Octave/linux-7.2.2/tools/objtool/special.o
1788070776.5633279440 2026-08-30 06:19:36.5633279440 /home/manan/Aira-Octave/linux-7.2.2/tools/objtool/.orc_gen.o.cmd
1788070776.5593279450 2026-08-30 06:19:36.5593279450 /home/manan/Aira-Octave/linux-7.2.2/tools/objtool/orc_gen.o
1788070776.5513279450 2026-08-30 06:19:36.5513279450 /home/manan/Aira-Octave/linux-7.2.2/tools/objtool/objtool.o
1788070776.5513279450 2026-08-30 06:19:36.5513279450 /home/manan/Aira-Octave/linux-7.2.2/tools/objtool/.objtool.o.cmd
1788070776.5193279480 2026-08-30 06:19:36.5193279480 /home/manan/Aira-Octave/linux-7.2.2/tools/objtool/weak.o
1788070776.5193279480 2026-08-30 06:19:36.5193279480 /home/manan/Aira-Octave/linux-7.2.2/tools/objtool/.weak.o.cmd
1788070776.4233279580 2026-08-30 06:19:36.4233279580 /home/manan/Aira-Octave/linux-7.2.2/tools/objtool/libsubcmd/libsubcmd.a
1788070776.4153279590 2026-08-30 06:19:36.4153279590 /home/manan/Aira-Octave/linux-7.2.2/tools/objtool/libsubcmd/libsubcmd-in.o
1788070776.4153279590 2026-08-30 06:19:36.4153279590 /home/manan/Aira-Octave/linux-7.2.2/tools/objtool/libsubcmd/.libsubcmd-in.o.cmd
1788070776.4033279600 2026-08-30 06:19:36.4033279600 /home/manan/Aira-Octave/linux-7.2.2/tools/objtool/libsubcmd/parse-options.o
1788070776.4033279600 2026-08-30 06:19:36.4033279600 /home/manan/Aira-Octave/linux-7.2.2/tools/objtool/libsubcmd/.parse-options.o.cmd
1788070776.2273279780 2026-08-30 06:19:36.2273279780 /home/manan/Aira-Octave/linux-7.2.2/tools/objtool/libsubcmd/help.o
1788070776.2273279780 2026-08-30 06:19:36.2273279780 /home/manan/Aira-Octave/linux-7.2.2/tools/objtool/libsubcmd/.help.o.cmd
1788070776.1913279810 2026-08-30 06:19:36.1913279810 /home/manan/Aira-Octave/linux-7.2.2/tools/objtool/libsubcmd/.run-command.o.cmd
1788070776.1873279810 2026-08-30 06:19:36.1873279810 /home/manan/Aira-Octave/linux-7.2.2/tools/objtool/libsubcmd/run-command.o
1788070776.1753279830 2026-08-30 06:19:36.1753279830 /home/manan/Aira-Octave/linux-7.2.2/tools/objtool/libsubcmd/.exec-cmd.o.cmd
1788070776.1713279830 2026-08-30 06:19:36.1713279830 /home/manan/Aira-Octave/linux-7.2.2/tools/objtool/libsubcmd/exec-cmd.o
1788070776.1353279860 2026-08-30 06:19:36.1353279860 /home/manan/Aira-Octave/linux-7.2.2/tools/objtool/libsubcmd/.pager.o.cmd
1788070776.1313279870 2026-08-30 06:19:36.1313279870 /home/manan/Aira-Octave/linux-7.2.2/tools/objtool/libsubcmd/pager.o
1788070776.1313279870 2026-08-30 06:19:36.1313279870 /home/manan/Aira-Octave/linux-7.2.2/tools/objtool/libsubcmd/.sigchain.o.cmd
1788070776.1273279870 2026-08-30 06:19:36.1273279870 /home/manan/Aira-Octave/linux-7.2.2/tools/objtool/libsubcmd/sigchain.o
1788070776.0753279930 2026-08-30 06:19:36.0753279930 /home/manan/Aira-Octave/linux-7.2.2/tools/objtool/libsubcmd/subcmd-config.o
1788070776.0753279930 2026-08-30 06:19:36.0753279930 /home/manan/Aira-Octave/linux-7.2.2/tools/objtool/libsubcmd/.subcmd-config.o.cmd
1788070776.0473279950 2026-08-30 06:19:36.0473279950 /home/manan/Aira-Octave/linux-7.2.2/tools/objtool/libsubcmd/fixdep
1788070775.7793280010 2026-08-30 06:19:35.7793280010 /home/manan/Aira-Octave/linux-7.2.2/tools/objtool/libsubcmd/fixdep-in.o
1788070775.7793280010 2026-08-30 06:19:35.7793280010 /home/manan/Aira-Octave/linux-7.2.2/tools/objtool/libsubcmd/.fixdep-in.o.cmd
1788070775.7753280010 2026-08-30 06:19:35.7753280010 /home/manan/Aira-Octave/linux-7.2.2/tools/objtool/libsubcmd/.fixdep.o.cmd
1788070775.7713280010 2026-08-30 06:19:35.7713280010 /home/manan/Aira-Octave/linux-7.2.2/tools/objtool/libsubcmd/fixdep.o
1788070775.6873280030 2026-08-30 06:19:35.6873280030 /home/manan/Aira-Octave/linux-7.2.2/tools/objtool/fixdep
1788070775.3993280090 2026-08-30 06:19:35.3993280090 /home/manan/Aira-Octave/linux-7.2.2/tools/objtool/fixdep-in.o
1788070775.3993280090 2026-08-30 06:19:35.3993280090 /home/manan/Aira-Octave/linux-7.2.2/tools/objtool/.fixdep-in.o.cmd
1788070775.3913280090 2026-08-30 06:19:35.3913280090 /home/manan/Aira-Octave/linux-7.2.2/tools/objtool/.fixdep.o.cmd
1788070775.3873280090 2026-08-30 06:19:35.3873280090 /home/manan/Aira-Octave/linux-7.2.2/tools/objtool/fixdep.o
1788005194.6719477800 2026-08-29 12:06:34.6719477800 /home/manan/Aira-Octave/linux-7.2.2/arch/x86/boot/compressed/.efi.o.cmd
1788005194.6679477810 2026-08-29 12:06:34.6679477810 /home/manan/Aira-Octave/linux-7.2.2/arch/x86/boot/compressed/efi.o
1788005194.5959477950 2026-08-29 12:06:34.5959477950 /home/manan/Aira-Octave/linux-7.2.2/arch/x86/boot/compressed/.pgtable_64.o.cmd
1788005194.5919477960 2026-08-29 12:06:34.5919477960 /home/manan/Aira-Octave/linux-7.2.2/arch/x86/boot/compressed/pgtable_64.o
1788005194.5919477960 2026-08-29 12:06:34.5919477960 /home/manan/Aira-Octave/linux-7.2.2/arch/x86/boot/compressed/.mkpiggy.cmd
1788005194.5879477970 2026-08-29 12:06:34.5879477970 /home/manan/Aira-Octave/linux-7.2.2/arch/x86/boot/compressed/mkpiggy
1788005194.5799477990 2026-08-29 12:06:34.5799477990 /home/manan/Aira-Octave/linux-7.2.2/arch/x86/boot/compressed/.acpi.o.cmd
1788005194.5759477990 2026-08-29 12:06:34.5759477990 /home/manan/Aira-Octave/linux-7.2.2/arch/x86/boot/compressed/acpi.o
1788005194.5679478000 2026-08-29 12:06:34.5679478000 /home/manan/Aira-Octave/linux-7.2.2/arch/x86/boot/.cpu.o.cmd
1788005194.5639478010 2026-08-29 12:06:34.5639478010 /home/manan/Aira-Octave/linux-7.2.2/arch/x86/boot/cpu.o
1788005194.5119478110 2026-08-29 12:06:34.5119478110 /home/manan/Aira-Octave/linux-7.2.2/arch/x86/boot/cpustr.h
1788005194.5119478110 2026-08-29 12:06:34.5119478110 /home/manan/Aira-Octave/linux-7.2.2/arch/x86/boot/compressed/.ident_map_64.o.cmd
1788005194.5119478110 2026-08-29 12:06:34.5119478110 /home/manan/Aira-Octave/linux-7.2.2/arch/x86/boot/.cpustr.h.cmd
1788005194.5079478130 2026-08-29 12:06:34.5079478130 /home/manan/Aira-Octave/linux-7.2.2/arch/x86/boot/compressed/ident_map_64.o
1788005194.4639478210 2026-08-29 12:06:34.4639478210 /home/manan/Aira-Octave/linux-7.2.2/arch/x86/boot/compressed/.idt_64.o.cmd
1788005194.4559478230 2026-08-29 12:06:34.4559478230 /home/manan/Aira-Octave/linux-7.2.2/arch/x86/boot/compressed/idt_64.o
1788005194.4439478250 2026-08-29 12:06:34.4439478250 /home/manan/Aira-Octave/linux-7.2.2/arch/x86/boot/.mkcpustr.cmd
1788005194.4399478270 2026-08-29 12:06:34.4399478270 /home/manan/Aira-Octave/linux-7.2.2/arch/x86/boot/mkcpustr
1788005194.3719478400 2026-08-29 12:06:34.3719478400 /home/manan/Aira-Octave/linux-7.2.2/arch/x86/boot/compressed/.early_serial_console.o.cmd
1788005194.3679478410 2026-08-29 12:06:34.3679478410 /home/manan/Aira-Octave/linux-7.2.2/arch/x86/boot/compressed/early_serial_console.o
1788005194.2919478560 2026-08-29 12:06:34.2919478560 /home/manan/Aira-Octave/linux-7.2.2/arch/x86/boot/compressed/idt_handlers_64.o
1788005194.2919478560 2026-08-29 12:06:34.2919478560 /home/manan/Aira-Octave/linux-7.2.2/arch/x86/boot/compressed/.idt_handlers_64.o.cmd
1788005194.2759478590 2026-08-29 12:06:34.2759478590 /home/manan/Aira-Octave/linux-7.2.2/arch/x86/boot/compressed/.error.o.cmd
1788005194.2759478590 2026-08-29 12:06:34.2759478590 /home/manan/Aira-Octave/linux-7.2.2/arch/x86/boot/compressed/.cmdline.o.cmd
1788005194.2719478600 2026-08-29 12:06:34.2719478600 /home/manan/Aira-Octave/linux-7.2.2/arch/x86/boot/compressed/error.o
1788005194.2679478610 2026-08-29 12:06:34.2679478610 /home/manan/Aira-Octave/linux-7.2.2/arch/x86/boot/compressed/cmdline.o
1788005194.1199478900 2026-08-29 12:06:34.1199478900 /home/manan/Aira-Octave/linux-7.2.2/arch/x86/boot/compressed/.cpuflags.o.cmd
1788005194.1159478910 2026-08-29 12:06:34.1159478910 /home/manan/Aira-Octave/linux-7.2.2/arch/x86/boot/compressed/cpuflags.o
1788005194.0959478950 2026-08-29 12:06:34.0959478950 /home/manan/Aira-Octave/linux-7.2.2/arch/x86/boot/.video-bios.o.cmd
1788005194.0919478960 2026-08-29 12:06:34.0919478960 /home/manan/Aira-Octave/linux-7.2.2/arch/x86/boot/video-bios.o
1788005194.0479479040 2026-08-29 12:06:34.0479479040 /home/manan/Aira-Octave/linux-7.2.2/arch/x86/boot/.video-vga.o.cmd
1788005194.0479479040 2026-08-29 12:06:34.0479479040 /home/manan/Aira-Octave/linux-7.2.2/arch/x86/boot/.video-vesa.o.cmd
1788005194.0439479050 2026-08-29 12:06:34.0439479050 /home/manan/Aira-Octave/linux-7.2.2/arch/x86/boot/video-vga.o
1788005194.0439479050 2026-08-29 12:06:34.0439479050 /home/manan/Aira-Octave/linux-7.2.2/arch/x86/boot/video-vesa.o
1788005194.0399479070 2026-08-29 12:06:34.0399479070 /home/manan/Aira-Octave/linux-7.2.2/arch/x86/boot/compressed/.string.o.cmd
1788005194.0319479080 2026-08-29 12:06:34.0319479080 /home/manan/Aira-Octave/linux-7.2.2/arch/x86/boot/compressed/string.o
1788005194.0039479140 2026-08-29 12:06:34.0039479140 /home/manan/Aira-Octave/linux-7.2.2/arch/x86/boot/.video-mode.o.cmd
1788005193.9999479140 2026-08-29 12:06:33.9999479140 /home/manan/Aira-Octave/linux-7.2.2/arch/x86/boot/video.o
1788005193.9999479140 2026-08-29 12:06:33.9999479140 /home/manan/Aira-Octave/linux-7.2.2/arch/x86/boot/video-mode.o
1788005193.9999479140 2026-08-29 12:06:33.9999479140 /home/manan/Aira-Octave/linux-7.2.2/arch/x86/boot/printf.o
1788005193.9999479140 2026-08-29 12:06:33.9999479140 /home/manan/Aira-Octave/linux-7.2.2/arch/x86/boot/.video.o.cmd
1788005193.9999479140 2026-08-29 12:06:33.9999479140 /home/manan/Aira-Octave/linux-7.2.2/arch/x86/boot/.printf.o.cmd
1788005193.9959479150 2026-08-29 12:06:33.9959479150 /home/manan/Aira-Octave/linux-7.2.2/arch/x86/boot/.string.o.cmd
1788005193.9879479170 2026-08-29 12:06:33.9879479170 /home/manan/Aira-Octave/linux-7.2.2/arch/x86/boot/string.o
1788005193.9479479250 2026-08-29 12:06:33.9479479250 /home/manan/Aira-Octave/linux-7.2.2/arch/x86/boot/compressed/.head_64.o.cmd
1788005193.9479479250 2026-08-29 12:06:33.9479479250 /home/manan/Aira-Octave/linux-7.2.2/arch/x86/boot/.tty.o.cmd
1788005193.9439479250 2026-08-29 12:06:33.9439479250 /home/manan/Aira-Octave/linux-7.2.2/arch/x86/boot/tty.o
1788005193.9399479260 2026-08-29 12:06:33.9399479260 /home/manan/Aira-Octave/linux-7.2.2/arch/x86/boot/compressed/head_64.o
1788005193.9359479270 2026-08-29 12:06:33.9359479270 /home/manan/Aira-Octave/linux-7.2.2/arch/x86/boot/.regs.o.cmd
1788005193.9319479280 2026-08-29 12:06:33.9319479280 /home/manan/Aira-Octave/linux-7.2.2/arch/x86/boot/regs.o
1788005193.9319479280 2026-08-29 12:06:33.9319479280 /home/manan/Aira-Octave/linux-7.2.2/arch/x86/boot/compressed/kernel_info.o
1788005193.9319479280 2026-08-29 12:06:33.9319479280 /home/manan/Aira-Octave/linux-7.2.2/arch/x86/boot/compressed/.kernel_info.o.cmd
1788005193.9239479290 2026-08-29 12:06:33.9239479290 /home/manan/Aira-Octave/linux-7.2.2/arch/x86/boot/compressed/vmlinux.lds
1788005193.9239479290 2026-08-29 12:06:33.9239479290 /home/manan/Aira-Octave/linux-7.2.2/arch/x86/boot/compressed/.vmlinux.lds.cmd
1788005193.9159479310 2026-08-29 12:06:33.9159479310 /home/manan/Aira-Octave/linux-7.2.2/arch/x86/boot/pm.o
1788005193.9159479310 2026-08-29 12:06:33.9159479310 /home/manan/Aira-Octave/linux-7.2.2/arch/x86/boot/.pm.o.cmd
1788005193.9079479320 2026-08-29 12:06:33.9079479320 /home/manan/Aira-Octave/linux-7.2.2/arch/x86/boot/memory.o
1788005193.9079479320 2026-08-29 12:06:33.9079479320 /home/manan/Aira-Octave/linux-7.2.2/arch/x86/boot/.memory.o.cmd
1788005193.9039479330 2026-08-29 12:06:33.9039479330 /home/manan/Aira-Octave/linux-7.2.2/arch/x86/boot/.main.o.cmd
1788005193.8999479350 2026-08-29 12:06:33.8999479350 /home/manan/Aira-Octave/linux-7.2.2/arch/x86/boot/pmjump.o
1788005193.8999479350 2026-08-29 12:06:33.8999479350 /home/manan/Aira-Octave/linux-7.2.2/arch/x86/boot/main.o
1788005193.8999479350 2026-08-29 12:06:33.8999479350 /home/manan/Aira-Octave/linux-7.2.2/arch/x86/boot/a20.o
1788005193.8999479350 2026-08-29 12:06:33.8999479350 /home/manan/Aira-Octave/linux-7.2.2/arch/x86/boot/.pmjump.o.cmd
1788005193.8999479350 2026-08-29 12:06:33.8999479350 /home/manan/Aira-Octave/linux-7.2.2/arch/x86/boot/.a20.o.cmd
1788005193.8879479360 2026-08-29 12:06:33.8879479360 /home/manan/Aira-Octave/linux-7.2.2/arch/x86/boot/.early_serial_console.o.cmd
1788005193.8839479380 2026-08-29 12:06:33.8839479380 /home/manan/Aira-Octave/linux-7.2.2/arch/x86/boot/early_serial_console.o
1788005193.8839479380 2026-08-29 12:06:33.8839479380 /home/manan/Aira-Octave/linux-7.2.2/arch/x86/boot/cpucheck.o
1788005193.8839479380 2026-08-29 12:06:33.8839479380 /home/manan/Aira-Octave/linux-7.2.2/arch/x86/boot/.cpucheck.o.cmd
1788005193.8799479380 2026-08-29 12:06:33.8799479380 /home/manan/Aira-Octave/linux-7.2.2/arch/x86/boot/.cmdline.o.cmd
1788005193.8759479390 2026-08-29 12:06:33.8759479390 /home/manan/Aira-Octave/linux-7.2.2/arch/x86/boot/cmdline.o
1788005193.8679479400 2026-08-29 12:06:33.8679479400 /home/manan/Aira-Octave/linux-7.2.2/arch/x86/boot/.cpuflags.o.cmd
1788005193.8639479420 2026-08-29 12:06:33.8639479420 /home/manan/Aira-Octave/linux-7.2.2/arch/x86/boot/cpuflags.o
1788005193.8599479420 2026-08-29 12:06:33.8599479420 /home/manan/Aira-Octave/linux-7.2.2/arch/x86/boot/.edd.o.cmd
1788005193.8559479430 2026-08-29 12:06:33.8559479430 /home/manan/Aira-Octave/linux-7.2.2/arch/x86/boot/edd.o
1788005193.8439479450 2026-08-29 12:06:33.8439479450 /home/manan/Aira-Octave/linux-7.2.2/arch/x86/boot/copy.o
1788005193.8439479450 2026-08-29 12:06:33.8439479450 /home/manan/Aira-Octave/linux-7.2.2/arch/x86/boot/.copy.o.cmd
1788005193.8359479470 2026-08-29 12:06:33.8359479470 /home/manan/Aira-Octave/linux-7.2.2/arch/x86/boot/bioscall.o
1788005193.8359479470 2026-08-29 12:06:33.8359479470 /home/manan/Aira-Octave/linux-7.2.2/arch/x86/boot/.bioscall.o.cmd
1788005182.8159493590 2026-08-29 12:06:22.8159493590 /home/manan/Aira-Octave/linux-7.2.2/net/ipv6/sit.ko
1788005182.8159493590 2026-08-29 12:06:22.8159493590 /home/manan/Aira-Octave/linux-7.2.2/net/ipv6/.sit.ko.cmd
1788005182.8119493580 2026-08-29 12:06:22.8119493580 /home/manan/Aira-Octave/linux-7.2.2/net/ipv6/.sit.mod.o.cmd
1788005182.7999493590 2026-08-29 12:06:22.7999493590 /home/manan/Aira-Octave/linux-7.2.2/net/ipv6/sit.mod.o
1788005182.7679493610 2026-08-29 12:06:22.7679493610 /home/manan/Aira-Octave/linux-7.2.2/net/ipv4/ip_tunnel.ko
1788005182.7679493610 2026-08-29 12:06:22.7679493610 /home/manan/Aira-Octave/linux-7.2.2/net/ipv4/.ip_tunnel.mod.o.cmd
1788005182.7679493610 2026-08-29 12:06:22.7679493610 /home/manan/Aira-Octave/linux-7.2.2/net/ipv4/.ip_tunnel.ko.cmd
1788005182.7559493620 2026-08-29 12:06:22.7559493620 /home/manan/Aira-Octave/linux-7.2.2/net/ipv4/ip_tunnel.mod.o
1788005182.7479493620 2026-08-29 12:06:22.7479493620 /home/manan/Aira-Octave/linux-7.2.2/net/ipv6/netfilter/nf_reject_ipv6.ko
1788005182.7479493620 2026-08-29 12:06:22.7479493620 /home/manan/Aira-Octave/linux-7.2.2/net/ipv6/netfilter/.nf_reject_ipv6.ko.cmd
1788005182.7439493620 2026-08-29 12:06:22.7439493620 /home/manan/Aira-Octave/linux-7.2.2/net/ipv6/netfilter/.nf_reject_ipv6.mod.o.cmd
1788005182.7359493630 2026-08-29 12:06:22.7359493630 /home/manan/Aira-Octave/linux-7.2.2/net/ipv4/tunnel4.ko
1788005182.7359493630 2026-08-29 12:06:22.7359493630 /home/manan/Aira-Octave/linux-7.2.2/net/ipv4/.tunnel4.mod.o.cmd
1788005182.7359493630 2026-08-29 12:06:22.7359493630 /home/manan/Aira-Octave/linux-7.2.2/net/ipv4/.tunnel4.ko.cmd
1788005182.7319493630 2026-08-29 12:06:22.7319493630 /home/manan/Aira-Octave/linux-7.2.2/net/ipv6/netfilter/nf_reject_ipv6.mod.o
1788005182.7239493640 2026-08-29 12:06:22.7239493640 /home/manan/Aira-Octave/linux-7.2.2/net/ipv4/tunnel4.mod.o
1788005182.7239493640 2026-08-29 12:06:22.7239493640 /home/manan/Aira-Octave/linux-7.2.2/net/ipv4/netfilter/nf_reject_ipv4.ko
1788005182.7239493640 2026-08-29 12:06:22.7239493640 /home/manan/Aira-Octave/linux-7.2.2/net/ipv4/netfilter/.nf_reject_ipv4.ko.cmd
1788005182.7199493630 2026-08-29 12:06:22.7199493630 /home/manan/Aira-Octave/linux-7.2.2/net/ipv4/netfilter/.nf_reject_ipv4.mod.o.cmd
1788005182.7079493640 2026-08-29 12:06:22.7079493640 /home/manan/Aira-Octave/linux-7.2.2/net/ipv4/netfilter/nf_reject_ipv4.mod.o
1788005182.6999493650 2026-08-29 12:06:22.6999493650 /home/manan/Aira-Octave/linux-7.2.2/net/netfilter/xt_addrtype.ko
1788005182.6999493650 2026-08-29 12:06:22.6999493650 /home/manan/Aira-Octave/linux-7.2.2/net/netfilter/.xt_addrtype.ko.cmd
1788005182.6959493650 2026-08-29 12:06:22.6959493650 /home/manan/Aira-Octave/linux-7.2.2/net/netfilter/.xt_addrtype.mod.o.cmd
1788005182.6799493650 2026-08-29 12:06:22.6799493650 /home/manan/Aira-Octave/linux-7.2.2/net/netfilter/xt_addrtype.mod.o
1788005182.5519493730 2026-08-29 12:06:22.5519493730 /home/manan/Aira-Octave/linux-7.2.2/net/netfilter/xt_MASQUERADE.ko
1788005182.5519493730 2026-08-29 12:06:22.5519493730 /home/manan/Aira-Octave/linux-7.2.2/net/netfilter/.xt_MASQUERADE.ko.cmd
1788005182.5479493720 2026-08-29 12:06:22.5479493720 /home/manan/Aira-Octave/linux-7.2.2/net/netfilter/xt_mark.ko
1788005182.5479493720 2026-08-29 12:06:22.5479493720 /home/manan/Aira-Octave/linux-7.2.2/net/netfilter/xt_LOG.ko
1788005182.5479493720 2026-08-29 12:06:22.5479493720 /home/manan/Aira-Octave/linux-7.2.2/net/netfilter/.xt_mark.ko.cmd
1788005182.5479493720 2026-08-29 12:06:22.5479493720 /home/manan/Aira-Octave/linux-7.2.2/net/netfilter/.xt_LOG.ko.cmd
1788005182.5439493720 2026-08-29 12:06:22.5439493720 /home/manan/Aira-Octave/linux-7.2.2/net/netfilter/nf_log_syslog.ko
1788005182.5439493720 2026-08-29 12:06:22.5439493720 /home/manan/Aira-Octave/linux-7.2.2/net/netfilter/.nf_log_syslog.ko.cmd
1788005182.5399493730 2026-08-29 12:06:22.5399493730 /home/manan/Aira-Octave/linux-7.2.2/fs/efivarfs/.efivarfs.ko.cmd
1788005182.5399493730 2026-08-29 12:06:22.5399493730 /home/manan/Aira-Octave/linux-7.2.2/drivers/thermal/intel/x86_pkg_temp_thermal.ko
1788005182.5399493730 2026-08-29 12:06:22.5399493730 /home/manan/Aira-Octave/linux-7.2.2/drivers/thermal/intel/.x86_pkg_temp_thermal.ko.cmd
1788005182.5359493730 2026-08-29 12:06:22.5359493730 /home/manan/Aira-Octave/linux-7.2.2/net/netfilter/.xt_mark.mod.o.cmd
1788005182.5359493730 2026-08-29 12:06:22.5359493730 /home/manan/Aira-Octave/linux-7.2.2/fs/efivarfs/efivarfs.ko
1788005182.5239493740 2026-08-29 12:06:22.5239493740 /home/manan/Aira-Octave/linux-7.2.2/net/netfilter/xt_mark.mod.o
1788005182.5079493740 2026-08-29 12:06:22.5079493740 /home/manan/Aira-Octave/linux-7.2.2/net/netfilter/.nf_log_syslog.mod.o.cmd
1788005182.4919493760 2026-08-29 12:06:22.4919493760 /home/manan/Aira-Octave/linux-7.2.2/net/netfilter/nf_log_syslog.mod.o
1788005182.4919493760 2026-08-29 12:06:22.4919493760 /home/manan/Aira-Octave/linux-7.2.2/drivers/thermal/intel/.x86_pkg_temp_thermal.mod.o.cmd
1788005182.4799493760 2026-08-29 12:06:22.4799493760 /home/manan/Aira-Octave/linux-7.2.2/net/netfilter/.xt_MASQUERADE.mod.o.cmd
1788005182.4799493760 2026-08-29 12:06:22.4799493760 /home/manan/Aira-Octave/linux-7.2.2/drivers/thermal/intel/x86_pkg_temp_thermal.mod.o
1788005182.4759493760 2026-08-29 12:06:22.4759493760 /home/manan/Aira-Octave/linux-7.2.2/..module-common.o.cmd
1788005182.4679493770 2026-08-29 12:06:22.4679493770 /home/manan/Aira-Octave/linux-7.2.2/net/netfilter/xt_MASQUERADE.mod.o
1788005182.4679493770 2026-08-29 12:06:22.4679493770 /home/manan/Aira-Octave/linux-7.2.2/net/netfilter/.xt_LOG.mod.o.cmd
1788005182.4639493770 2026-08-29 12:06:22.4639493770 /home/manan/Aira-Octave/linux-7.2.2/.module-common.o
1788005182.4559493770 2026-08-29 12:06:22.4559493770 /home/manan/Aira-Octave/linux-7.2.2/net/netfilter/xt_LOG.mod.o
1788005182.4559493770 2026-08-29 12:06:22.4559493770 /home/manan/Aira-Octave/linux-7.2.2/fs/efivarfs/.efivarfs.mod.o.cmd
1788005182.4439493780 2026-08-29 12:06:22.4439493780 /home/manan/Aira-Octave/linux-7.2.2/fs/efivarfs/efivarfs.mod.o
1788005182.2079493900 2026-08-29 12:06:22.2079493900 /home/manan/Aira-Octave/linux-7.2.2/Module.symvers
1788005182.2079493900 2026-08-29 12:06:22.2079493900 /home/manan/Aira-Octave/linux-7.2.2/.Module.symvers.cmd
1788005182.2039493910 2026-08-29 12:06:22.2039493910 /home/manan/Aira-Octave/linux-7.2.2/net/netfilter/xt_mark.mod.c
1788005182.2039493910 2026-08-29 12:06:22.2039493910 /home/manan/Aira-Octave/linux-7.2.2/net/netfilter/xt_addrtype.mod.c
1788005182.2039493910 2026-08-29 12:06:22.2039493910 /home/manan/Aira-Octave/linux-7.2.2/net/netfilter/xt_MASQUERADE.mod.c
1788005182.2039493910 2026-08-29 12:06:22.2039493910 /home/manan/Aira-Octave/linux-7.2.2/net/netfilter/xt_LOG.mod.c
1788005182.2039493910 2026-08-29 12:06:22.2039493910 /home/manan/Aira-Octave/linux-7.2.2/net/netfilter/nf_log_syslog.mod.c
1788005182.2039493910 2026-08-29 12:06:22.2039493910 /home/manan/Aira-Octave/linux-7.2.2/net/ipv6/sit.mod.c
1788005182.2039493910 2026-08-29 12:06:22.2039493910 /home/manan/Aira-Octave/linux-7.2.2/net/ipv6/netfilter/nf_reject_ipv6.mod.c
1788005182.2039493910 2026-08-29 12:06:22.2039493910 /home/manan/Aira-Octave/linux-7.2.2/net/ipv4/tunnel4.mod.c
1788005182.2039493910 2026-08-29 12:06:22.2039493910 /home/manan/Aira-Octave/linux-7.2.2/net/ipv4/netfilter/nf_reject_ipv4.mod.c
1788005182.2039493910 2026-08-29 12:06:22.2039493910 /home/manan/Aira-Octave/linux-7.2.2/net/ipv4/ip_tunnel.mod.c
1788005182.2039493910 2026-08-29 12:06:22.2039493910 /home/manan/Aira-Octave/linux-7.2.2/fs/efivarfs/efivarfs.mod.c
1788005182.2039493910 2026-08-29 12:06:22.2039493910 /home/manan/Aira-Octave/linux-7.2.2/drivers/thermal/intel/x86_pkg_temp_thermal.mod.c
1788005182.2039493910 2026-08-29 12:06:22.2039493910 /home/manan/Aira-Octave/linux-7.2.2/.vmlinux.export.c
1788005176.5879496840 2026-08-29 12:06:16.5879496840 /home/manan/Aira-Octave/linux-7.2.2/.modules.order.cmd
1788005176.5799496830 2026-08-29 12:06:16.5799496830 /home/manan/Aira-Octave/linux-7.2.2/modules.order
1788005176.5439496850 2026-08-29 12:06:16.5439496850 /home/manan/Aira-Octave/linux-7.2.2/drivers/.modules.order.cmd
1788005176.5039496870 2026-08-29 12:06:16.5039496870 /home/manan/Aira-Octave/linux-7.2.2/drivers/modules.order
1788005176.4479496900 2026-08-29 12:06:16.4479496900 /home/manan/Aira-Octave/linux-7.2.2/drivers/built-in.a
1788005176.4479496900 2026-08-29 12:06:16.4479496900 /home/manan/Aira-Octave/linux-7.2.2/drivers/.built-in.a.cmd
1788005176.3959496930 2026-08-29 12:06:16.3959496930 /home/manan/Aira-Octave/linux-7.2.2/drivers/gpu/built-in.a
1788005176.3959496930 2026-08-29 12:06:16.3959496930 /home/manan/Aira-Octave/linux-7.2.2/drivers/gpu/.built-in.a.cmd
1788005176.3879496920 2026-08-29 12:06:16.3879496920 /home/manan/Aira-Octave/linux-7.2.2/drivers/gpu/.modules.order.cmd
1788005176.3799496930 2026-08-29 12:06:16.3799496930 /home/manan/Aira-Octave/linux-7.2.2/drivers/gpu/modules.order
1788005176.3759496930 2026-08-29 12:06:16.3759496930 /home/manan/Aira-Octave/linux-7.2.2/drivers/gpu/drm/.modules.order.cmd
1788005176.3519496940 2026-08-29 12:06:16.3519496940 /home/manan/Aira-Octave/linux-7.2.2/drivers/gpu/drm/built-in.a
1788005176.3519496940 2026-08-29 12:06:16.3519496940 /home/manan/Aira-Octave/linux-7.2.2/drivers/gpu/drm/.built-in.a.cmd
1788005176.3319496950 2026-08-29 12:06:16.3319496950 /home/manan/Aira-Octave/linux-7.2.2/drivers/gpu/drm/modules.order
1788005176.3319496950 2026-08-29 12:06:16.3319496950 /home/manan/Aira-Octave/linux-7.2.2/drivers/gpu/drm/i915/built-in.a
1788005176.3319496950 2026-08-29 12:06:16.3319496950 /home/manan/Aira-Octave/linux-7.2.2/drivers/gpu/drm/i915/.built-in.a.cmd
1788005176.3079496970 2026-08-29 12:06:16.3079496970 /home/manan/Aira-Octave/linux-7.2.2/drivers/gpu/drm/i915/.i915_perf.o.cmd
1788005176.3039496970 2026-08-29 12:06:16.3039496970 /home/manan/Aira-Octave/linux-7.2.2/drivers/gpu/drm/i915/i915_perf.o
1788005176.2719496990 2026-08-29 12:06:16.2719496990 /home/manan/Aira-Octave/linux-7.2.2/drivers/gpu/drm/i915/.i915_gpu_error.o.cmd
1788005176.2639496980 2026-08-29 12:06:16.2639496980 /home/manan/Aira-Octave/linux-7.2.2/drivers/gpu/drm/i915/i915_gpu_error.o
1788005176.1679497030 2026-08-29 12:06:16.1679497030 /home/manan/Aira-Octave/linux-7.2.2/drivers/gpu/drm/i915/display/.intel_snps_phy.o.cmd
1788005176.1639497030 2026-08-29 12:06:16.1639497030 /home/manan/Aira-Octave/linux-7.2.2/drivers/gpu/drm/i915/display/intel_snps_phy.o
1788005176.0199497100 2026-08-29 12:06:16.0199497100 /home/manan/Aira-Octave/linux-7.2.2/drivers/gpu/drm/i915/.i915_vgpu.o.cmd
1788005176.0119497100 2026-08-29 12:06:16.0119497100 /home/manan/Aira-Octave/linux-7.2.2/drivers/gpu/drm/i915/i915_vgpu.o
1788005175.8039497200 2026-08-29 12:06:15.8039497200 /home/manan/Aira-Octave/linux-7.2.2/drivers/gpu/drm/i915/pxp/.intel_pxp_huc.o.cmd
1788005175.7999497210 2026-08-29 12:06:15.7999497210 /home/manan/Aira-Octave/linux-7.2.2/drivers/gpu/drm/i915/pxp/intel_pxp_huc.o
1788005175.7479497230 2026-08-29 12:06:15.7479497230 /home/manan/Aira-Octave/linux-7.2.2/drivers/gpu/drm/i915/display/.vlv_dsi.o.cmd
1788005175.7399497230 2026-08-29 12:06:15.7399497230 /home/manan/Aira-Octave/linux-7.2.2/drivers/gpu/drm/i915/pxp/.intel_pxp.o.cmd
1788005175.7399497230 2026-08-29 12:06:15.7399497230 /home/manan/Aira-Octave/linux-7.2.2/drivers/gpu/drm/i915/display/vlv_dsi.o
1788005175.7319497230 2026-08-29 12:06:15.7319497230 /home/manan/Aira-Octave/linux-7.2.2/drivers/gpu/drm/i915/pxp/intel_pxp.o
1788005175.6759497260 2026-08-29 12:06:15.6759497260 /home/manan/Aira-Octave/linux-7.2.2/drivers/gpu/drm/i915/modules.order
1788005175.6759497260 2026-08-29 12:06:15.6759497260 /home/manan/Aira-Octave/linux-7.2.2/drivers/gpu/drm/i915/.modules.order.cmd
1788005175.6679497260 2026-08-29 12:06:15.6679497260 /home/manan/Aira-Octave/linux-7.2.2/drivers/gpu/drm/i915/pxp/.intel_pxp_tee.o.cmd
1788005175.6599497270 2026-08-29 12:06:15.6599497270 /home/manan/Aira-Octave/linux-7.2.2/drivers/gpu/drm/i915/pxp/intel_pxp_tee.o
1788005175.4719497360 2026-08-29 12:06:15.4719497360 /home/manan/Aira-Octave/linux-7.2.2/drivers/gpu/drm/i915/display/.intel_vrr.o.cmd
1788005175.4679497360 2026-08-29 12:06:15.4679497360 /home/manan/Aira-Octave/linux-7.2.2/drivers/gpu/drm/i915/display/intel_vrr.o
1788005175.2879497440 2026-08-29 12:06:15.2879497440 /home/manan/Aira-Octave/linux-7.2.2/drivers/gpu/drm/i915/display/.vlv_dsi_pll.o.cmd
1788005175.2799497450 2026-08-29 12:06:15.2799497450 /home/manan/Aira-Octave/linux-7.2.2/drivers/gpu/drm/i915/display/vlv_dsi_pll.o
1788005175.1839497490 2026-08-29 12:06:15.1839497490 /home/manan/Aira-Octave/linux-7.2.2/drivers/gpu/drm/i915/display/.intel_vdsc.o.cmd
1788005175.1799497490 2026-08-29 12:06:15.1799497490 /home/manan/Aira-Octave/linux-7.2.2/drivers/gpu/drm/i915/display/intel_vdsc.o
1788005175.1599497500 2026-08-29 12:06:15.1599497500 /home/manan/Aira-Octave/linux-7.2.2/drivers/gpu/drm/i915/display/.intel_tv.o.cmd
1788005175.1519497510 2026-08-29 12:06:15.1519497510 /home/manan/Aira-Octave/linux-7.2.2/drivers/gpu/drm/i915/display/intel_tv.o
1788005175.1279497520 2026-08-29 12:06:15.1279497520 /home/manan/Aira-Octave/linux-7.2.2/drivers/gpu/drm/i915/display/.intel_sdvo.o.cmd
1788005175.1159497530 2026-08-29 12:06:15.1159497530 /home/manan/Aira-Octave/linux-7.2.2/drivers/gpu/drm/i915/display/intel_sdvo.o
1788005175.0319497560 2026-08-29 12:06:15.0319497560 /home/manan/Aira-Octave/linux-7.2.2/drivers/gpu/drm/i915/display/.intel_pps.o.cmd
1788005175.0279497560 2026-08-29 12:06:15.0279497560 /home/manan/Aira-Octave/linux-7.2.2/drivers/gpu/drm/i915/display/intel_pps.o
1788005174.7279497710 2026-08-29 12:06:14.7279497710 /home/manan/Aira-Octave/linux-7.2.2/drivers/gpu/drm/i915/display/.intel_hdmi.o.cmd
1788005174.7199497710 2026-08-29 12:06:14.7199497710 /home/manan/Aira-Octave/linux-7.2.2/drivers/gpu/drm/i915/display/intel_hdmi.o
1788005174.6799497730 2026-08-29 12:06:14.6799497730 /home/manan/Aira-Octave/linux-7.2.2/drivers/gpu/drm/i915/display/.intel_snps_hdmi_pll.o.cmd
1788005174.6719497730 2026-08-29 12:06:14.6719497730 /home/manan/Aira-Octave/linux-7.2.2/drivers/gpu/drm/i915/display/intel_snps_hdmi_pll.o
1788005174.5079497810 2026-08-29 12:06:14.5079497810 /home/manan/Aira-Octave/linux-7.2.2/drivers/gpu/drm/i915/display/.intel_pfit.o.cmd
1788005174.4999497810 2026-08-29 12:06:14.4999497810 /home/manan/Aira-Octave/linux-7.2.2/drivers/gpu/drm/i915/display/intel_pfit.o
1788005174.4399497850 2026-08-29 12:06:14.4399497850 /home/manan/Aira-Octave/linux-7.2.2/drivers/gpu/drm/i915/display/.intel_panel.o.cmd
1788005174.4319497840 2026-08-29 12:06:14.4319497840 /home/manan/Aira-Octave/linux-7.2.2/drivers/gpu/drm/i915/display/intel_panel.o
1788005174.3319497890 2026-08-29 12:06:14.3319497890 /home/manan/Aira-Octave/linux-7.2.2/drivers/gpu/drm/i915/display/.intel_lvds.o.cmd
1788005174.3239497900 2026-08-29 12:06:14.3239497900 /home/manan/Aira-Octave/linux-7.2.2/drivers/gpu/drm/i915/display/intel_lvds.o
1788005174.2839497910 2026-08-29 12:06:14.2839497910 /home/manan/Aira-Octave/linux-7.2.2/drivers/gpu/drm/i915/display/.intel_lt_phy.o.cmd
1788005174.2759497920 2026-08-29 12:06:14.2759497920 /home/manan/Aira-Octave/linux-7.2.2/drivers/gpu/drm/i915/display/intel_lt_phy.o
1788005174.0239498030 2026-08-29 12:06:14.0239498030 /home/manan/Aira-Octave/linux-7.2.2/drivers/gpu/drm/i915/display/.intel_qp_tables.o.cmd
1788005174.0199498040 2026-08-29 12:06:14.0199498040 /home/manan/Aira-Octave/linux-7.2.2/drivers/gpu/drm/i915/display/intel_qp_tables.o
1788005174.0199498040 2026-08-29 12:06:14.0199498040 /home/manan/Aira-Octave/linux-7.2.2/drivers/gpu/drm/i915/display/.intel_gmbus.o.cmd
1788005174.0079498050 2026-08-29 12:06:14.0079498050 /home/manan/Aira-Octave/linux-7.2.2/drivers/gpu/drm/i915/display/intel_gmbus.o
1788005173.9839498060 2026-08-29 12:06:13.9839498060 /home/manan/Aira-Octave/linux-7.2.2/drivers/gpu/drm/i915/display/.intel_lspcon.o.cmd
1788005173.9759498060 2026-08-29 12:06:13.9759498060 /home/manan/Aira-Octave/linux-7.2.2/drivers/gpu/drm/i915/display/intel_lspcon.o
1788005173.8999498090 2026-08-29 12:06:13.8999498090 /home/manan/Aira-Octave/linux-7.2.2/drivers/gpu/drm/i915/display/.intel_dvo.o.cmd
1788005173.8919498100 2026-08-29 12:06:13.8919498100 /home/manan/Aira-Octave/linux-7.2.2/drivers/gpu/drm/i915/display/intel_dvo.o
1788005173.8919498100 2026-08-29 12:06:13.8919498100 /home/manan/Aira-Octave/linux-7.2.2/drivers/gpu/drm/i915/display/.intel_dp.o.cmd
1788005173.8799498110 2026-08-29 12:06:13.8799498110 /home/manan/Aira-Octave/linux-7.2.2/drivers/gpu/drm/i915/display/intel_dp.o
1788005173.8439498130 2026-08-29 12:06:13.8439498130 /home/manan/Aira-Octave/linux-7.2.2/drivers/gpu/drm/i915/display/.intel_dsi_vbt.o.cmd
1788005173.8399498120 2026-08-29 12:06:13.8399498120 /home/manan/Aira-Octave/linux-7.2.2/drivers/gpu/drm/i915/display/intel_dsi_vbt.o
1788005173.7199498180 2026-08-29 12:06:13.7199498180 /home/manan/Aira-Octave/linux-7.2.2/drivers/gpu/drm/i915/display/.intel_encoder.o.cmd
1788005173.7159498190 2026-08-29 12:06:13.7159498190 /home/manan/Aira-Octave/linux-7.2.2/drivers/gpu/drm/i915/display/intel_encoder.o
1788005173.4199498320 2026-08-29 12:06:13.4199498320 /home/manan/Aira-Octave/linux-7.2.2/drivers/gpu/drm/i915/display/.intel_dp_link_training.o.cmd
1788005173.4159498320 2026-08-29 12:06:13.4159498320 /home/manan/Aira-Octave/linux-7.2.2/drivers/gpu/drm/i915/display/intel_dp_link_training.o
1788005173.4039498330 2026-08-29 12:06:13.4039498330 /home/manan/Aira-Octave/linux-7.2.2/drivers/gpu/drm/i915/display/.intel_dp_mst.o.cmd
1788005173.3959498330 2026-08-29 12:06:13.3959498330 /home/manan/Aira-Octave/linux-7.2.2/drivers/gpu/drm/i915/display/intel_dp_mst.o
1788005173.3319498360 2026-08-29 12:06:13.3319498360 /home/manan/Aira-Octave/linux-7.2.2/drivers/gpu/drm/i915/display/.intel_ddi.o.cmd
1788005173.3239498370 2026-08-29 12:06:13.3239498370 /home/manan/Aira-Octave/linux-7.2.2/drivers/gpu/drm/i915/display/intel_ddi.o
1788005173.2959498380 2026-08-29 12:06:13.2959498380 /home/manan/Aira-Octave/linux-7.2.2/drivers/gpu/drm/i915/display/.intel_dp_test.o.cmd
1788005173.2919498380 2026-08-29 12:06:13.2919498380 /home/manan/Aira-Octave/linux-7.2.2/drivers/gpu/drm/i915/display/intel_dp_test.o
1788005173.2919498380 2026-08-29 12:06:13.2919498380 /home/manan/Aira-Octave/linux-7.2.2/drivers/gpu/drm/i915/display/.intel_dsi_dcs_backlight.o.cmd
1788005173.2799498390 2026-08-29 12:06:13.2799498390 /home/manan/Aira-Octave/linux-7.2.2/drivers/gpu/drm/i915/display/intel_dsi_dcs_backlight.o
1788005173.2479498410 2026-08-29 12:06:13.2479498410 /home/manan/Aira-Octave/linux-7.2.2/drivers/gpu/drm/i915/display/.intel_display_trace.o.cmd
1788005173.2439498400 2026-08-29 12:06:13.2439498400 /home/manan/Aira-Octave/linux-7.2.2/drivers/gpu/drm/i915/display/intel_display_trace.o
1788005173.1439498450 2026-08-29 12:06:13.1439498450 /home/manan/Aira-Octave/linux-7.2.2/drivers/gpu/drm/i915/display/.intel_dsi.o.cmd
1788005173.1359498450 2026-08-29 12:06:13.1359498450 /home/manan/Aira-Octave/linux-7.2.2/drivers/gpu/drm/i915/display/intel_dsi.o
1788005172.8199498600 2026-08-29 12:06:12.8199498600 /home/manan/Aira-Octave/linux-7.2.2/drivers/gpu/drm/i915/display/.intel_dp_hdcp.o.cmd
1788005172.8119498610 2026-08-29 12:06:12.8119498610 /home/manan/Aira-Octave/linux-7.2.2/drivers/gpu/drm/i915/display/intel_dp_hdcp.o
1788005172.7239498650 2026-08-29 12:06:12.7239498650 /home/manan/Aira-Octave/linux-7.2.2/drivers/gpu/drm/i915/display/.intel_dp_aux.o.cmd
1788005172.7159498650 2026-08-29 12:06:12.7159498650 /home/manan/Aira-Octave/linux-7.2.2/drivers/gpu/drm/i915/display/intel_dp_aux.o
1788005172.6839498670 2026-08-29 12:06:12.6839498670 /home/manan/Aira-Octave/linux-7.2.2/drivers/gpu/drm/i915/display/.intel_dp_aux_backlight.o.cmd
1788005172.6759498670 2026-08-29 12:06:12.6759498670 /home/manan/Aira-Octave/linux-7.2.2/drivers/gpu/drm/i915/display/intel_dp_aux_backlight.o
1788005172.4839498760 2026-08-29 12:06:12.4839498760 /home/manan/Aira-Octave/linux-7.2.2/drivers/gpu/drm/i915/display/.intel_cx0_phy.o.cmd
1788005172.4799498760 2026-08-29 12:06:12.4799498760 /home/manan/Aira-Octave/linux-7.2.2/drivers/gpu/drm/i915/display/intel_cx0_phy.o
1788005172.2279498880 2026-08-29 12:06:12.2279498880 /home/manan/Aira-Octave/linux-7.2.2/drivers/gpu/drm/i915/display/.intel_display_device.o.cmd
1788005172.2079498890 2026-08-29 12:06:12.2079498890 /home/manan/Aira-Octave/linux-7.2.2/drivers/gpu/drm/i915/display/intel_display_device.o
1788005172.1319498920 2026-08-29 12:06:12.1319498920 /home/manan/Aira-Octave/linux-7.2.2/drivers/gpu/drm/i915/display/.icl_dsi.o.cmd
1788005172.1239498930 2026-08-29 12:06:12.1239498930 /home/manan/Aira-Octave/linux-7.2.2/drivers/gpu/drm/i915/display/icl_dsi.o
1788005172.1039498940 2026-08-29 12:06:12.1039498940 /home/manan/Aira-Octave/linux-7.2.2/drivers/gpu/drm/i915/display/.intel_dkl_phy.o.cmd
1788005172.0999498940 2026-08-29 12:06:12.0999498940 /home/manan/Aira-Octave/linux-7.2.2/drivers/gpu/drm/i915/display/intel_dkl_phy.o
1788005172.0079498980 2026-08-29 12:06:12.0079498980 /home/manan/Aira-Octave/linux-7.2.2/drivers/gpu/drm/i915/display/.intel_backlight.o.cmd
1788005171.9999498990 2026-08-29 12:06:11.9999498990 /home/manan/Aira-Octave/linux-7.2.2/drivers/gpu/drm/i915/display/intel_backlight.o
1788005171.8119499080 2026-08-29 12:06:11.8119499080 /home/manan/Aira-Octave/linux-7.2.2/drivers/gpu/drm/i915/display/.intel_ddi_buf_trans.o.cmd
1788005171.8079499080 2026-08-29 12:06:11.8079499080 /home/manan/Aira-Octave/linux-7.2.2/drivers/gpu/drm/i915/display/intel_ddi_buf_trans.o
1788005171.7319499110 2026-08-29 12:06:11.7319499110 /home/manan/Aira-Octave/linux-7.2.2/drivers/gpu/drm/i915/display/.intel_crt.o.cmd
1788005171.7279499110 2026-08-29 12:06:11.7279499110 /home/manan/Aira-Octave/linux-7.2.2/drivers/gpu/drm/i915/display/intel_crt.o
1788005171.5799499190 2026-08-29 12:06:11.5799499190 /home/manan/Aira-Octave/linux-7.2.2/drivers/gpu/drm/i915/display/.g4x_dp.o.cmd
1788005171.5719499180 2026-08-29 12:06:11.5719499180 /home/manan/Aira-Octave/linux-7.2.2/drivers/gpu/drm/i915/display/g4x_dp.o
1788005171.4399499250 2026-08-29 12:06:11.4399499250 /home/manan/Aira-Octave/linux-7.2.2/drivers/gpu/drm/i915/display/.g4x_hdmi.o.cmd
1788005171.4359499250 2026-08-29 12:06:11.4359499250 /home/manan/Aira-Octave/linux-7.2.2/drivers/gpu/drm/i915/display/g4x_hdmi.o
1788005171.1639499380 2026-08-29 12:06:11.1639499380 /home/manan/Aira-Octave/linux-7.2.2/drivers/gpu/drm/i915/display/.dvo_tfp410.o.cmd
1788005171.1559499380 2026-08-29 12:06:11.1559499380 /home/manan/Aira-Octave/linux-7.2.2/drivers/gpu/drm/i915/display/dvo_tfp410.o
1788005171.1559499380 2026-08-29 12:06:11.1559499380 /home/manan/Aira-Octave/linux-7.2.2/drivers/gpu/drm/i915/display/.skl_watermark.o.cmd
1788005171.1479499390 2026-08-29 12:06:11.1479499390 /home/manan/Aira-Octave/linux-7.2.2/drivers/gpu/drm/i915/display/skl_watermark.o
1788005171.0719499420 2026-08-29 12:06:11.0719499420 /home/manan/Aira-Octave/linux-7.2.2/drivers/gpu/drm/i915/display/.dvo_sil164.o.cmd
1788005171.0639499420 2026-08-29 12:06:11.0639499420 /home/manan/Aira-Octave/linux-7.2.2/drivers/gpu/drm/i915/display/dvo_sil164.o
1788005171.0319499440 2026-08-29 12:06:11.0319499440 /home/manan/Aira-Octave/linux-7.2.2/drivers/gpu/drm/i915/display/.skl_universal_plane.o.cmd
1788005171.0279499440 2026-08-29 12:06:11.0279499440 /home/manan/Aira-Octave/linux-7.2.2/drivers/gpu/drm/i915/display/skl_universal_plane.o
1788005170.9839499470 2026-08-29 12:06:10.9839499470 /home/manan/Aira-Octave/linux-7.2.2/drivers/gpu/drm/i915/display/.dvo_ns2501.o.cmd
1788005170.9759499460 2026-08-29 12:06:10.9759499460 /home/manan/Aira-Octave/linux-7.2.2/drivers/gpu/drm/i915/display/dvo_ns2501.o
1788005170.8319499540 2026-08-29 12:06:10.8319499540 /home/manan/Aira-Octave/linux-7.2.2/drivers/gpu/drm/i915/display/.intel_display_debugfs.o.cmd
1788005170.8279499540 2026-08-29 12:06:10.8279499540 /home/manan/Aira-Octave/linux-7.2.2/drivers/gpu/drm/i915/display/intel_display_debugfs.o
1788005170.7919499550 2026-08-29 12:06:10.7919499550 /home/manan/Aira-Octave/linux-7.2.2/drivers/gpu/drm/i915/display/.dvo_ivch.o.cmd
1788005170.7879499550 2026-08-29 12:06:10.7879499550 /home/manan/Aira-Octave/linux-7.2.2/drivers/gpu/drm/i915/display/dvo_ivch.o
1788005170.6719499610 2026-08-29 12:06:10.6719499610 /home/manan/Aira-Octave/linux-7.2.2/drivers/gpu/drm/i915/display/.dvo_ch7xxx.o.cmd
1788005170.6639499610 2026-08-29 12:06:10.6639499610 /home/manan/Aira-Octave/linux-7.2.2/drivers/gpu/drm/i915/display/dvo_ch7xxx.o
1788005170.6359499620 2026-08-29 12:06:10.6359499620 /home/manan/Aira-Octave/linux-7.2.2/drivers/gpu/drm/i915/display/.intel_pipe_crc.o.cmd
1788005170.6319499620 2026-08-29 12:06:10.6319499620 /home/manan/Aira-Octave/linux-7.2.2/drivers/gpu/drm/i915/display/intel_pipe_crc.o
1788005170.5599499660 2026-08-29 12:06:10.5599499660 /home/manan/Aira-Octave/linux-7.2.2/drivers/gpu/drm/i915/display/.dvo_ch7017.o.cmd
1788005170.5559499660 2026-08-29 12:06:10.5559499660 /home/manan/Aira-Octave/linux-7.2.2/drivers/gpu/drm/i915/display/dvo_ch7017.o
1788005170.4439499710 2026-08-29 12:06:10.4439499710 /home/manan/Aira-Octave/linux-7.2.2/drivers/gpu/drm/i915/display/.intel_opregion.o.cmd
1788005170.4359499720 2026-08-29 12:06:10.4359499720 /home/manan/Aira-Octave/linux-7.2.2/drivers/gpu/drm/i915/display/intel_opregion.o
1788005170.3199499770 2026-08-29 12:06:10.3199499770 /home/manan/Aira-Octave/linux-7.2.2/drivers/gpu/drm/i915/display/.intel_display_debugfs_params.o.cmd
1788005170.3159499770 2026-08-29 12:06:10.3159499770 /home/manan/Aira-Octave/linux-7.2.2/drivers/gpu/drm/i915/display/intel_display_debugfs_params.o
1788005170.1479499860 2026-08-29 12:06:10.1479499860 /home/manan/Aira-Octave/linux-7.2.2/drivers/gpu/drm/i915/display/.intel_acpi.o.cmd
1788005170.1399499860 2026-08-29 12:06:10.1399499860 /home/manan/Aira-Octave/linux-7.2.2/drivers/gpu/drm/i915/display/intel_acpi.o
1788005170.0879499880 2026-08-29 12:06:10.0879499880 /home/manan/Aira-Octave/linux-7.2.2/drivers/gpu/drm/i915/display/.vlv_sideband.o.cmd
1788005170.0799499890 2026-08-29 12:06:10.0799499890 /home/manan/Aira-Octave/linux-7.2.2/drivers/gpu/drm/i915/display/vlv_sideband.o
1788005170.0039499920 2026-08-29 12:06:10.0039499920 /home/manan/Aira-Octave/linux-7.2.2/drivers/gpu/drm/i915/display/.intel_psr.o.cmd
1788005169.9959499920 2026-08-29 12:06:09.9959499920 /home/manan/Aira-Octave/linux-7.2.2/drivers/gpu/drm/i915/display/intel_psr.o
1788005169.9959499920 2026-08-29 12:06:09.9959499920 /home/manan/Aira-Octave/linux-7.2.2/drivers/gpu/drm/i915/display/.skl_scaler.o.cmd
1788005169.9919499930 2026-08-29 12:06:09.9919499930 /home/manan/Aira-Octave/linux-7.2.2/drivers/gpu/drm/i915/display/skl_scaler.o
1788005169.9639499940 2026-08-29 12:06:09.9639499940 /home/manan/Aira-Octave/linux-7.2.2/drivers/gpu/drm/i915/display/.vlv_clock.o.cmd
1788005169.9559499950 2026-08-29 12:06:09.9559499950 /home/manan/Aira-Octave/linux-7.2.2/drivers/gpu/drm/i915/display/vlv_clock.o
1788005169.7599500040 2026-08-29 12:06:09.7599500040 /home/manan/Aira-Octave/linux-7.2.2/drivers/gpu/drm/i915/display/.intel_tc.o.cmd
1788005169.7519500050 2026-08-29 12:06:09.7519500050 /home/manan/Aira-Octave/linux-7.2.2/drivers/gpu/drm/i915/display/intel_tc.o
1788005169.6599500090 2026-08-29 12:06:09.6599500090 /home/manan/Aira-Octave/linux-7.2.2/drivers/gpu/drm/i915/display/.intel_sprite.o.cmd
1788005169.6519500090 2026-08-29 12:06:09.6519500090 /home/manan/Aira-Octave/linux-7.2.2/drivers/gpu/drm/i915/display/intel_sprite.o
1788005169.5599500140 2026-08-29 12:06:09.5599500140 /home/manan/Aira-Octave/linux-7.2.2/drivers/gpu/drm/i915/display/.intel_vblank.o.cmd
1788005169.5519500130 2026-08-29 12:06:09.5519500130 /home/manan/Aira-Octave/linux-7.2.2/drivers/gpu/drm/i915/display/intel_vblank.o
1788005169.4679500180 2026-08-29 12:06:09.4679500180 /home/manan/Aira-Octave/linux-7.2.2/drivers/gpu/drm/i915/display/.intel_wm.o.cmd
1788005169.4639500170 2026-08-29 12:06:09.4639500170 /home/manan/Aira-Octave/linux-7.2.2/drivers/gpu/drm/i915/display/intel_wm.o
1788005169.4559500180 2026-08-29 12:06:09.4559500180 /home/manan/Aira-Octave/linux-7.2.2/drivers/gpu/drm/i915/display/.skl_prefill.o.cmd
1788005169.4479500190 2026-08-29 12:06:09.4479500190 /home/manan/Aira-Octave/linux-7.2.2/drivers/gpu/drm/i915/display/skl_prefill.o
1788005169.4159500200 2026-08-29 12:06:09.4159500200 /home/manan/Aira-Octave/linux-7.2.2/drivers/gpu/drm/i915/display/.intel_vga.o.cmd
1788005169.4079500210 2026-08-29 12:06:09.4079500210 /home/manan/Aira-Octave/linux-7.2.2/drivers/gpu/drm/i915/display/intel_vga.o
1788005169.0639500370 2026-08-29 12:06:09.0639500370 /home/manan/Aira-Octave/linux-7.2.2/drivers/gpu/drm/i915/display/.intel_plane.o.cmd
1788005169.0559500370 2026-08-29 12:06:09.0559500370 /home/manan/Aira-Octave/linux-7.2.2/drivers/gpu/drm/i915/display/intel_plane.o
1788005168.9759500410 2026-08-29 12:06:08.9759500410 /home/manan/Aira-Octave/linux-7.2.2/drivers/gpu/drm/i915/display/.intel_sprite_uapi.o.cmd
1788005168.9679500410 2026-08-29 12:06:08.9679500410 /home/manan/Aira-Octave/linux-7.2.2/drivers/gpu/drm/i915/display/intel_sprite_uapi.o
1788005168.9679500410 2026-08-29 12:06:08.9679500410 /home/manan/Aira-Octave/linux-7.2.2/drivers/gpu/drm/i915/display/.intel_pmdemand.o.cmd
1788005168.9639500420 2026-08-29 12:06:08.9639500420 /home/manan/Aira-Octave/linux-7.2.2/drivers/gpu/drm/i915/display/intel_pmdemand.o
1788005168.8919500440 2026-08-29 12:06:08.8919500440 /home/manan/Aira-Octave/linux-7.2.2/drivers/gpu/drm/i915/display/.intel_rom.o.cmd
1788005168.8839500450 2026-08-29 12:06:08.8839500450 /home/manan/Aira-Octave/linux-7.2.2/drivers/gpu/drm/i915/display/intel_rom.o
1788005168.8839500450 2026-08-29 12:06:08.8839500450 /home/manan/Aira-Octave/linux-7.2.2/drivers/gpu/drm/i915/display/.intel_sbi.o.cmd
1788005168.8759500460 2026-08-29 12:06:08.8759500460 /home/manan/Aira-Octave/linux-7.2.2/drivers/gpu/drm/i915/display/intel_sbi.o
1788005168.8359500480 2026-08-29 12:06:08.8359500480 /home/manan/Aira-Octave/linux-7.2.2/drivers/gpu/drm/i915/display/.intel_quirks.o.cmd
1788005168.8319500470 2026-08-29 12:06:08.8319500470 /home/manan/Aira-Octave/linux-7.2.2/drivers/gpu/drm/i915/display/intel_quirks.o
1788005168.5439500580 2026-08-29 12:06:08.5439500580 /home/manan/Aira-Octave/linux-7.2.2/drivers/gpu/drm/i915/display/.intel_pch_display.o.cmd
1788005168.5399500570 2026-08-29 12:06:08.5399500570 /home/manan/Aira-Octave/linux-7.2.2/drivers/gpu/drm/i915/display/intel_pch_display.o
1788005168.5279500570 2026-08-29 12:06:08.5279500570 /home/manan/Aira-Octave/linux-7.2.2/drivers/gpu/drm/i915/display/.intel_pch_refclk.o.cmd
1788005168.5199500580 2026-08-29 12:06:08.5199500580 /home/manan/Aira-Octave/linux-7.2.2/drivers/gpu/drm/i915/display/intel_pch_refclk.o
1788005168.4719500590 2026-08-29 12:06:08.4719500590 /home/manan/Aira-Octave/linux-7.2.2/drivers/gpu/drm/i915/display/.intel_overlay.o.cmd
1788005168.4639500600 2026-08-29 12:06:08.4639500600 /home/manan/Aira-Octave/linux-7.2.2/drivers/gpu/drm/i915/display/intel_overlay.o
1788005168.3279500630 2026-08-29 12:06:08.3279500630 /home/manan/Aira-Octave/linux-7.2.2/drivers/gpu/drm/i915/display/.intel_parent.o.cmd
1788005168.3279500630 2026-08-29 12:06:08.3279500630 /home/manan/Aira-Octave/linux-7.2.2/drivers/gpu/drm/i915/display/.intel_modeset_setup.o.cmd
1788005168.3239500640 2026-08-29 12:06:08.3239500640 /home/manan/Aira-Octave/linux-7.2.2/drivers/gpu/drm/i915/display/intel_parent.o
1788005168.3159500630 2026-08-29 12:06:08.3159500630 /home/manan/Aira-Octave/linux-7.2.2/drivers/gpu/drm/i915/display/intel_modeset_setup.o
1788005168.3159500630 2026-08-29 12:06:08.3159500630 /home/manan/Aira-Octave/linux-7.2.2/drivers/gpu/drm/i915/display/.intel_pch.o.cmd
1788005168.3119500630 2026-08-29 12:06:08.3119500630 /home/manan/Aira-Octave/linux-7.2.2/drivers/gpu/drm/i915/display/intel_pch.o
1788005168.1319500680 2026-08-29 12:06:08.1319500680 /home/manan/Aira-Octave/linux-7.2.2/drivers/gpu/drm/i915/display/.intel_modeset_verify.o.cmd
1788005168.1279500680 2026-08-29 12:06:08.1279500680 /home/manan/Aira-Octave/linux-7.2.2/drivers/gpu/drm/i915/display/intel_modeset_verify.o
1788005168.1199500690 2026-08-29 12:06:08.1199500690 /home/manan/Aira-Octave/linux-7.2.2/drivers/gpu/drm/i915/display/.intel_hdcp.o.cmd
1788005168.1159500690 2026-08-29 12:06:08.1159500690 /home/manan/Aira-Octave/linux-7.2.2/drivers/gpu/drm/i915/display/intel_hdcp.o
1788005167.9319500740 2026-08-29 12:06:07.9319500740 /home/manan/Aira-Octave/linux-7.2.2/drivers/gpu/drm/i915/display/.intel_modeset_lock.o.cmd
1788005167.9279500740 2026-08-29 12:06:07.9279500740 /home/manan/Aira-Octave/linux-7.2.2/drivers/gpu/drm/i915/display/intel_modeset_lock.o
1788005167.8319500770 2026-08-29 12:06:07.8319500770 /home/manan/Aira-Octave/linux-7.2.2/drivers/gpu/drm/i915/display/.intel_mchbar.o.cmd
1788005167.8319500770 2026-08-29 12:06:07.8319500770 /home/manan/Aira-Octave/linux-7.2.2/drivers/gpu/drm/i915/display/.intel_lpe_audio.o.cmd
1788005167.8279500770 2026-08-29 12:06:07.8279500770 /home/manan/Aira-Octave/linux-7.2.2/drivers/gpu/drm/i915/display/intel_mchbar.o
1788005167.8279500770 2026-08-29 12:06:07.8279500770 /home/manan/Aira-Octave/linux-7.2.2/drivers/gpu/drm/i915/display/intel_lpe_audio.o
1788005167.7959500780 2026-08-29 12:06:07.7959500780 /home/manan/Aira-Octave/linux-7.2.2/drivers/gpu/drm/i915/display/.intel_hotplug_irq.o.cmd
1788005167.7879500780 2026-08-29 12:06:07.7879500780 /home/manan/Aira-Octave/linux-7.2.2/drivers/gpu/drm/i915/display/intel_hotplug_irq.o
1788005167.7839500780 2026-08-29 12:06:07.7839500780 /home/manan/Aira-Octave/linux-7.2.2/drivers/gpu/drm/i915/display/.intel_load_detect.o.cmd
1788005167.7759500780 2026-08-29 12:06:07.7759500780 /home/manan/Aira-Octave/linux-7.2.2/drivers/gpu/drm/i915/display/intel_load_detect.o
1788005167.5759500840 2026-08-29 12:06:07.5759500840 /home/manan/Aira-Octave/linux-7.2.2/drivers/gpu/drm/i915/display/.intel_link_bw.o.cmd
1788005167.5719500840 2026-08-29 12:06:07.5719500840 /home/manan/Aira-Octave/linux-7.2.2/drivers/gpu/drm/i915/display/intel_link_bw.o
1788005167.5679500840 2026-08-29 12:06:07.5679500840 /home/manan/Aira-Octave/linux-7.2.2/drivers/gpu/drm/i915/display/.intel_hotplug.o.cmd
1788005167.5639500840 2026-08-29 12:06:07.5639500840 /home/manan/Aira-Octave/linux-7.2.2/drivers/gpu/drm/i915/display/intel_hotplug.o
1788005167.4559500880 2026-08-29 12:06:07.4559500880 /home/manan/Aira-Octave/linux-7.2.2/drivers/gpu/drm/i915/display/.intel_hdcp_gsc_message.o.cmd
1788005167.4479500870 2026-08-29 12:06:07.4479500870 /home/manan/Aira-Octave/linux-7.2.2/drivers/gpu/drm/i915/display/intel_hdcp_gsc_message.o
1788005167.4399500870 2026-08-29 12:06:07.4399500870 /home/manan/Aira-Octave/linux-7.2.2/drivers/gpu/drm/i915/display/.intel_initial_plane.o.cmd
1788005167.4359500880 2026-08-29 12:06:07.4359500880 /home/manan/Aira-Octave/linux-7.2.2/drivers/gpu/drm/i915/display/intel_initial_plane.o
1788005167.3399500900 2026-08-29 12:06:07.3399500900 /home/manan/Aira-Octave/linux-7.2.2/drivers/gpu/drm/i915/display/.intel_global_state.o.cmd
1788005167.3359500900 2026-08-29 12:06:07.3359500900 /home/manan/Aira-Octave/linux-7.2.2/drivers/gpu/drm/i915/display/intel_global_state.o
1788005167.2519500930 2026-08-29 12:06:07.2519500930 /home/manan/Aira-Octave/linux-7.2.2/drivers/gpu/drm/i915/display/.intel_hti.o.cmd
1788005167.2479500930 2026-08-29 12:06:07.2479500930 /home/manan/Aira-Octave/linux-7.2.2/drivers/gpu/drm/i915/display/intel_hti.o
1788005166.9879501000 2026-08-29 12:06:06.9879501000 /home/manan/Aira-Octave/linux-7.2.2/drivers/gpu/drm/i915/display/.intel_fbc.o.cmd
1788005166.9839501000 2026-08-29 12:06:06.9839501000 /home/manan/Aira-Octave/linux-7.2.2/drivers/gpu/drm/i915/display/intel_fbc.o
1788005166.9599501010 2026-08-29 12:06:06.9599501010 /home/manan/Aira-Octave/linux-7.2.2/drivers/gpu/drm/i915/display/.intel_frontbuffer.o.cmd
1788005166.9519501010 2026-08-29 12:06:06.9519501010 /home/manan/Aira-Octave/linux-7.2.2/drivers/gpu/drm/i915/display/intel_frontbuffer.o

[9/15] Auditing major kernel subsystems...

===== arch/x86 =====
Files: 2433
C files: 585
Header files: 750

===== kernel =====
Files: 1242
C files: 496
Header files: 144

===== mm =====
Files: 357
C files: 163
Header files: 27

===== fs =====
Files: 3138
C files: 1489
Header files: 697

===== ipc =====
Files: 39
C files: 11
Header files: 1

===== net =====
Files: 2909
C files: 1483
Header files: 270

===== drivers =====
Files: 42074
C files: 22248
Header files: 11601

===== security =====
Files: 419
C files: 167
Header files: 98

===== block =====
Files: 193
C files: 76
Header files: 22

===== init =====
Files: 38
C files: 11
Header files: 3

===== lib =====
Files: 1397
C files: 522
Header files: 302

Scheduler-related symbols/files:
/home/manan/Aira-Octave/linux-7.2.2/kernel/sched/.build_policy.o.cmd
/home/manan/Aira-Octave/linux-7.2.2/kernel/sched/.build_utility.o.cmd
/home/manan/Aira-Octave/linux-7.2.2/kernel/sched/.built-in.a.cmd
/home/manan/Aira-Octave/linux-7.2.2/kernel/sched/.core.o.cmd
/home/manan/Aira-Octave/linux-7.2.2/kernel/sched/.fair.o.cmd
/home/manan/Aira-Octave/linux-7.2.2/kernel/sched/.modules.order.cmd
/home/manan/Aira-Octave/linux-7.2.2/kernel/sched/.rq-offsets.s.cmd
/home/manan/Aira-Octave/linux-7.2.2/kernel/sched/Makefile
/home/manan/Aira-Octave/linux-7.2.2/kernel/sched/autogroup.c
/home/manan/Aira-Octave/linux-7.2.2/kernel/sched/autogroup.h
/home/manan/Aira-Octave/linux-7.2.2/kernel/sched/build_policy.c
/home/manan/Aira-Octave/linux-7.2.2/kernel/sched/build_policy.o
/home/manan/Aira-Octave/linux-7.2.2/kernel/sched/build_utility.c
/home/manan/Aira-Octave/linux-7.2.2/kernel/sched/build_utility.o
/home/manan/Aira-Octave/linux-7.2.2/kernel/sched/built-in.a
/home/manan/Aira-Octave/linux-7.2.2/kernel/sched/clock.c
/home/manan/Aira-Octave/linux-7.2.2/kernel/sched/completion.c
/home/manan/Aira-Octave/linux-7.2.2/kernel/sched/core.c
/home/manan/Aira-Octave/linux-7.2.2/kernel/sched/core.o
/home/manan/Aira-Octave/linux-7.2.2/kernel/sched/core_sched.c
/home/manan/Aira-Octave/linux-7.2.2/kernel/sched/cpuacct.c
/home/manan/Aira-Octave/linux-7.2.2/kernel/sched/cpudeadline.c
/home/manan/Aira-Octave/linux-7.2.2/kernel/sched/cpudeadline.h
/home/manan/Aira-Octave/linux-7.2.2/kernel/sched/cpufreq.c
/home/manan/Aira-Octave/linux-7.2.2/kernel/sched/cpufreq_schedutil.c
/home/manan/Aira-Octave/linux-7.2.2/kernel/sched/cpupri.c
/home/manan/Aira-Octave/linux-7.2.2/kernel/sched/cpupri.h
/home/manan/Aira-Octave/linux-7.2.2/kernel/sched/cputime.c
/home/manan/Aira-Octave/linux-7.2.2/kernel/sched/deadline.c
/home/manan/Aira-Octave/linux-7.2.2/kernel/sched/debug.c
/home/manan/Aira-Octave/linux-7.2.2/kernel/sched/ext/arena.c
/home/manan/Aira-Octave/linux-7.2.2/kernel/sched/ext/arena.h
/home/manan/Aira-Octave/linux-7.2.2/kernel/sched/ext/cid.c
/home/manan/Aira-Octave/linux-7.2.2/kernel/sched/ext/cid.h
/home/manan/Aira-Octave/linux-7.2.2/kernel/sched/ext/ext.c
/home/manan/Aira-Octave/linux-7.2.2/kernel/sched/ext/ext.h
/home/manan/Aira-Octave/linux-7.2.2/kernel/sched/ext/idle.c
/home/manan/Aira-Octave/linux-7.2.2/kernel/sched/ext/idle.h
/home/manan/Aira-Octave/linux-7.2.2/kernel/sched/ext/internal.h
/home/manan/Aira-Octave/linux-7.2.2/kernel/sched/ext/types.h
/home/manan/Aira-Octave/linux-7.2.2/kernel/sched/fair.c
/home/manan/Aira-Octave/linux-7.2.2/kernel/sched/fair.o
/home/manan/Aira-Octave/linux-7.2.2/kernel/sched/features.h
/home/manan/Aira-Octave/linux-7.2.2/kernel/sched/idle.c
/home/manan/Aira-Octave/linux-7.2.2/kernel/sched/isolation.c
/home/manan/Aira-Octave/linux-7.2.2/kernel/sched/loadavg.c
/home/manan/Aira-Octave/linux-7.2.2/kernel/sched/membarrier.c
/home/manan/Aira-Octave/linux-7.2.2/kernel/sched/modules.order
/home/manan/Aira-Octave/linux-7.2.2/kernel/sched/pelt.c
/home/manan/Aira-Octave/linux-7.2.2/kernel/sched/pelt.h
/home/manan/Aira-Octave/linux-7.2.2/kernel/sched/psi.c
/home/manan/Aira-Octave/linux-7.2.2/kernel/sched/rq-offsets.c
/home/manan/Aira-Octave/linux-7.2.2/kernel/sched/rq-offsets.s
/home/manan/Aira-Octave/linux-7.2.2/kernel/sched/rt.c
/home/manan/Aira-Octave/linux-7.2.2/kernel/sched/sched-pelt.h
/home/manan/Aira-Octave/linux-7.2.2/kernel/sched/sched.h
/home/manan/Aira-Octave/linux-7.2.2/kernel/sched/smp.h
/home/manan/Aira-Octave/linux-7.2.2/kernel/sched/stats.c
/home/manan/Aira-Octave/linux-7.2.2/kernel/sched/stats.h
/home/manan/Aira-Octave/linux-7.2.2/kernel/sched/stop_task.c
/home/manan/Aira-Octave/linux-7.2.2/kernel/sched/swait.c
/home/manan/Aira-Octave/linux-7.2.2/kernel/sched/syscalls.c
/home/manan/Aira-Octave/linux-7.2.2/kernel/sched/topology.c
/home/manan/Aira-Octave/linux-7.2.2/kernel/sched/wait.c
/home/manan/Aira-Octave/linux-7.2.2/kernel/sched/wait_bit.c

Memory-management areas:
/home/manan/Aira-Octave/linux-7.2.2/mm/.backing-dev.o.cmd
/home/manan/Aira-Octave/linux-7.2.2/mm/.built-in.a.cmd
/home/manan/Aira-Octave/linux-7.2.2/mm/.compaction.o.cmd
/home/manan/Aira-Octave/linux-7.2.2/mm/.debug.o.cmd
/home/manan/Aira-Octave/linux-7.2.2/mm/.dmapool.o.cmd
/home/manan/Aira-Octave/linux-7.2.2/mm/.early_ioremap.o.cmd
/home/manan/Aira-Octave/linux-7.2.2/mm/.execmem.o.cmd
/home/manan/Aira-Octave/linux-7.2.2/mm/.fadvise.o.cmd
/home/manan/Aira-Octave/linux-7.2.2/mm/.filemap.o.cmd
/home/manan/Aira-Octave/linux-7.2.2/mm/.folio-compat.o.cmd
/home/manan/Aira-Octave/linux-7.2.2/mm/.gup.o.cmd
/home/manan/Aira-Octave/linux-7.2.2/mm/.highmem.o.cmd
/home/manan/Aira-Octave/linux-7.2.2/mm/.hugetlb.o.cmd
/home/manan/Aira-Octave/linux-7.2.2/mm/.hugetlb_cgroup.o.cmd
/home/manan/Aira-Octave/linux-7.2.2/mm/.hugetlb_sysctl.o.cmd
/home/manan/Aira-Octave/linux-7.2.2/mm/.hugetlb_sysfs.o.cmd
/home/manan/Aira-Octave/linux-7.2.2/mm/.hugetlb_vmemmap.o.cmd
/home/manan/Aira-Octave/linux-7.2.2/mm/.init-mm.o.cmd
/home/manan/Aira-Octave/linux-7.2.2/mm/.interval_tree.o.cmd
/home/manan/Aira-Octave/linux-7.2.2/mm/.list_lru.o.cmd
/home/manan/Aira-Octave/linux-7.2.2/mm/.maccess.o.cmd
/home/manan/Aira-Octave/linux-7.2.2/mm/.madvise.o.cmd
/home/manan/Aira-Octave/linux-7.2.2/mm/.memblock.o.cmd
/home/manan/Aira-Octave/linux-7.2.2/mm/.memfd.o.cmd
/home/manan/Aira-Octave/linux-7.2.2/mm/.memory-tiers.o.cmd
/home/manan/Aira-Octave/linux-7.2.2/mm/.memory.o.cmd
/home/manan/Aira-Octave/linux-7.2.2/mm/.mempolicy.o.cmd
/home/manan/Aira-Octave/linux-7.2.2/mm/.mempool.o.cmd
/home/manan/Aira-Octave/linux-7.2.2/mm/.migrate.o.cmd
/home/manan/Aira-Octave/linux-7.2.2/mm/.mincore.o.cmd
/home/manan/Aira-Octave/linux-7.2.2/mm/.mlock.o.cmd
/home/manan/Aira-Octave/linux-7.2.2/mm/.mm_init.o.cmd
/home/manan/Aira-Octave/linux-7.2.2/mm/.mmap.o.cmd
/home/manan/Aira-Octave/linux-7.2.2/mm/.mmap_lock.o.cmd
/home/manan/Aira-Octave/linux-7.2.2/mm/.mmu_gather.o.cmd
/home/manan/Aira-Octave/linux-7.2.2/mm/.mmu_notifier.o.cmd
/home/manan/Aira-Octave/linux-7.2.2/mm/.mmzone.o.cmd
/home/manan/Aira-Octave/linux-7.2.2/mm/.modules.order.cmd
/home/manan/Aira-Octave/linux-7.2.2/mm/.mprotect.o.cmd
/home/manan/Aira-Octave/linux-7.2.2/mm/.mremap.o.cmd
/home/manan/Aira-Octave/linux-7.2.2/mm/.mseal.o.cmd
/home/manan/Aira-Octave/linux-7.2.2/mm/.msync.o.cmd
/home/manan/Aira-Octave/linux-7.2.2/mm/.numa.o.cmd
/home/manan/Aira-Octave/linux-7.2.2/mm/.numa_memblks.o.cmd
/home/manan/Aira-Octave/linux-7.2.2/mm/.oom_kill.o.cmd
/home/manan/Aira-Octave/linux-7.2.2/mm/.page-writeback.o.cmd
/home/manan/Aira-Octave/linux-7.2.2/mm/.page_alloc.o.cmd
/home/manan/Aira-Octave/linux-7.2.2/mm/.page_counter.o.cmd
/home/manan/Aira-Octave/linux-7.2.2/mm/.page_frag_cache.o.cmd
/home/manan/Aira-Octave/linux-7.2.2/mm/.page_io.o.cmd
/home/manan/Aira-Octave/linux-7.2.2/mm/.page_vma_mapped.o.cmd
/home/manan/Aira-Octave/linux-7.2.2/mm/.pagewalk.o.cmd
/home/manan/Aira-Octave/linux-7.2.2/mm/.percpu.o.cmd
/home/manan/Aira-Octave/linux-7.2.2/mm/.pgtable-generic.o.cmd
/home/manan/Aira-Octave/linux-7.2.2/mm/.process_vm_access.o.cmd
/home/manan/Aira-Octave/linux-7.2.2/mm/.ptdump.o.cmd
/home/manan/Aira-Octave/linux-7.2.2/mm/.readahead.o.cmd
/home/manan/Aira-Octave/linux-7.2.2/mm/.rmap.o.cmd
/home/manan/Aira-Octave/linux-7.2.2/mm/.secretmem.o.cmd
/home/manan/Aira-Octave/linux-7.2.2/mm/.shmem.o.cmd
/home/manan/Aira-Octave/linux-7.2.2/mm/.show_mem.o.cmd
/home/manan/Aira-Octave/linux-7.2.2/mm/.shrinker.o.cmd
/home/manan/Aira-Octave/linux-7.2.2/mm/.slab_common.o.cmd
/home/manan/Aira-Octave/linux-7.2.2/mm/.slub.o.cmd
/home/manan/Aira-Octave/linux-7.2.2/mm/.sparse-vmemmap.o.cmd
/home/manan/Aira-Octave/linux-7.2.2/mm/.sparse.o.cmd
/home/manan/Aira-Octave/linux-7.2.2/mm/.swap.o.cmd
/home/manan/Aira-Octave/linux-7.2.2/mm/.swap_state.o.cmd
/home/manan/Aira-Octave/linux-7.2.2/mm/.swapfile.o.cmd
/home/manan/Aira-Octave/linux-7.2.2/mm/.truncate.o.cmd
/home/manan/Aira-Octave/linux-7.2.2/mm/.util.o.cmd
/home/manan/Aira-Octave/linux-7.2.2/mm/.vma.o.cmd
/home/manan/Aira-Octave/linux-7.2.2/mm/.vma_exec.o.cmd
/home/manan/Aira-Octave/linux-7.2.2/mm/.vma_init.o.cmd
/home/manan/Aira-Octave/linux-7.2.2/mm/.vmalloc.o.cmd
/home/manan/Aira-Octave/linux-7.2.2/mm/.vmscan.o.cmd
/home/manan/Aira-Octave/linux-7.2.2/mm/.vmstat.o.cmd
/home/manan/Aira-Octave/linux-7.2.2/mm/.workingset.o.cmd
/home/manan/Aira-Octave/linux-7.2.2/mm/Kconfig
/home/manan/Aira-Octave/linux-7.2.2/mm/Kconfig.debug
/home/manan/Aira-Octave/linux-7.2.2/mm/Makefile
/home/manan/Aira-Octave/linux-7.2.2/mm/backing-dev.c
/home/manan/Aira-Octave/linux-7.2.2/mm/backing-dev.o
/home/manan/Aira-Octave/linux-7.2.2/mm/balloon.c
/home/manan/Aira-Octave/linux-7.2.2/mm/bootmem_info.c
/home/manan/Aira-Octave/linux-7.2.2/mm/bpf_memcontrol.c
/home/manan/Aira-Octave/linux-7.2.2/mm/built-in.a
/home/manan/Aira-Octave/linux-7.2.2/mm/cma.c
/home/manan/Aira-Octave/linux-7.2.2/mm/cma.h
/home/manan/Aira-Octave/linux-7.2.2/mm/cma_debug.c
/home/manan/Aira-Octave/linux-7.2.2/mm/cma_sysfs.c
/home/manan/Aira-Octave/linux-7.2.2/mm/compaction.c
/home/manan/Aira-Octave/linux-7.2.2/mm/compaction.o
/home/manan/Aira-Octave/linux-7.2.2/mm/damon/Kconfig
/home/manan/Aira-Octave/linux-7.2.2/mm/damon/Makefile
/home/manan/Aira-Octave/linux-7.2.2/mm/damon/core.c
/home/manan/Aira-Octave/linux-7.2.2/mm/damon/lru_sort.c
/home/manan/Aira-Octave/linux-7.2.2/mm/damon/modules-common.c
/home/manan/Aira-Octave/linux-7.2.2/mm/damon/modules-common.h
/home/manan/Aira-Octave/linux-7.2.2/mm/damon/ops-common.c
/home/manan/Aira-Octave/linux-7.2.2/mm/damon/ops-common.h
/home/manan/Aira-Octave/linux-7.2.2/mm/damon/paddr.c
/home/manan/Aira-Octave/linux-7.2.2/mm/damon/reclaim.c
/home/manan/Aira-Octave/linux-7.2.2/mm/damon/stat.c
/home/manan/Aira-Octave/linux-7.2.2/mm/damon/sysfs-common.c
/home/manan/Aira-Octave/linux-7.2.2/mm/damon/sysfs-common.h
/home/manan/Aira-Octave/linux-7.2.2/mm/damon/sysfs-schemes.c
/home/manan/Aira-Octave/linux-7.2.2/mm/damon/sysfs.c
/home/manan/Aira-Octave/linux-7.2.2/mm/damon/vaddr.c
/home/manan/Aira-Octave/linux-7.2.2/mm/debug.c
/home/manan/Aira-Octave/linux-7.2.2/mm/debug.o
/home/manan/Aira-Octave/linux-7.2.2/mm/debug_page_alloc.c
/home/manan/Aira-Octave/linux-7.2.2/mm/debug_page_ref.c
/home/manan/Aira-Octave/linux-7.2.2/mm/debug_vm_pgtable.c
/home/manan/Aira-Octave/linux-7.2.2/mm/dmapool.c
/home/manan/Aira-Octave/linux-7.2.2/mm/dmapool.o
/home/manan/Aira-Octave/linux-7.2.2/mm/dmapool_test.c
/home/manan/Aira-Octave/linux-7.2.2/mm/early_ioremap.c
/home/manan/Aira-Octave/linux-7.2.2/mm/early_ioremap.o
/home/manan/Aira-Octave/linux-7.2.2/mm/execmem.c
/home/manan/Aira-Octave/linux-7.2.2/mm/execmem.o
/home/manan/Aira-Octave/linux-7.2.2/mm/fadvise.c
/home/manan/Aira-Octave/linux-7.2.2/mm/fadvise.o
/home/manan/Aira-Octave/linux-7.2.2/mm/fail_page_alloc.c
/home/manan/Aira-Octave/linux-7.2.2/mm/failslab.c
/home/manan/Aira-Octave/linux-7.2.2/mm/filemap.c
/home/manan/Aira-Octave/linux-7.2.2/mm/filemap.o
/home/manan/Aira-Octave/linux-7.2.2/mm/folio-compat.c
/home/manan/Aira-Octave/linux-7.2.2/mm/folio-compat.o
/home/manan/Aira-Octave/linux-7.2.2/mm/gup.c
/home/manan/Aira-Octave/linux-7.2.2/mm/gup.o
/home/manan/Aira-Octave/linux-7.2.2/mm/gup_test.c
/home/manan/Aira-Octave/linux-7.2.2/mm/gup_test.h
/home/manan/Aira-Octave/linux-7.2.2/mm/highmem.c
/home/manan/Aira-Octave/linux-7.2.2/mm/highmem.o
/home/manan/Aira-Octave/linux-7.2.2/mm/hmm.c
/home/manan/Aira-Octave/linux-7.2.2/mm/huge_memory.c
/home/manan/Aira-Octave/linux-7.2.2/mm/hugetlb.c
/home/manan/Aira-Octave/linux-7.2.2/mm/hugetlb.o
/home/manan/Aira-Octave/linux-7.2.2/mm/hugetlb_cgroup.c
/home/manan/Aira-Octave/linux-7.2.2/mm/hugetlb_cgroup.o
/home/manan/Aira-Octave/linux-7.2.2/mm/hugetlb_cma.c
/home/manan/Aira-Octave/linux-7.2.2/mm/hugetlb_cma.h
/home/manan/Aira-Octave/linux-7.2.2/mm/hugetlb_internal.h
/home/manan/Aira-Octave/linux-7.2.2/mm/hugetlb_sysctl.c
/home/manan/Aira-Octave/linux-7.2.2/mm/hugetlb_sysctl.o
/home/manan/Aira-Octave/linux-7.2.2/mm/hugetlb_sysfs.c
/home/manan/Aira-Octave/linux-7.2.2/mm/hugetlb_sysfs.o
/home/manan/Aira-Octave/linux-7.2.2/mm/hugetlb_vmemmap.c
/home/manan/Aira-Octave/linux-7.2.2/mm/hugetlb_vmemmap.h
/home/manan/Aira-Octave/linux-7.2.2/mm/hugetlb_vmemmap.o
/home/manan/Aira-Octave/linux-7.2.2/mm/hwpoison-inject.c
/home/manan/Aira-Octave/linux-7.2.2/mm/init-mm.c
/home/manan/Aira-Octave/linux-7.2.2/mm/init-mm.o
/home/manan/Aira-Octave/linux-7.2.2/mm/internal.h
/home/manan/Aira-Octave/linux-7.2.2/mm/interval_tree.c
/home/manan/Aira-Octave/linux-7.2.2/mm/interval_tree.o
/home/manan/Aira-Octave/linux-7.2.2/mm/ioremap.c
/home/manan/Aira-Octave/linux-7.2.2/mm/kasan/Makefile
/home/manan/Aira-Octave/linux-7.2.2/mm/kasan/common.c
/home/manan/Aira-Octave/linux-7.2.2/mm/kasan/generic.c
/home/manan/Aira-Octave/linux-7.2.2/mm/kasan/hw_tags.c
/home/manan/Aira-Octave/linux-7.2.2/mm/kasan/init.c
/home/manan/Aira-Octave/linux-7.2.2/mm/kasan/kasan.h
/home/manan/Aira-Octave/linux-7.2.2/mm/kasan/kasan_test_c.c
/home/manan/Aira-Octave/linux-7.2.2/mm/kasan/kasan_test_rust.rs
/home/manan/Aira-Octave/linux-7.2.2/mm/kasan/quarantine.c
/home/manan/Aira-Octave/linux-7.2.2/mm/kasan/report.c
/home/manan/Aira-Octave/linux-7.2.2/mm/kasan/report_generic.c
/home/manan/Aira-Octave/linux-7.2.2/mm/kasan/report_hw_tags.c
/home/manan/Aira-Octave/linux-7.2.2/mm/kasan/report_sw_tags.c
/home/manan/Aira-Octave/linux-7.2.2/mm/kasan/report_tags.c
/home/manan/Aira-Octave/linux-7.2.2/mm/kasan/shadow.c
/home/manan/Aira-Octave/linux-7.2.2/mm/kasan/sw_tags.c
/home/manan/Aira-Octave/linux-7.2.2/mm/kasan/tags.c
/home/manan/Aira-Octave/linux-7.2.2/mm/kfence/.kunitconfig
/home/manan/Aira-Octave/linux-7.2.2/mm/kfence/Makefile
/home/manan/Aira-Octave/linux-7.2.2/mm/kfence/core.c
/home/manan/Aira-Octave/linux-7.2.2/mm/kfence/kfence.h
/home/manan/Aira-Octave/linux-7.2.2/mm/kfence/kfence_test.c
/home/manan/Aira-Octave/linux-7.2.2/mm/kfence/report.c
/home/manan/Aira-Octave/linux-7.2.2/mm/khugepaged.c
/home/manan/Aira-Octave/linux-7.2.2/mm/kmemleak.c
/home/manan/Aira-Octave/linux-7.2.2/mm/kmsan/Makefile
/home/manan/Aira-Octave/linux-7.2.2/mm/kmsan/core.c
/home/manan/Aira-Octave/linux-7.2.2/mm/kmsan/hooks.c
/home/manan/Aira-Octave/linux-7.2.2/mm/kmsan/init.c
/home/manan/Aira-Octave/linux-7.2.2/mm/kmsan/instrumentation.c
/home/manan/Aira-Octave/linux-7.2.2/mm/kmsan/kmsan.h
/home/manan/Aira-Octave/linux-7.2.2/mm/kmsan/kmsan_test.c
/home/manan/Aira-Octave/linux-7.2.2/mm/kmsan/report.c
/home/manan/Aira-Octave/linux-7.2.2/mm/kmsan/shadow.c
/home/manan/Aira-Octave/linux-7.2.2/mm/ksm.c
/home/manan/Aira-Octave/linux-7.2.2/mm/list_lru.c
/home/manan/Aira-Octave/linux-7.2.2/mm/list_lru.o
/home/manan/Aira-Octave/linux-7.2.2/mm/maccess.c
/home/manan/Aira-Octave/linux-7.2.2/mm/maccess.o
/home/manan/Aira-Octave/linux-7.2.2/mm/madvise.c
/home/manan/Aira-Octave/linux-7.2.2/mm/madvise.o
/home/manan/Aira-Octave/linux-7.2.2/mm/mapping_dirty_helpers.c
/home/manan/Aira-Octave/linux-7.2.2/mm/memblock.c
/home/manan/Aira-Octave/linux-7.2.2/mm/memblock.o
/home/manan/Aira-Octave/linux-7.2.2/mm/memcontrol-v1.c
/home/manan/Aira-Octave/linux-7.2.2/mm/memcontrol-v1.h
/home/manan/Aira-Octave/linux-7.2.2/mm/memcontrol.c
/home/manan/Aira-Octave/linux-7.2.2/mm/memfd.c
/home/manan/Aira-Octave/linux-7.2.2/mm/memfd.o
/home/manan/Aira-Octave/linux-7.2.2/mm/memfd_luo.c
/home/manan/Aira-Octave/linux-7.2.2/mm/memory-failure.c
/home/manan/Aira-Octave/linux-7.2.2/mm/memory-tiers.c
/home/manan/Aira-Octave/linux-7.2.2/mm/memory-tiers.o
/home/manan/Aira-Octave/linux-7.2.2/mm/memory.c
/home/manan/Aira-Octave/linux-7.2.2/mm/memory.o
/home/manan/Aira-Octave/linux-7.2.2/mm/memory_hotplug.c
/home/manan/Aira-Octave/linux-7.2.2/mm/mempolicy.c
/home/manan/Aira-Octave/linux-7.2.2/mm/mempolicy.o
/home/manan/Aira-Octave/linux-7.2.2/mm/mempool.c
/home/manan/Aira-Octave/linux-7.2.2/mm/mempool.o
/home/manan/Aira-Octave/linux-7.2.2/mm/memremap.c
/home/manan/Aira-Octave/linux-7.2.2/mm/memtest.c
/home/manan/Aira-Octave/linux-7.2.2/mm/migrate.c
/home/manan/Aira-Octave/linux-7.2.2/mm/migrate.o
/home/manan/Aira-Octave/linux-7.2.2/mm/migrate_device.c
/home/manan/Aira-Octave/linux-7.2.2/mm/mincore.c
/home/manan/Aira-Octave/linux-7.2.2/mm/mincore.o
/home/manan/Aira-Octave/linux-7.2.2/mm/mlock.c
/home/manan/Aira-Octave/linux-7.2.2/mm/mlock.o
/home/manan/Aira-Octave/linux-7.2.2/mm/mm_init.c
/home/manan/Aira-Octave/linux-7.2.2/mm/mm_init.o
/home/manan/Aira-Octave/linux-7.2.2/mm/mm_slot.h
/home/manan/Aira-Octave/linux-7.2.2/mm/mmap.c
/home/manan/Aira-Octave/linux-7.2.2/mm/mmap.o
/home/manan/Aira-Octave/linux-7.2.2/mm/mmap_lock.c
/home/manan/Aira-Octave/linux-7.2.2/mm/mmap_lock.o
/home/manan/Aira-Octave/linux-7.2.2/mm/mmu_gather.c
/home/manan/Aira-Octave/linux-7.2.2/mm/mmu_gather.o
/home/manan/Aira-Octave/linux-7.2.2/mm/mmu_notifier.c
/home/manan/Aira-Octave/linux-7.2.2/mm/mmu_notifier.o
/home/manan/Aira-Octave/linux-7.2.2/mm/mmzone.c
/home/manan/Aira-Octave/linux-7.2.2/mm/mmzone.o
/home/manan/Aira-Octave/linux-7.2.2/mm/modules.order
/home/manan/Aira-Octave/linux-7.2.2/mm/mprotect.c
/home/manan/Aira-Octave/linux-7.2.2/mm/mprotect.o
/home/manan/Aira-Octave/linux-7.2.2/mm/mremap.c
/home/manan/Aira-Octave/linux-7.2.2/mm/mremap.o
/home/manan/Aira-Octave/linux-7.2.2/mm/mseal.c
/home/manan/Aira-Octave/linux-7.2.2/mm/mseal.o
/home/manan/Aira-Octave/linux-7.2.2/mm/msync.c
/home/manan/Aira-Octave/linux-7.2.2/mm/msync.o
/home/manan/Aira-Octave/linux-7.2.2/mm/nommu.c
/home/manan/Aira-Octave/linux-7.2.2/mm/numa.c
/home/manan/Aira-Octave/linux-7.2.2/mm/numa.o
/home/manan/Aira-Octave/linux-7.2.2/mm/numa_emulation.c
/home/manan/Aira-Octave/linux-7.2.2/mm/numa_memblks.c
/home/manan/Aira-Octave/linux-7.2.2/mm/numa_memblks.o
/home/manan/Aira-Octave/linux-7.2.2/mm/oom_kill.c
/home/manan/Aira-Octave/linux-7.2.2/mm/oom_kill.o
/home/manan/Aira-Octave/linux-7.2.2/mm/page-writeback.c
/home/manan/Aira-Octave/linux-7.2.2/mm/page-writeback.o
/home/manan/Aira-Octave/linux-7.2.2/mm/page_alloc.c
/home/manan/Aira-Octave/linux-7.2.2/mm/page_alloc.o
/home/manan/Aira-Octave/linux-7.2.2/mm/page_counter.c
/home/manan/Aira-Octave/linux-7.2.2/mm/page_counter.o
/home/manan/Aira-Octave/linux-7.2.2/mm/page_ext.c
/home/manan/Aira-Octave/linux-7.2.2/mm/page_frag_cache.c
/home/manan/Aira-Octave/linux-7.2.2/mm/page_frag_cache.o
/home/manan/Aira-Octave/linux-7.2.2/mm/page_idle.c
/home/manan/Aira-Octave/linux-7.2.2/mm/page_io.c
/home/manan/Aira-Octave/linux-7.2.2/mm/page_io.o
/home/manan/Aira-Octave/linux-7.2.2/mm/page_isolation.c
/home/manan/Aira-Octave/linux-7.2.2/mm/page_owner.c
/home/manan/Aira-Octave/linux-7.2.2/mm/page_poison.c
/home/manan/Aira-Octave/linux-7.2.2/mm/page_reporting.c
/home/manan/Aira-Octave/linux-7.2.2/mm/page_reporting.h
/home/manan/Aira-Octave/linux-7.2.2/mm/page_table_check.c
/home/manan/Aira-Octave/linux-7.2.2/mm/page_vma_mapped.c
/home/manan/Aira-Octave/linux-7.2.2/mm/page_vma_mapped.o
/home/manan/Aira-Octave/linux-7.2.2/mm/pagewalk.c
/home/manan/Aira-Octave/linux-7.2.2/mm/pagewalk.o
/home/manan/Aira-Octave/linux-7.2.2/mm/percpu-internal.h
/home/manan/Aira-Octave/linux-7.2.2/mm/percpu-km.c
/home/manan/Aira-Octave/linux-7.2.2/mm/percpu-stats.c
/home/manan/Aira-Octave/linux-7.2.2/mm/percpu-vm.c
/home/manan/Aira-Octave/linux-7.2.2/mm/percpu.c
/home/manan/Aira-Octave/linux-7.2.2/mm/percpu.o
/home/manan/Aira-Octave/linux-7.2.2/mm/pgalloc-track.h
/home/manan/Aira-Octave/linux-7.2.2/mm/pgtable-generic.c
/home/manan/Aira-Octave/linux-7.2.2/mm/pgtable-generic.o
/home/manan/Aira-Octave/linux-7.2.2/mm/process_vm_access.c
/home/manan/Aira-Octave/linux-7.2.2/mm/process_vm_access.o
/home/manan/Aira-Octave/linux-7.2.2/mm/ptdump.c
/home/manan/Aira-Octave/linux-7.2.2/mm/ptdump.o
/home/manan/Aira-Octave/linux-7.2.2/mm/readahead.c
/home/manan/Aira-Octave/linux-7.2.2/mm/readahead.o
/home/manan/Aira-Octave/linux-7.2.2/mm/rmap.c
/home/manan/Aira-Octave/linux-7.2.2/mm/rmap.o
/home/manan/Aira-Octave/linux-7.2.2/mm/rodata_test.c
/home/manan/Aira-Octave/linux-7.2.2/mm/secretmem.c
/home/manan/Aira-Octave/linux-7.2.2/mm/secretmem.o
/home/manan/Aira-Octave/linux-7.2.2/mm/shmem.c

x86 interrupt/APIC areas:
/home/manan/Aira-Octave/linux-7.2.2/arch/x86/boot/compressed/.idt_64.o.cmd
/home/manan/Aira-Octave/linux-7.2.2/arch/x86/boot/compressed/.idt_handlers_64.o.cmd
/home/manan/Aira-Octave/linux-7.2.2/arch/x86/boot/compressed/idt_64.c
/home/manan/Aira-Octave/linux-7.2.2/arch/x86/boot/compressed/idt_64.o
/home/manan/Aira-Octave/linux-7.2.2/arch/x86/boot/compressed/idt_handlers_64.S
/home/manan/Aira-Octave/linux-7.2.2/arch/x86/boot/compressed/idt_handlers_64.o
/home/manan/Aira-Octave/linux-7.2.2/arch/x86/boot/startup/.gdt_idt.o.cmd
/home/manan/Aira-Octave/linux-7.2.2/arch/x86/boot/startup/.gdt_idt.pi.o.cmd
/home/manan/Aira-Octave/linux-7.2.2/arch/x86/boot/startup/gdt_idt.c
/home/manan/Aira-Octave/linux-7.2.2/arch/x86/boot/startup/gdt_idt.o
/home/manan/Aira-Octave/linux-7.2.2/arch/x86/boot/startup/gdt_idt.pi.o
/home/manan/Aira-Octave/linux-7.2.2/arch/x86/entry/.entry.o.cmd
/home/manan/Aira-Octave/linux-7.2.2/arch/x86/entry/.entry_64.o.cmd
/home/manan/Aira-Octave/linux-7.2.2/arch/x86/entry/.entry_64_compat.o.cmd
/home/manan/Aira-Octave/linux-7.2.2/arch/x86/entry/entry.S
/home/manan/Aira-Octave/linux-7.2.2/arch/x86/entry/entry.o
/home/manan/Aira-Octave/linux-7.2.2/arch/x86/entry/entry_32.S
/home/manan/Aira-Octave/linux-7.2.2/arch/x86/entry/entry_64.S
/home/manan/Aira-Octave/linux-7.2.2/arch/x86/entry/entry_64.o
/home/manan/Aira-Octave/linux-7.2.2/arch/x86/entry/entry_64_compat.S
/home/manan/Aira-Octave/linux-7.2.2/arch/x86/entry/entry_64_compat.o
/home/manan/Aira-Octave/linux-7.2.2/arch/x86/entry/entry_64_fred.S
/home/manan/Aira-Octave/linux-7.2.2/arch/x86/entry/entry_fred.c
/home/manan/Aira-Octave/linux-7.2.2/arch/x86/hyperv/hv_apic.c
/home/manan/Aira-Octave/linux-7.2.2/arch/x86/hyperv/irqdomain.c
/home/manan/Aira-Octave/linux-7.2.2/arch/x86/include/asm/apic.h
/home/manan/Aira-Octave/linux-7.2.2/arch/x86/include/asm/apicdef.h
/home/manan/Aira-Octave/linux-7.2.2/arch/x86/include/asm/cpu_entry_area.h
/home/manan/Aira-Octave/linux-7.2.2/arch/x86/include/asm/entry-common.h
/home/manan/Aira-Octave/linux-7.2.2/arch/x86/include/asm/genapic.h
/home/manan/Aira-Octave/linux-7.2.2/arch/x86/include/asm/hardirq.h
/home/manan/Aira-Octave/linux-7.2.2/arch/x86/include/asm/hw_irq.h
/home/manan/Aira-Octave/linux-7.2.2/arch/x86/include/asm/idtentry.h
/home/manan/Aira-Octave/linux-7.2.2/arch/x86/include/asm/io_apic.h
/home/manan/Aira-Octave/linux-7.2.2/arch/x86/include/asm/irq.h
/home/manan/Aira-Octave/linux-7.2.2/arch/x86/include/asm/irq_remapping.h
/home/manan/Aira-Octave/linux-7.2.2/arch/x86/include/asm/irq_stack.h
/home/manan/Aira-Octave/linux-7.2.2/arch/x86/include/asm/irq_vectors.h
/home/manan/Aira-Octave/linux-7.2.2/arch/x86/include/asm/irq_work.h
/home/manan/Aira-Octave/linux-7.2.2/arch/x86/include/asm/irqdomain.h
/home/manan/Aira-Octave/linux-7.2.2/arch/x86/include/asm/irqflags.h
/home/manan/Aira-Octave/linux-7.2.2/arch/x86/include/asm/mach_traps.h
/home/manan/Aira-Octave/linux-7.2.2/arch/x86/include/asm/softirq_stack.h
/home/manan/Aira-Octave/linux-7.2.2/arch/x86/include/asm/trace/irq_vectors.h
/home/manan/Aira-Octave/linux-7.2.2/arch/x86/include/asm/trap_pf.h
/home/manan/Aira-Octave/linux-7.2.2/arch/x86/include/asm/trapnr.h
/home/manan/Aira-Octave/linux-7.2.2/arch/x86/include/asm/traps.h
/home/manan/Aira-Octave/linux-7.2.2/arch/x86/include/asm/uv/uv_irq.h
/home/manan/Aira-Octave/linux-7.2.2/arch/x86/include/generated/asm/irq_regs.h
/home/manan/Aira-Octave/linux-7.2.2/arch/x86/kernel/.idt.o.cmd
/home/manan/Aira-Octave/linux-7.2.2/arch/x86/kernel/.irq.o.cmd
/home/manan/Aira-Octave/linux-7.2.2/arch/x86/kernel/.irq_64.o.cmd
/home/manan/Aira-Octave/linux-7.2.2/arch/x86/kernel/.irq_work.o.cmd
/home/manan/Aira-Octave/linux-7.2.2/arch/x86/kernel/.irqflags.o.cmd
/home/manan/Aira-Octave/linux-7.2.2/arch/x86/kernel/.irqinit.o.cmd
/home/manan/Aira-Octave/linux-7.2.2/arch/x86/kernel/.traps.o.cmd
/home/manan/Aira-Octave/linux-7.2.2/arch/x86/kernel/apic/.apic.o.cmd
/home/manan/Aira-Octave/linux-7.2.2/arch/x86/kernel/apic/.apic_common.o.cmd
/home/manan/Aira-Octave/linux-7.2.2/arch/x86/kernel/apic/.apic_flat_64.o.cmd
/home/manan/Aira-Octave/linux-7.2.2/arch/x86/kernel/apic/.apic_noop.o.cmd
/home/manan/Aira-Octave/linux-7.2.2/arch/x86/kernel/apic/.io_apic.o.cmd
/home/manan/Aira-Octave/linux-7.2.2/arch/x86/kernel/apic/.x2apic_cluster.o.cmd
/home/manan/Aira-Octave/linux-7.2.2/arch/x86/kernel/apic/.x2apic_phys.o.cmd
/home/manan/Aira-Octave/linux-7.2.2/arch/x86/kernel/apic/apic.c
/home/manan/Aira-Octave/linux-7.2.2/arch/x86/kernel/apic/apic.o
/home/manan/Aira-Octave/linux-7.2.2/arch/x86/kernel/apic/apic_common.c
/home/manan/Aira-Octave/linux-7.2.2/arch/x86/kernel/apic/apic_common.o
/home/manan/Aira-Octave/linux-7.2.2/arch/x86/kernel/apic/apic_flat_64.c
/home/manan/Aira-Octave/linux-7.2.2/arch/x86/kernel/apic/apic_flat_64.o
/home/manan/Aira-Octave/linux-7.2.2/arch/x86/kernel/apic/apic_noop.c
/home/manan/Aira-Octave/linux-7.2.2/arch/x86/kernel/apic/apic_noop.o
/home/manan/Aira-Octave/linux-7.2.2/arch/x86/kernel/apic/apic_numachip.c
/home/manan/Aira-Octave/linux-7.2.2/arch/x86/kernel/apic/io_apic.c
/home/manan/Aira-Octave/linux-7.2.2/arch/x86/kernel/apic/io_apic.o
/home/manan/Aira-Octave/linux-7.2.2/arch/x86/kernel/apic/x2apic_cluster.c
/home/manan/Aira-Octave/linux-7.2.2/arch/x86/kernel/apic/x2apic_cluster.o
/home/manan/Aira-Octave/linux-7.2.2/arch/x86/kernel/apic/x2apic_phys.c
/home/manan/Aira-Octave/linux-7.2.2/arch/x86/kernel/apic/x2apic_phys.o
/home/manan/Aira-Octave/linux-7.2.2/arch/x86/kernel/apic/x2apic_savic.c
/home/manan/Aira-Octave/linux-7.2.2/arch/x86/kernel/apic/x2apic_uv_x.c
/home/manan/Aira-Octave/linux-7.2.2/arch/x86/kernel/idt.c
/home/manan/Aira-Octave/linux-7.2.2/arch/x86/kernel/idt.o
/home/manan/Aira-Octave/linux-7.2.2/arch/x86/kernel/irq.c
/home/manan/Aira-Octave/linux-7.2.2/arch/x86/kernel/irq.o
/home/manan/Aira-Octave/linux-7.2.2/arch/x86/kernel/irq_32.c
/home/manan/Aira-Octave/linux-7.2.2/arch/x86/kernel/irq_64.c
/home/manan/Aira-Octave/linux-7.2.2/arch/x86/kernel/irq_64.o
/home/manan/Aira-Octave/linux-7.2.2/arch/x86/kernel/irq_work.c
/home/manan/Aira-Octave/linux-7.2.2/arch/x86/kernel/irq_work.o
/home/manan/Aira-Octave/linux-7.2.2/arch/x86/kernel/irqflags.S
/home/manan/Aira-Octave/linux-7.2.2/arch/x86/kernel/irqflags.o
/home/manan/Aira-Octave/linux-7.2.2/arch/x86/kernel/irqinit.c
/home/manan/Aira-Octave/linux-7.2.2/arch/x86/kernel/irqinit.o
/home/manan/Aira-Octave/linux-7.2.2/arch/x86/kernel/traps.c
/home/manan/Aira-Octave/linux-7.2.2/arch/x86/kernel/traps.o
/home/manan/Aira-Octave/linux-7.2.2/arch/x86/kvm/ioapic.c
/home/manan/Aira-Octave/linux-7.2.2/arch/x86/kvm/ioapic.h
/home/manan/Aira-Octave/linux-7.2.2/arch/x86/kvm/irq.c
/home/manan/Aira-Octave/linux-7.2.2/arch/x86/kvm/irq.h
/home/manan/Aira-Octave/linux-7.2.2/arch/x86/kvm/lapic.c
/home/manan/Aira-Octave/linux-7.2.2/arch/x86/kvm/lapic.h
/home/manan/Aira-Octave/linux-7.2.2/arch/x86/mm/.cpu_entry_area.o.cmd
/home/manan/Aira-Octave/linux-7.2.2/arch/x86/mm/cpu_entry_area.c
/home/manan/Aira-Octave/linux-7.2.2/arch/x86/mm/cpu_entry_area.o
/home/manan/Aira-Octave/linux-7.2.2/arch/x86/pci/.irq.o.cmd
/home/manan/Aira-Octave/linux-7.2.2/arch/x86/pci/irq.c
/home/manan/Aira-Octave/linux-7.2.2/arch/x86/pci/irq.o
/home/manan/Aira-Octave/linux-7.2.2/arch/x86/platform/uv/uv_irq.c
/home/manan/Aira-Octave/linux-7.2.2/arch/x86/purgatory/entry64.S
/home/manan/Aira-Octave/linux-7.2.2/arch/x86/um/asm/apic.h
/home/manan/Aira-Octave/linux-7.2.2/arch/x86/um/asm/irq_vectors.h
/home/manan/Aira-Octave/linux-7.2.2/arch/x86/xen/apic.c
/home/manan/Aira-Octave/linux-7.2.2/arch/x86/xen/irq.c

VirtIO areas:
/home/manan/Aira-Octave/linux-7.2.2/drivers/virtio/.built-in.a.cmd
/home/manan/Aira-Octave/linux-7.2.2/drivers/virtio/.modules.order.cmd
/home/manan/Aira-Octave/linux-7.2.2/drivers/virtio/.virtio.o.cmd
/home/manan/Aira-Octave/linux-7.2.2/drivers/virtio/.virtio_anchor.o.cmd
/home/manan/Aira-Octave/linux-7.2.2/drivers/virtio/.virtio_dma_buf.o.cmd
/home/manan/Aira-Octave/linux-7.2.2/drivers/virtio/.virtio_input.o.cmd
/home/manan/Aira-Octave/linux-7.2.2/drivers/virtio/.virtio_pci_admin_legacy_io.o.cmd
/home/manan/Aira-Octave/linux-7.2.2/drivers/virtio/.virtio_pci_common.o.cmd
/home/manan/Aira-Octave/linux-7.2.2/drivers/virtio/.virtio_pci_legacy.o.cmd
/home/manan/Aira-Octave/linux-7.2.2/drivers/virtio/.virtio_pci_legacy_dev.o.cmd
/home/manan/Aira-Octave/linux-7.2.2/drivers/virtio/.virtio_pci_modern.o.cmd
/home/manan/Aira-Octave/linux-7.2.2/drivers/virtio/.virtio_pci_modern_dev.o.cmd
/home/manan/Aira-Octave/linux-7.2.2/drivers/virtio/.virtio_ring.o.cmd
/home/manan/Aira-Octave/linux-7.2.2/drivers/virtio/Kconfig
/home/manan/Aira-Octave/linux-7.2.2/drivers/virtio/Makefile
/home/manan/Aira-Octave/linux-7.2.2/drivers/virtio/built-in.a
/home/manan/Aira-Octave/linux-7.2.2/drivers/virtio/modules.order
/home/manan/Aira-Octave/linux-7.2.2/drivers/virtio/virtio.c
/home/manan/Aira-Octave/linux-7.2.2/drivers/virtio/virtio.o
/home/manan/Aira-Octave/linux-7.2.2/drivers/virtio/virtio_anchor.c
/home/manan/Aira-Octave/linux-7.2.2/drivers/virtio/virtio_anchor.o
/home/manan/Aira-Octave/linux-7.2.2/drivers/virtio/virtio_balloon.c
/home/manan/Aira-Octave/linux-7.2.2/drivers/virtio/virtio_debug.c
/home/manan/Aira-Octave/linux-7.2.2/drivers/virtio/virtio_dma_buf.c
/home/manan/Aira-Octave/linux-7.2.2/drivers/virtio/virtio_dma_buf.o
/home/manan/Aira-Octave/linux-7.2.2/drivers/virtio/virtio_input.c
/home/manan/Aira-Octave/linux-7.2.2/drivers/virtio/virtio_input.o
/home/manan/Aira-Octave/linux-7.2.2/drivers/virtio/virtio_mem.c
/home/manan/Aira-Octave/linux-7.2.2/drivers/virtio/virtio_mmio.c
/home/manan/Aira-Octave/linux-7.2.2/drivers/virtio/virtio_pci_admin_legacy_io.c
/home/manan/Aira-Octave/linux-7.2.2/drivers/virtio/virtio_pci_admin_legacy_io.o
/home/manan/Aira-Octave/linux-7.2.2/drivers/virtio/virtio_pci_common.c
/home/manan/Aira-Octave/linux-7.2.2/drivers/virtio/virtio_pci_common.h
/home/manan/Aira-Octave/linux-7.2.2/drivers/virtio/virtio_pci_common.o
/home/manan/Aira-Octave/linux-7.2.2/drivers/virtio/virtio_pci_legacy.c
/home/manan/Aira-Octave/linux-7.2.2/drivers/virtio/virtio_pci_legacy.o
/home/manan/Aira-Octave/linux-7.2.2/drivers/virtio/virtio_pci_legacy_dev.c
/home/manan/Aira-Octave/linux-7.2.2/drivers/virtio/virtio_pci_legacy_dev.o
/home/manan/Aira-Octave/linux-7.2.2/drivers/virtio/virtio_pci_modern.c
/home/manan/Aira-Octave/linux-7.2.2/drivers/virtio/virtio_pci_modern.o
/home/manan/Aira-Octave/linux-7.2.2/drivers/virtio/virtio_pci_modern_dev.c
/home/manan/Aira-Octave/linux-7.2.2/drivers/virtio/virtio_pci_modern_dev.o
/home/manan/Aira-Octave/linux-7.2.2/drivers/virtio/virtio_ring.c
/home/manan/Aira-Octave/linux-7.2.2/drivers/virtio/virtio_ring.o
/home/manan/Aira-Octave/linux-7.2.2/drivers/virtio/virtio_rtc_arm.c
/home/manan/Aira-Octave/linux-7.2.2/drivers/virtio/virtio_rtc_class.c
/home/manan/Aira-Octave/linux-7.2.2/drivers/virtio/virtio_rtc_driver.c
/home/manan/Aira-Octave/linux-7.2.2/drivers/virtio/virtio_rtc_internal.h
/home/manan/Aira-Octave/linux-7.2.2/drivers/virtio/virtio_rtc_ptp.c
/home/manan/Aira-Octave/linux-7.2.2/drivers/virtio/virtio_vdpa.c

[10/15] Checking build dependencies...
[OK] gcc -> /usr/bin/gcc
[OK] g++ -> /usr/bin/g++
[OK] make -> /usr/bin/make
[OK] ld -> /usr/bin/ld
[OK] as -> /usr/bin/as
[OK] objcopy -> /usr/bin/objcopy
[OK] objcopy -> /usr/bin/objcopy
[OK] nm -> /usr/bin/nm
[OK] ar -> /usr/bin/ar
[OK] bc -> /usr/bin/bc
[OK] bison -> /usr/bin/bison
[OK] flex -> /usr/bin/flex
[OK] perl -> /usr/bin/perl
[OK] python3 -> /usr/bin/python3
[OK] cpio -> /usr/bin/cpio
[OK] gzip -> /usr/bin/gzip
[OK] xz -> /usr/bin/xz
[OK] git -> /usr/bin/git
[OK] qemu-system-x86_64 -> /usr/bin/qemu-system-x86_64
[OK] pahole -> /usr/bin/pahole

[11/15] Building AiraOS-Octave kernel...

------------------------------------------------------------------
STEP: kernel-build
------------------------------------------------------------------
  SYNC    include/config/auto.conf
  UPD     arch/x86/include/generated/asm/cpufeaturemasks.h
  HOSTCC  arch/x86/tools/relocs_32.o
  HOSTCC  arch/x86/tools/relocs_64.o
  HOSTCC  arch/x86/tools/relocs_common.o
  HOSTCC  arch/x86/tools/vdso2c
  HOSTCC  scripts/sorttable.o
  DESCEND objtool
  HOSTCC  scripts/elf-parse.o
  HOSTLD  scripts/sorttable
  HOSTLD  arch/x86/tools/relocs
  CC      scripts/mod/empty.o
  HOSTCC  scripts/mod/mk_elfconfig
  CC      scripts/mod/devicetable-offsets.s
  MKELF   scripts/mod/elfconfig.h
  HOSTCC  scripts/mod/modpost.o
  HOSTCC  scripts/mod/file2alias.o
  HOSTCC  scripts/mod/sumversion.o
  HOSTCC  scripts/mod/symsearch.o
  HOSTLD  scripts/mod/modpost
  CC      kernel/bounds.s
  UPD     include/generated/timeconst.h
  UPD     include/generated/bounds.h
  CC      arch/x86/kernel/asm-offsets.s
  UPD     include/generated/asm-offsets.h
  CC      kernel/sched/rq-offsets.s
  UPD     include/generated/rq-offsets.h
  CALL    scripts/checksyscalls.sh 
  LDS     scripts/module.lds
  HOSTCC  usr/gen_init_cpio
  AR      certs/built-in.a
  AS      arch/x86/boot/startup/la57toggle.o
  AS      arch/x86/entry/entry.o
  CC      init/main.o
  CC      arch/x86/events/core.o
  CC      arch/x86/boot/startup/gdt_idt.o
  AS      arch/x86/entry/entry_64.o
  CC      arch/x86/entry/syscall_64.o
  CC      kernel/fork.o
  CC      fs/open.o
  CC      mm/filemap.o
  CC      arch/x86/boot/startup/map_kernel.o
  AR      arch/x86/boot/startup/lib.a
  OBJCOPY arch/x86/boot/startup/gdt_idt.pi.o
  OBJCOPY arch/x86/boot/startup/map_kernel.pi.o
  AR      arch/x86/boot/startup/built-in.a
  CC      arch/x86/realmode/init.o
  CC      arch/x86/entry/common.o
  UPD     init/utsversion-tmp.h
  CC      init/do_mounts.o
  GEN     usr/initramfs_data.cpio
  COPY    usr/initramfs_inc_data
  AS      usr/initramfs_data.o
  CC      fs/read_write.o
  AR      usr/built-in.a
  CC      fs/file_table.o
  AS      arch/x86/realmode/rm/header.o
  AS      arch/x86/realmode/rm/trampoline_64.o
  AS      arch/x86/realmode/rm/stack.o
  AS      arch/x86/realmode/rm/reboot.o
  PASYMS  arch/x86/realmode/rm/pasyms.h
  LDS     arch/x86/realmode/rm/realmode.lds
  LD      arch/x86/realmode/rm/realmode.elf
  RELOCS  arch/x86/realmode/rm/realmode.relocs
  OBJCOPY arch/x86/realmode/rm/realmode.bin
  AS      arch/x86/realmode/rmpiggy.o
  AR      arch/x86/realmode/built-in.a
  CC      kernel/exec_domain.o
  CC      arch/x86/events/probe.o
  CC      arch/x86/entry/vdso/vma.o
  CC      mm/mempool.o
  CC      arch/x86/events/utils.o
  CC      init/do_mounts_rd.o
  CC      mm/oom_kill.o
  CC      kernel/exec_state.o
  AR      ipc/built-in.a
  CC      arch/x86/entry/vdso/extable.o
  CC      security/commoncap.o
  CC      kernel/panic.o
  CC      fs/super.o
  CC      arch/x86/events/rapl.o
  AS      arch/x86/kernel/head_64.o
  CC      arch/x86/kernel/head64.o
  CC      init/do_mounts_initrd.o
  CC      mm/fadvise.o
  LDS     arch/x86/entry/vdso/vdso64/vdso64.lds
  AS      arch/x86/entry/vdso/vdso64/note.o
  CC      arch/x86/kernel/ebda.o
  CC      arch/x86/entry/vdso/vdso64/vclock_gettime.o
  CC      kernel/cpu.o
  CC      security/min_addr.o
  CC      init/initramfs.o
  CC      arch/x86/events/amd/core.o
  CC      arch/x86/kernel/platform-quirks.o
  CC      arch/x86/entry/vdso/vdso64/vgetcpu.o
  CC      fs/char_dev.o
  CC      arch/x86/entry/vdso/vdso64/vgetrandom.o
  AR      security/built-in.a
  CC      mm/maccess.o
  AR      crypto/built-in.a
  AS      arch/x86/entry/vdso/vdso64/vgetrandom-chacha.o
  VDSO    arch/x86/entry/vdso/vdso64/vdso64.so.dbg
  CC      block/bdev.o
  OBJCOPY arch/x86/entry/vdso/vdso64/vdso64.so
  VDSO2C  arch/x86/entry/vdso/vdso64/vdso64-image.c
  CC      arch/x86/entry/vdso/vdso64/vdso64-image.o
  CC      arch/x86/kernel/process_64.o
  AR      arch/x86/entry/vdso/vdso64/built-in.a
  AR      arch/x86/entry/vdso/built-in.a
  CC      arch/x86/entry/vsyscall/vsyscall_64.o
  CC      init/calibrate.o
  CC      fs/stat.o
  CC      arch/x86/events/amd/lbr.o
  CC      mm/page-writeback.o
  CC      kernel/exit.o
  CC      init/init_task.o
  CC      arch/x86/kernel/signal.o
  CC      block/fops.o
  AS      arch/x86/entry/vsyscall/vsyscall_emu_64.o
  AR      arch/x86/entry/vsyscall/built-in.a
  AS      arch/x86/entry/thunk.o
  AR      arch/x86/entry/built-in.a
  CC      mm/folio-compat.o
  CC      init/version.o
  CC      arch/x86/events/amd/ibs.o
  CC      fs/exec.o
  CC      arch/x86/kernel/signal_64.o
  AR      init/built-in.a
  CC      kernel/softirq.o
  CC      arch/x86/events/msr.o
  CC      mm/readahead.o
  CC      block/bio.o
  CC      arch/x86/events/intel/core.o
  CC      arch/x86/kernel/traps.o
  CC      arch/x86/events/zhaoxin/core.o
  CC      kernel/resource.o
  AR      arch/x86/events/amd/built-in.a
  CC      arch/x86/mm/init.o
  CC      fs/pipe.o
  CC      mm/swap.o
  CC      block/elevator.o
  AR      arch/x86/events/zhaoxin/built-in.a
  CC      lib/argv_split.o
  CC      arch/x86/kernel/idt.o
  CC      arch/x86/mm/init_64.o
  CC      kernel/sysctl.o
  CC      lib/buildid.o
  CC      fs/namei.o
  CC      mm/truncate.o
  CC      block/blk-core.o
  CC      arch/x86/kernel/irq.o
  CC      lib/cmdline.o
  CC      lib/cpumask.o
  CC      kernel/capability.o
  CC      arch/x86/mm/fault.o
  CC      mm/vmscan.o
  CC      lib/ctype.o
  CC      arch/x86/kernel/irq_64.o
  CC      lib/dec_and_lock.o
  CC      lib/decompress.o
  CC      block/blk-sysfs.o
  CC      lib/decompress_bunzip2.o
  CC      arch/x86/events/intel/bts.o
  CC      kernel/ptrace.o
  CC      arch/x86/kernel/dumpstack_64.o
  CC      arch/x86/mm/ioremap.o
  CC      lib/decompress_inflate.o
  CC      arch/x86/kernel/time.o
  CC      block/blk-flush.o
  CC      kernel/user.o
  CC      arch/x86/events/intel/ds.o
  CC      mm/shrinker.o
  CC      lib/decompress_unlz4.o
  CC      arch/x86/kernel/ioport.o
  CC      arch/x86/mm/extable.o
  CC      fs/fcntl.o
  CC      kernel/signal.o
  CC      lib/decompress_unlzma.o
  CC      block/blk-settings.o
  CC      mm/shmem.o
  CC      arch/x86/kernel/dumpstack.o
  CC      arch/x86/mm/mmap.o
  CC      lib/decompress_unlzo.o
  CC      fs/ioctl.o
  CC      mm/util.o
  CC      block/blk-ioc.o
  CC      arch/x86/kernel/nmi.o
  CC      arch/x86/mm/pgtable.o
  CC      lib/decompress_unxz.o
  CC      arch/x86/events/intel/knc.o
  CC      lib/decompress_unzstd.o
  CC      fs/readdir.o
  CC      block/blk-map.o
  AS      arch/x86/kernel/ibt_selftest.o
  CC      arch/x86/kernel/setup.o
  CC      kernel/sys.o
  CC      mm/mmzone.o
  CC      lib/earlycpio.o
  CC      arch/x86/mm/physaddr.o
  CC      arch/x86/events/intel/lbr.o
  CC      lib/extable.o
  CC      block/blk-merge.o
  CC      fs/select.o
  CC      mm/vmstat.o
  CC      lib/flex_proportions.o
  CC      arch/x86/mm/tlb.o
  CC      arch/x86/kernel/x86_init.o
  CC      lib/idr.o
  CC      kernel/umh.o
  CC      lib/iomem_copy.o
  CC      arch/x86/events/intel/p4.o
  CC      arch/x86/kernel/i8259.o
  CC      lib/irq_regs.o
  CC      block/blk-timeout.o
  CC      mm/backing-dev.o
  CC      arch/x86/mm/cpu_entry_area.o
  CC      lib/is_single_threaded.o
  CC      fs/dcache.o
  CC      kernel/workqueue.o
  CC      lib/klist.o
  CC      arch/x86/kernel/irqinit.o
  CC      block/blk-lib.o
  CC      arch/x86/mm/maccess.o
  CC      lib/kobject.o
  CC      arch/x86/events/intel/p6.o
  CC      mm/mm_init.o
  CC      arch/x86/mm/pgprot.o
  CC      block/blk-mq.o
  CC      arch/x86/kernel/irq_work.o
  CC      lib/kobject_uevent.o
  CC      arch/x86/mm/pat/set_memory.o
  CC      arch/x86/events/intel/pt.o
  CC      fs/inode.o
  CC      arch/x86/kernel/probe_roms.o
  CC      mm/percpu.o
  CC      lib/logic_pio.o
  CC      arch/x86/kernel/sys_x86_64.o
  CC      arch/x86/events/intel/uncore.o
  CC      kernel/pid.o
  CC      arch/x86/mm/pat/memtype.o
  CC      lib/maple_tree.o
  CC      arch/x86/kernel/ksysfs.o
  CC      fs/attr.o
  AR      arch/x86/mm/pat/built-in.a
  CC      arch/x86/mm/pkeys.o
  CC      mm/slab_common.o
  CC      kernel/task_work.o
  CC      block/blk-mq-tag.o
  CC      fs/bad_inode.o
  CC      arch/x86/kernel/bootflag.o
  CC      arch/x86/mm/kaslr.o
  CC      arch/x86/events/intel/uncore_nhmex.o
  CC      fs/file.o
  CC      arch/x86/kernel/e820.o
  CC      mm/compaction.o
  CC      kernel/extable.o
  CC      block/blk-mq-dma.o
  AR      arch/x86/mm/built-in.a
  CC      kernel/params.o
  CC      lib/memcat_p.o
  CC      arch/x86/events/intel/uncore_snb.o
  CC      mm/show_mem.o
  CC      lib/nmi_backtrace.o
  CC      block/blk-stat.o
  CC      arch/x86/kernel/pci-dma.o
  CC      block/blk-mq-sysfs.o
  CC      kernel/kthread.o
  CC      fs/filesystems.o
  CC      lib/objpool.o
  CC      mm/interval_tree.o
  CC      block/blk-mq-cpumap.o
  CC      arch/x86/kernel/quirks.o
  CC      arch/x86/events/intel/uncore_snbep.o
  AS      arch/x86/lib/bhi.o
  AS      arch/x86/lib/clear_page_64.o
  CC      arch/x86/lib/cmdline.o
  AS      arch/x86/lib/cmpxchg16b_emu.o
  CC      lib/plist.o
  CC      arch/x86/lib/copy_mc.o
  CC      lib/radix-tree.o
  CC      fs/namespace.o
  AS      arch/x86/lib/copy_mc_64.o
  CC      block/blk-mq-sched.o
  AS      arch/x86/lib/copy_page_64.o
  CC      kernel/sys_ni.o
  AS      arch/x86/lib/copy_user_64.o
  CC      arch/x86/kernel/kdebugfs.o
  AS      arch/x86/lib/copy_user_uncached_64.o
  CC      mm/list_lru.o
  CC      arch/x86/lib/cpu.o
  CC      kernel/nsproxy.o
  AS      arch/x86/lib/csum-copy_64.o
  CC      arch/x86/kernel/alternative.o
  CC      arch/x86/lib/csum-partial_64.o
  CC      arch/x86/lib/csum-wrappers_64.o
  CC      lib/ratelimit.o
  CC      mm/workingset.o
  CC      lib/rbtree.o
  CC      arch/x86/lib/delay.o
  CC      block/ioctl.o
  CC      arch/x86/events/intel/uncore_discovery.o
  CC      kernel/nstree.o
  AS      arch/x86/lib/getuser.o
  CC      lib/seq_buf.o
  CC      arch/x86/lib/inat.o
  CC      arch/x86/lib/insn-eval.o
  CC      arch/x86/kernel/i8253.o
  CC      mm/debug.o
  CC      lib/siphash.o
  CC      block/genhd.o
  CC      arch/x86/kernel/hw_breakpoint.o
  CC      kernel/nscommon.o
  CC      arch/x86/events/intel/cstate.o
  CC      arch/x86/lib/insn.o
  CC      mm/gup.o
  CC      lib/string.o
  CC      arch/x86/lib/kaslr.o
  CC      kernel/notifier.o
  CC      fs/seq_file.o
  CC      lib/sys_info.o
  AS      arch/x86/lib/memcpy_64.o
  AS      arch/x86/lib/memmove_64.o
  AS      arch/x86/lib/memset_64.o
  CC      arch/x86/lib/misc.o
  CC      arch/x86/lib/pc-conf-reg.o
  CC      arch/x86/kernel/tsc.o
  AR      arch/x86/events/intel/built-in.a
  AR      arch/x86/events/built-in.a
  AS      arch/x86/lib/putuser.o
  CC      block/ioprio.o
  CC      arch/x86/lib/usercopy.o
  CC      arch/x86/platform/efi/memmap.o
  CC      lib/timerqueue.o
  CC      kernel/ksysfs.o
  CC      arch/x86/lib/usercopy_64.o
  CC      fs/xattr.o
  CC      lib/vsprintf.o
  CC      block/badblocks.o
  CC      kernel/cred.o
  CC      arch/x86/platform/efi/quirks.o
  CC      arch/x86/kernel/tsc_msr.o
  CC      arch/x86/lib/msr-smp.o
  CC      mm/mmap_lock.o
  CC      arch/x86/lib/cache-smp.o
  CC      arch/x86/kernel/io_delay.o
  CC      arch/x86/lib/msr.o
  CC      block/partitions/core.o
  CC      arch/x86/platform/efi/efi.o
  CC      arch/x86/kernel/rtc.o
  CC      kernel/reboot.o
  AS      arch/x86/lib/msr-reg.o
  CC      arch/x86/lib/msr-reg-export.o
  CC      mm/vma_init.o
  CC      fs/libfs.o
  AS      arch/x86/lib/hweight.o
  CC      arch/x86/lib/iomem.o
  CC      arch/x86/kernel/resource.o
  CC      block/partitions/msdos.o
  AR      arch/x86/lib/lib.a
  AR      arch/x86/lib/built-in.a
  CC      lib/win_minmax.o
  CC      arch/x86/platform/efi/efi_64.o
  AS      arch/x86/platform/efi/efi_stub_64.o
  AS      arch/x86/kernel/irqflags.o
  CC      arch/x86/kernel/static_call.o
  CC      fs/fs-writeback.o
  CC      kernel/async.o
  CC      mm/highmem.o
  CC      lib/xarray.o
  CC      arch/x86/kernel/process.o
  CC      block/partitions/efi.o
  CC      kernel/range.o
  CC      kernel/smpboot.o
  CC      arch/x86/kernel/fpu/init.o
  CC      mm/memory.o
  AR      arch/x86/platform/efi/built-in.a
  AR      arch/x86/platform/intel/built-in.a
  AR      arch/x86/platform/built-in.a
  CC      lib/lockref.o
  CC      fs/pnode.o
  CC      arch/x86/kernel/fpu/bugs.o
  CC      arch/x86/virt/svm/cmdline.o
  CC      kernel/ucount.o
  CC      arch/x86/kernel/fpu/core.o
  AR      arch/x86/virt/svm/built-in.a
  CC      lib/bcd.o
  AR      arch/x86/virt/built-in.a
  AR      block/partitions/built-in.a
  CC      lib/sort.o
  CC      mm/mincore.o
  CC      block/blk-rq-qos.o
  CC      lib/parser.o
  CC      arch/x86/kernel/ptrace.o
  CC      kernel/regset.o
  CC      fs/splice.o
  CC      lib/debug_locks.o
  CC      kernel/ksyms_common.o
  CC      block/disk-events.o
  CC      arch/x86/kernel/fpu/regset.o
  CC      lib/random32.o
  CC      lib/bust_spinlocks.o
  CC      arch/x86/kernel/step.o
  AR      drivers/irqchip/built-in.a
  CC      lib/kasprintf.o
  AR      drivers/leds/built-in.a
  CC      arch/x86/kernel/fpu/signal.o
  CC      kernel/sched/core.o
  CC      drivers/pci/access.o
  CC      block/blk-ia-ranges.o
  CC      lib/bitmap.o
  CC      arch/x86/kernel/i8237.o
  CC      fs/sync.o
  CC      mm/mlock.o
  CC      block/early-lookup.o
  CC      arch/x86/kernel/fpu/xstate.o
  CC      drivers/pci/bus.o
  CC      lib/scatterlist.o
  CC      mm/mmap.o
  CC      fs/utimes.o
  CC      block/mq-deadline.o
  CC      drivers/pci/probe.o
  AR      arch/x86/kernel/fpu/built-in.a
  CC      arch/x86/kernel/stacktrace.o
  CC      mm/mmu_gather.o
  CC      lib/list_sort.o
  CC      lib/uuid.o
  CC      fs/d_path.o
  CC      lib/iov_iter.o
  CC      block/kyber-iosched.o
  CC      arch/x86/kernel/cpu/cacheinfo.o
  CC      kernel/locking/mutex.o
  CC      kernel/sched/fair.o
  CC      mm/mprotect.o
  CC      fs/stack.o
  CC      drivers/pci/host-bridge.o
  CC      kernel/locking/semaphore.o
  CC      arch/x86/kernel/cpu/scattered.o
  AR      block/built-in.a
  AR      sound/built-in.a
  CC      drivers/video/aperture.o
  CC      fs/fs_struct.o
  CC      drivers/pci/remove.o
  CC      arch/x86/kernel/cpu/topology_common.o
  CC      kernel/locking/rwsem.o
  CC      mm/mremap.o
  CC      lib/clz_ctz.o
  CC      lib/bsearch.o
  CC      drivers/video/screen_info_generic.o
  CC      drivers/pci/pci.o
  CC      arch/x86/kernel/cpu/topology_ext.o
  CC      fs/statfs.o
  CC      drivers/video/screen_info_pci.o
  CC      kernel/locking/percpu-rwsem.o
  CC      lib/find_bit.o
  CC      arch/x86/kernel/cpu/topology_amd.o
  CC      lib/llist.o
  CC      arch/x86/kernel/cpu/cpuid_parser.o
  CC      kernel/locking/spinlock.o
  CC      fs/fs_pin.o
  CC      lib/lwq.o
  CC      drivers/video/cmdline.o
  CC      arch/x86/kernel/cpu/common.o
  CC      mm/msync.o
  CC      lib/memweight.o
  CC      kernel/locking/osq_lock.o
  CC      lib/kfifo.o
  CC      kernel/sched/build_policy.o
  CC      fs/nsfs.o
  CC      kernel/locking/qspinlock.o
  CC      drivers/video/nomodeset.o
  CC      mm/page_vma_mapped.o
  CC      kernel/locking/qrwlock.o
  CC      lib/percpu-refcount.o
  CC      drivers/video/console/dummycon.o
  AR      kernel/locking/built-in.a
  CC      kernel/power/qos.o
  CC      mm/pagewalk.o
  CC      fs/fs_dirent.o
  CC      drivers/pci/pci-driver.o
  CC      arch/x86/kernel/cpu/rdrand.o
  CC      arch/x86/kernel/cpu/match.o
  CC      fs/fs_context.o
  CC      lib/rhashtable.o
  CC      drivers/video/console/vgacon.o
  CC      arch/x86/kernel/cpu/bugs.o
  AR      kernel/power/built-in.a
  CC      arch/x86/kernel/acpi/boot.o
  CC      mm/pgtable-generic.o
  CC      fs/fs_parser.o
  CC      drivers/pci/search.o
  AR      drivers/video/console/built-in.a
  AR      drivers/video/backlight/built-in.a
  CC      drivers/video/fbdev/core/fb_notify.o
  CC      lib/base64.o
  CC      lib/once.o
  CC      mm/rmap.o
  CC      drivers/video/fbdev/core/fb_info.o
  CC      drivers/pci/rebar.o
  CC      arch/x86/kernel/acpi/apei.o
  CC      fs/fsopen.o
  CC      lib/refcount.o
  CC      lib/rcuref.o
  CC      arch/x86/kernel/cpu/aperfmperf.o
  CC      lib/usercopy.o
  CC      drivers/pci/rom.o
  CC      kernel/sched/build_utility.o
  CC      arch/x86/kernel/acpi/cppc.o
  CC      drivers/video/fbdev/core/fbmem.o
  CC      lib/errseq.o
  CC      arch/x86/kernel/cpu/cpuid-deps.o
  CC      fs/init.o
  CC      lib/bucket_locks.o
  CC      drivers/pci/setup-res.o
  CC      mm/vmalloc.o
  CC      arch/x86/kernel/cpu/cpuid_0x2_table.o
  CC      arch/x86/kernel/acpi/madt_wakeup.o
  CC      drivers/video/fbdev/core/fbcmap.o
  CC      lib/generic-radix-tree.o
  CC      arch/x86/kernel/cpu/umwait.o
  CC      fs/kernel_read_file.o
  CC      drivers/pci/irq.o
  AS      arch/x86/kernel/acpi/madt_playdead.o
  CC      arch/x86/kernel/acpi/cstate.o
  CC      lib/bitmap-str.o
  CC      drivers/video/fbdev/core/modedb.o
  CC      arch/x86/kernel/cpu/capflags.o
  CC      arch/x86/kernel/cpu/powerflags.o
  CC      arch/x86/kernel/cpu/topology.o
  AR      arch/x86/kernel/acpi/built-in.a
  CC      kernel/printk/printk.o
  CC      drivers/pci/vpd.o
  CC      fs/mnt_idmapping.o
  CC      lib/string_helpers.o
  CC      drivers/video/fbdev/core/fbcvt.o
  CC      arch/x86/kernel/cpu/proc.o
  CC      fs/remap_range.o
  AR      kernel/sched/built-in.a
  CC      kernel/irq/irqdesc.o
  CC      drivers/pci/setup-bus.o
  CC      lib/hexdump.o
  AR      kernel/printk/built-in.a
  CC      net/devres.o
  CC      drivers/video/fbdev/core/fb_cmdline.o
  CC      arch/x86/kernel/cpu/feat_ctl.o
  CC      lib/kstrtox.o
  CC      mm/vma.o
  CC      arch/x86/kernel/cpu/intel.o
  CC      fs/pidfs.o
  CC      kernel/irq/handle.o
  CC      lib/math/div64.o
  CC      drivers/video/fbdev/core/fb_backlight.o
  CC      net/socket.o
  CC      lib/math/gcd.o
  CC      lib/math/lcm.o
  CC      lib/math/int_log.o
  CC      lib/math/int_pow.o
  CC      lib/math/int_sqrt.o
  CC      kernel/irq/manage.o
  CC      arch/x86/kernel/cpu/tsx.o
  CC      lib/math/reciprocal_div.o
  CC      drivers/pci/vc.o
  CC      lib/math/rational.o
  CC      drivers/video/fbdev/core/fbmon.o
  CC      arch/x86/kernel/cpu/amd.o
  AR      lib/math/built-in.a
  CC      lib/crc/crc16.o
  CC      fs/file_attr.o
  CC      drivers/pci/mmap.o
  CC      drivers/video/fbdev/core/fb_chrdev.o
  CC      mm/vma_exec.o
  HOSTCC  lib/crc/gen_crc32table
  CC      kernel/irq/spurious.o
  CC      arch/x86/kernel/cpu/amd_cache_disable.o
  CC      drivers/pci/devres.o
  CC      fs/fserror.o
  CC      drivers/video/fbdev/core/fb_procfs.o
  CC      kernel/irq/resend.o
  CC      mm/mseal.o
  GEN     lib/crc/crc32table.h
  CC      lib/crc/crc32-main.o
  CC      net/core/sock.o
  CC      arch/x86/kernel/cpu/hygon.o
  CC      fs/nullfs.o
  CC      kernel/irq/chip.o
  CC      drivers/pci/msi/pcidev_msi.o
  CC      drivers/video/fbdev/core/fbsysfs.o
  AR      lib/crc/built-in.a
  CC      lib/crypto/blake2s.o
  CC      mm/page_alloc.o
  CC      arch/x86/kernel/cpu/centaur.o
  CC      drivers/pci/msi/api.o
  CC      fs/buffer.o
  CC      drivers/video/fbdev/core/fbcon.o
  AS      lib/crypto/x86/blake2s-core.o
  CC      lib/crypto/chacha-block-generic.o
  CC      arch/x86/kernel/cpu/zhaoxin.o
  CC      kernel/irq/dummychip.o
  CC      lib/crypto/sha1.o
  CC      arch/x86/kernel/cpu/microcode/core.o
  CC      drivers/pci/msi/msi.o
  CC      kernel/irq/devres.o
  AS      lib/crypto/x86/sha1-ssse3-and-avx.o
  AS      lib/crypto/x86/sha1-avx2-asm.o
  AS      lib/crypto/x86/sha1-ni-asm.o
  CC      lib/crypto/sha256.o
  CC      arch/x86/kernel/cpu/microcode/intel.o
  CC      kernel/irq/kexec.o
  CC      drivers/pci/msi/irqdomain.o
  AS      lib/crypto/x86/sha256-ssse3-asm.o
  AS      lib/crypto/x86/sha256-avx-asm.o
  AS      lib/crypto/x86/sha256-avx2-asm.o
  AS      lib/crypto/x86/sha256-ni-asm.o
  AR      lib/crypto/built-in.a
  CC      lib/vdso/datastore.o
  CC      arch/x86/kernel/cpu/microcode/amd.o
  CC      kernel/irq/autoprobe.o
  CC      net/core/skbuff.o
  CC      drivers/video/fbdev/core/bitblit.o
  CC      fs/mpage.o
  CC      mm/page_frag_cache.o
  AR      lib/vdso/built-in.a
  CC      lib/iomap.o
  CC      kernel/irq/irqdomain.o
  AR      drivers/pci/msi/built-in.a
  CC      drivers/pci/pcie/aspm.o
  AR      arch/x86/kernel/cpu/microcode/built-in.a
  CC      arch/x86/kernel/cpu/perfctr-watchdog.o
  CC      mm/init-mm.o
  CC      drivers/video/fbdev/core/softcursor.o
  CC      lib/iomap_copy.o
  CC      fs/proc_namespace.o
  CC      lib/devres.o
  CC      mm/memblock.o
  AR      drivers/video/fbdev/core/built-in.a
  AR      arch/x86/kernel/cpu/built-in.a
  CC      arch/x86/kernel/reboot.o
  CC      kernel/irq/proc.o
  AR      drivers/pci/pcie/built-in.a
  CC      lib/bitrev.o
  AR      drivers/video/fbdev/built-in.a
  CC      drivers/pci/proc.o
  AR      drivers/video/built-in.a
  AR      fs/notify/dnotify/built-in.a
  AR      fs/notify/inotify/built-in.a
  AR      fs/notify/built-in.a
  CC      fs/anon_inodes.o
  CC      lib/xxhash.o
  CC      kernel/rcu/update.o
  CC      kernel/irq/migration.o
  CC      fs/mbcache.o
  CC      lib/zlib_inflate/inffast.o
  CC      arch/x86/kernel/early-quirks.o
  CC      drivers/pci/pci-sysfs.o
  CC      mm/slub.o
  CC      lib/zlib_inflate/inflate.o
  CC      kernel/rcu/sync.o
  CC      kernel/irq/cpuhotplug.o
  CC      kernel/rcu/srcutree.o
  CC      fs/drop_caches.o
  CC      lib/zlib_inflate/infutil.o
  CC      arch/x86/kernel/smp.o
  CC      kernel/irq/msi.o
  CC      lib/zlib_inflate/inftrees.o
  CC      lib/zlib_inflate/inflate_syms.o
  CC      fs/sysctls.o
  CC      drivers/pci/slot.o
  CC      fs/iomap/trace.o
  AR      lib/zlib_inflate/built-in.a
  CC      lib/zlib_deflate/deflate.o
  CC      net/core/datagram.o
  CC      kernel/rcu/tree.o
  CC      arch/x86/kernel/smpboot.o
  CC      kernel/irq/affinity.o
  CC      mm/page_io.o
  CC      drivers/pci/pci-acpi.o
  CC      fs/iomap/iter.o
  CC      lib/zlib_deflate/deftree.o
  CC      kernel/irq/matrix.o
  CC      lib/zlib_deflate/deflate_syms.o
  CC      fs/iomap/buffered-io.o
  CC      arch/x86/kernel/tsc_sync.o
  CC      mm/swap_state.o
  CC      drivers/pci/iomap.o
  AR      lib/zlib_deflate/built-in.a
  CC      lib/lzo/lzo1x_decompress_safe.o
  CC      net/core/stream.o
  AR      kernel/irq/built-in.a
  CC      drivers/pci/quirks.o
  CC      arch/x86/kernel/setup_percpu.o
  AR      lib/lzo/built-in.a
  CC      lib/lz4/lz4_decompress.o
  CC      net/core/scm.o
  CC      arch/x86/kernel/mpparse.o
  CC      net/ethernet/eth.o
  CC      mm/swapfile.o
  CC      fs/iomap/direct-io.o
  CC      kernel/rcu/rcu_segcblist.o
  AR      kernel/rcu/built-in.a
  CC      kernel/dma/mapping.o
  CC      net/core/gen_stats.o
  CC      arch/x86/kernel/apic/apic.o
  AR      lib/lz4/built-in.a
  CC      lib/zstd/zstd_decompress_module.o
  CC      drivers/pci/pci-label.o
  CC      fs/iomap/ioend.o
  CC      lib/zstd/decompress/huf_decompress.o
  AR      net/ethernet/built-in.a
  AR      fs/quota/built-in.a
  CC      kernel/dma/direct.o
  CC      arch/x86/kernel/apic/apic_common.o
  CC      net/core/gen_estimator.o
  CC      drivers/pci/vgaarb.o
  CC      fs/iomap/fiemap.o
  CC      mm/dmapool.o
  CC      arch/x86/kernel/apic/apic_noop.o
  CC      net/core/net_namespace.o
  CC      kernel/dma/swiotlb.o
  CC      fs/iomap/seek.o
  CC      kernel/entry/common.o
  CC      arch/x86/kernel/apic/ipi.o
  CC      mm/sparse.o
  AR      drivers/pci/built-in.a
  CC      drivers/acpi/tables.o
  CC      arch/x86/kernel/apic/vector.o
  CC      fs/iomap/bio.o
  CC      kernel/dma/remap.o
  CC      net/core/secure_seq.o
  CC      kernel/entry/syscall-common.o
  CC      mm/sparse-vmemmap.o
  CC      lib/zstd/decompress/zstd_ddict.o
  CC      lib/zstd/decompress/zstd_decompress.o
  CC      drivers/acpi/osi.o
  CC      fs/iomap/swapfile.o
  AR      kernel/dma/built-in.a
  CC      kernel/unwind/user.o
  CC      kernel/entry/syscall_user_dispatch.o
  CC      arch/x86/kernel/apic/init.o
  CC      kernel/unwind/deferred.o
  CC      mm/early_ioremap.o
  CC      drivers/acpi/osl.o
  CC      lib/zstd/decompress/zstd_decompress_block.o
  CC      net/core/flow_dissector.o
  AR      fs/iomap/built-in.a
  CC      fs/proc/task_mmu.o
  CC      arch/x86/kernel/apic/hw_nmi.o
  AR      kernel/entry/built-in.a
  AR      kernel/unwind/built-in.a
  CC      kernel/module/main.o
  CC      drivers/pnp/core.o
  CC      mm/execmem.o
  CC      arch/x86/kernel/apic/io_apic.o
  CC      drivers/pnp/card.o
  CC      drivers/acpi/utils.o
  AR      mm/built-in.a
  CC      lib/xz/xz_dec_syms.o
  CC      fs/proc/inode.o
  CC      net/core/sysctl_net_core.o
  CC      drivers/pnp/driver.o
  CC      lib/xz/xz_dec_stream.o
  CC      drivers/acpi/reboot.o
  CC      arch/x86/kernel/apic/msi.o
  CC      kernel/module/strict_rwx.o
  CC      lib/xz/xz_dec_lzma2.o
  CC      drivers/pnp/resource.o
  CC      fs/proc/root.o
  CC      lib/zstd/zstd_common_module.o
  CC      drivers/acpi/nvs.o
  CC      lib/zstd/common/debug.o
  CC      lib/zstd/common/entropy_common.o
  CC      kernel/module/kmod.o
  CC      arch/x86/kernel/apic/apic_flat_64.o
  CC      net/core/dev.o
  CC      lib/xz/xz_dec_bcj.o
  CC      drivers/acpi/wakeup.o
  CC      lib/zstd/common/error_private.o
  CC      fs/proc/base.o
  CC      lib/zstd/common/fse_decompress.o
  CC      arch/x86/kernel/apic/probe_64.o
  CC      drivers/pnp/manager.o
  CC      lib/zstd/common/zstd_common.o
  CC      kernel/module/tree_lookup.o
  AR      lib/zstd/built-in.a
  CC      drivers/acpi/sleep.o
  AR      lib/xz/built-in.a
  CC      lib/percpu_counter.o
  CC      lib/syscall.o
  AR      arch/x86/kernel/apic/built-in.a
  CC      arch/x86/kernel/trace_clock.o
  CC      drivers/pnp/support.o
  AR      arch/x86/kernel/kprobes/built-in.a
  CC      arch/x86/kernel/module.o
  CC      kernel/module/procfs.o
  CC      lib/nlattr.o
  CC      fs/kernfs/mount.o
  CC      drivers/pnp/interface.o
  CC      drivers/acpi/device_sysfs.o
  CC      arch/x86/kernel/hpet.o
  CC      kernel/module/sysfs.o
  CC      fs/proc/generic.o
  CC      drivers/acpi/device_pm.o
  CC      drivers/pnp/quirks.o
  CC      lib/cpu_rmap.o
  AR      kernel/module/built-in.a
  CC      fs/kernfs/inode.o
  CC      kernel/time/time.o
  CC      arch/x86/kernel/amd_nb.o
  CC      fs/proc/array.o
  CC      lib/dynamic_queue_limits.o
  CC      drivers/acpi/bus.o
  CC      drivers/pnp/system.o
  CC      arch/x86/kernel/amd_node.o
  CC      fs/kernfs/dir.o
  CC      kernel/time/timer.o
  CC      drivers/pnp/pnpacpi/core.o
  CC      arch/x86/kernel/perf_regs.o
  CC      lib/dim/dim.o
  CC      fs/proc/fd.o
  CC      drivers/acpi/glue.o
  CC      lib/dim/net_dim.o
  CC      drivers/pnp/pnpacpi/rsparser.o
  CC      arch/x86/kernel/itmt.o
  CC      kernel/time/hrtimer.o
  CC      fs/proc/proc_tty.o
  CC      fs/kernfs/file.o
  CC      drivers/acpi/scan.o
  CC      arch/x86/kernel/unwind_guess.o
  CC      lib/dim/rdma_dim.o
  AR      drivers/pnp/pnpacpi/built-in.a
  AR      drivers/pnp/built-in.a
  CC      lib/strncpy_from_user.o
  CC      fs/proc/cmdline.o
  AR      lib/dim/built-in.a
  CC      fs/sysfs/file.o
  CC      net/core/dev_api.o
  CC      arch/x86/kernel/cet.o
  CC      fs/kernfs/symlink.o
  CC      kernel/time/sleep_timeout.o
  CC      lib/strnlen_user.o
  CC      fs/proc/consoles.o
  CC      kernel/time/timekeeping.o
  CC      fs/sysfs/dir.o
  CC      drivers/acpi/mipi-disco-img.o
  CC      arch/x86/kernel/mmconf-fam10h_64.o
  CC      fs/proc/cpuinfo.o
  CC      lib/net_utils.o
  AR      fs/kernfs/built-in.a
  CC      net/sched/sch_generic.o
  CC      net/core/dev_addr_lists.o
  CC      fs/proc/devices.o
  CC      fs/sysfs/symlink.o
  CC      drivers/acpi/resource.o
  CC      arch/x86/kernel/vsmp_64.o
  CC      lib/sg_pool.o
  CC      fs/proc/loadavg.o
  LDS     arch/x86/kernel/vmlinux.lds
  AR      arch/x86/kernel/built-in.a
  CC      fs/sysfs/mount.o
  CC      lib/fonts/fonts.o
  AR      arch/x86/built-in.a
  CC      drivers/acpi/acpi_processor.o
  CC      kernel/time/ntp.o
  CC      lib/ucs2_string.o
  CC      net/core/dst.o
  CC      fs/proc/meminfo.o
  CC      lib/fonts/font_8x8.o
  CC      net/sched/sch_mq.o
  CC      lib/fonts/font_8x16.o
  CC      fs/sysfs/group.o
  AR      lib/fonts/built-in.a
  CC      lib/sbitmap.o
  CC      kernel/time/clocksource.o
  CC      drivers/acpi/processor_core.o
  CC      fs/devpts/inode.o
  CC      fs/proc/stat.o
  CC      net/core/netevent.o
  AR      fs/sysfs/built-in.a
  CC      drivers/acpi/processor_pdc.o
  CC      net/sched/sch_frag.o
  CC      net/netlink/af_netlink.o
  CC      lib/group_cpus.o
  CC      kernel/time/jiffies.o
  AR      fs/devpts/built-in.a
  CC      fs/proc/uptime.o
  CC      arch/x86/pci/i386.o
  CC      drivers/acpi/ec.o
  CC      kernel/time/timer_list.o
  CC      net/core/neighbour.o
  CC      lib/fw_table.o
  CC      fs/proc/util.o
  AR      net/sched/built-in.a
  CC      arch/x86/video/video-common.o
  CC      arch/x86/pci/init.o
  CC      kernel/time/timeconv.o
  AR      lib/lib.a
  CC      fs/proc/version.o
  AR      lib/built-in.a
  CC      kernel/dma.o
  CC      kernel/time/timecounter.o
  CC      kernel/time/alarmtimer.o
  CC      arch/x86/pci/mmconfig_64.o
  CC      drivers/acpi/pci_root.o
  AR      arch/x86/video/built-in.a
  CC      fs/ext4/balloc.o
  CC      fs/proc/softirqs.o
  CC      net/netlink/genetlink.o
  CC      drivers/virtio/virtio.o
  CC      kernel/time/posix-stubs.o
  CC      arch/x86/pci/direct.o
  CC      fs/proc/namespaces.o
  CC      drivers/acpi/pci_link.o
  CC      kernel/time/clockevents.o
  CC      drivers/virtio/virtio_ring.o
  CC      arch/x86/pci/mmconfig-shared.o
  CC      fs/ext4/bitmap.o
  CC      fs/proc/self.o
  CC      net/core/rtnetlink.o
  CC      drivers/acpi/pci_irq.o
  CC      kernel/time/tick-common.o
  CC      net/netlink/policy.o
  CC      fs/proc/thread_self.o
  CC      fs/ext4/block_validity.o
  CC      arch/x86/pci/fixup.o
  CC      drivers/acpi/acpi_apd.o
  CC      fs/proc/proc_sysctl.o
  CC      kernel/time/tick-broadcast.o
  CC      drivers/acpi/acpi_platform.o
  AR      net/netlink/built-in.a
  CC      fs/ext4/dir.o
  CC      fs/jbd2/transaction.o
  CC      drivers/virtio/virtio_anchor.o
  CC      arch/x86/pci/acpi.o
  CC      kernel/time/vsyscall.o
  CC      drivers/acpi/acpi_pnp.o
  CC      drivers/virtio/virtio_pci_modern_dev.o
  AR      kernel/time/built-in.a
  CC      kernel/smp.o
  CC      drivers/acpi/power.o
  CC      arch/x86/pci/legacy.o
  CC      fs/ext4/ext4_jbd2.o
  CC      fs/proc/proc_net.o
  CC      fs/jbd2/commit.o
  CC      drivers/acpi/event.o
  CC      arch/x86/pci/irq.o
  CC      drivers/virtio/virtio_pci_legacy_dev.o
  CC      kernel/stop_machine.o
  CC      fs/ext4/extents.o
  CC      fs/proc/page.o
  CC      drivers/virtio/virtio_pci_modern.o
  CC      net/core/utils.o
  CC      fs/jbd2/recovery.o
  CC      drivers/acpi/evged.o
  AR      fs/proc/built-in.a
  CC      fs/ramfs/inode.o
  CC      kernel/utsname_sysctl.o
  CC      kernel/irq_work.o
  CC      arch/x86/pci/common.o
  CC      drivers/acpi/sysfs.o
  CC      drivers/virtio/virtio_pci_common.o
  CC      fs/jbd2/checkpoint.o
  CC      fs/ramfs/file-mmu.o
  CC      kernel/bpf/core.o
  CC      net/core/link_watch.o
  CC      drivers/acpi/property.o
  CC      arch/x86/pci/early.o
  CC      fs/jbd2/revoke.o
  AR      fs/ramfs/built-in.a
  CC      fs/ext4/extents_status.o
  CC      drivers/virtio/virtio_pci_legacy.o
  CC      arch/x86/pci/bus_numa.o
  CC      net/core/filter.o
  CC      fs/ext4/file.o
  CC      drivers/acpi/acpi_lpat.o
  CC      fs/jbd2/journal.o
  CC      drivers/virtio/virtio_pci_admin_legacy_io.o
  CC      arch/x86/pci/amd_bus.o
  CC      drivers/acpi/acpi_lpit.o
  AR      kernel/bpf/built-in.a
  CC      kernel/static_call.o
  AR      drivers/virtio/built-in.a
  CC      kernel/static_call_inline.o
  CC      fs/nls/nls_base.o
  CC      fs/ext4/fsmap.o
  CC      drivers/acpi/prmt.o
  AR      arch/x86/pci/built-in.a
  CC      drivers/tty/tty_io.o
  CC      net/ethtool/ioctl.o
  AR      fs/nls/built-in.a
  CC      net/ethtool/common.o
  CC      kernel/events/core.o
  AR      fs/jbd2/built-in.a
  CC      drivers/char/mem.o
  CC      drivers/acpi/acpi_pcc.o
  CC      fs/ext4/fsync.o
  CC      drivers/acpi/acpi_mrrm.o
  CC      drivers/char/random.o
  CC      net/core/sock_diag.o
  CC      drivers/tty/n_tty.o
  CC      fs/ext4/hash.o
  CC      drivers/acpi/acpica/dsargs.o
  CC      net/ethtool/netlink.o
  CC      drivers/acpi/acpica/dscontrol.o
  CC      drivers/char/misc.o
  CC      fs/ext4/ialloc.o
  CC      drivers/acpi/acpica/dsdebug.o
  CC      net/ipv4/route.o
  CC      drivers/tty/tty_ioctl.o
  AR      drivers/char/agp/built-in.a
  AR      drivers/char/built-in.a
  AR      drivers/iommu/built-in.a
  CC      kernel/context_tracking.o
  CC      drivers/acpi/acpica/dsfield.o
  CC      net/ethtool/bitset.o
  CC      fs/ext4/indirect.o
  CC      kernel/iomem.o
  CC      drivers/tty/tty_ldisc.o
  CC      drivers/acpi/acpica/dsinit.o
  CC      net/core/dev_ioctl.o
  CC      drivers/acpi/acpica/dsmethod.o
  CC      drivers/acpi/ac.o
  CC      drivers/tty/tty_buffer.o
  CC      drivers/acpi/acpica/dsmthdat.o
  CC      net/ethtool/strset.o
  CC      drivers/acpi/button.o
  CC      fs/ext4/inline.o
  CC      net/ipv4/inetpeer.o
  CC      drivers/acpi/acpica/dsobject.o
  CC      drivers/tty/tty_port.o
  CC      net/core/tso.o
  CC      drivers/acpi/fan_core.o
  CC      drivers/acpi/acpica/dsopcode.o
  CC      kernel/events/ring_buffer.o
  CC      net/ethtool/linkinfo.o
  CC      drivers/tty/tty_mutex.o
  CC      net/ipv4/protocol.o
  CC      drivers/acpi/acpica/dspkginit.o
  CC      fs/ext4/inode.o
  CC      drivers/acpi/fan_attr.o
  CC      net/core/sock_reuseport.o
  CC      drivers/tty/tty_ldsem.o
  CC      drivers/acpi/acpica/dsutils.o
  CC      net/ethtool/linkmodes.o
  CC      net/ipv6/af_inet6.o
  CC      kernel/events/callchain.o
  CC      net/ipv4/ip_input.o
  CC      drivers/acpi/acpica/dswexec.o
  CC      drivers/tty/tty_baudrate.o
  CC      drivers/acpi/acpica/dswload.o
  CC      net/ethtool/rss.o
  CC      kernel/events/hw_breakpoint.o
  CC      net/core/fib_notifier.o
  CC      drivers/acpi/acpica/dswload2.o
  CC      drivers/tty/tty_jobctrl.o
  CC      drivers/acpi/acpica/dswscope.o
  CC      net/ipv6/anycast.o
  CC      net/ipv4/ip_fragment.o
  CC      drivers/tty/n_null.o
  CC      net/core/xdp.o
  CC      drivers/acpi/acpica/dswstate.o
  AR      kernel/events/built-in.a
  AR      kernel/built-in.a
  CC      net/ipv4/ip_forward.o
  CC      net/ethtool/linkstate.o
  CC      drivers/tty/pty.o
  CC      drivers/acpi/acpica/evevent.o
  CC      fs/ext4/ioctl.o
  CC      drivers/acpi/acpica/evgpe.o
  CC      net/ipv6/ip6_output.o
  CC      net/core/flow_offload.o
  CC      drivers/tty/vt/vt_ioctl.o
  CC      net/ethtool/debug.o
  CC      drivers/acpi/acpica/evgpeblk.o
  CC      net/core/gro.o
  CC      net/ipv4/ip_options.o
  CC      drivers/acpi/acpica/evgpeinit.o
  CC      net/ethtool/wol.o
  CC      net/core/netdev-genl.o
  CC      fs/ext4/mballoc.o
  CC      drivers/tty/vt/vc_screen.o
  CC      drivers/acpi/acpica/evgpeutil.o
  CC      net/ipv4/ip_output.o
  CC      drivers/acpi/acpica/evglock.o
  CC      net/core/netdev-genl-gen.o
  CC      net/ethtool/features.o
  CC      drivers/acpi/acpica/evhandler.o
  CC      drivers/tty/vt/selection.o
  CC      net/ipv6/ip6_input.o
  CC      drivers/acpi/acpica/evmisc.o
  CC      net/core/netdev_work.o
  CC      net/ipv6/addrconf.o
  CC      drivers/tty/vt/keyboard.o
  CC      drivers/acpi/acpica/evregion.o
  CC      net/ethtool/privflags.o
  CC      net/core/gso.o
  CC      drivers/acpi/acpica/evrgnini.o
  CC      net/ipv4/ip_sockglue.o
  CC      fs/ext4/migrate.o
  CC      drivers/acpi/acpica/evsci.o
  CC      net/ethtool/rings.o
  CC      drivers/tty/vt/vt.o
  CC      net/core/net-sysfs.o
  CC      net/ethtool/channels.o
  CC      drivers/acpi/acpica/evxface.o
  CC      fs/ext4/mmp.o
  CC      drivers/acpi/acpica/evxfevnt.o
  CC      drivers/acpi/processor_driver.o
  CC      net/ipv4/inet_hashtables.o
  CC      net/ethtool/coalesce.o
  CC      drivers/acpi/acpica/evxfgpe.o
  CC      fs/ext4/move_extent.o
  CC      drivers/acpi/processor_thermal.o
  CC      drivers/acpi/acpica/evxfregn.o
  CC      drivers/tty/serial/serial_core.o
  CC      fs/ext4/namei.o
  CC      net/core/hotdata.o
  CC      net/ethtool/pause.o
  CC      drivers/tty/vt/defkeymap.o
  CC      drivers/acpi/acpica/exconcat.o
  CC      net/ipv6/addrlabel.o
  CC      drivers/tty/vt/consolemap.o
  CC      drivers/acpi/acpica/exconfig.o
  CC      net/core/netdev_config.o
  CC      drivers/acpi/acpica/exconvrt.o
  CC      net/ethtool/eee.o
  CC      net/ipv4/inet_timewait_sock.o
  HOSTCC  drivers/tty/vt/conmakehash
  CC      net/ipv6/route.o
  CC      drivers/acpi/acpica/excreate.o
  CC      net/core/netdev_rx_queue.o
  CC      drivers/tty/serial/serial_base_bus.o
  CC      fs/ext4/page-io.o
  CC      drivers/acpi/acpica/exdebug.o
  CC      net/ethtool/tsinfo.o
  CC      net/ipv4/inet_connection_sock.o
  CC      drivers/acpi/acpica/exdump.o
  CC      drivers/tty/vt/ucs.o
  CC      drivers/tty/serial/serial_ctrl.o
  CONMK   drivers/tty/vt/consolemap_deftbl.c
  CC      drivers/tty/vt/consolemap_deftbl.o
  AR      drivers/tty/vt/built-in.a
  CC      drivers/tty/serial/serial_port.o
  CC      net/core/netdev_queues.o
  CC      fs/ext4/readpage.o
  CC      drivers/acpi/acpica/exfield.o
  CC      drivers/tty/serial/earlycon.o
  CC      net/ethtool/cabletest.o
  CC      drivers/acpi/acpica/exfldio.o
  CC      drivers/tty/serial/8250/8250_core.o
  CC      fs/ext4/resize.o
  CC      net/core/net-procfs.o
  CC      drivers/acpi/acpica/exmisc.o
  AR      drivers/gpu/drm/display/built-in.a
  AR      drivers/gpu/drm/built-in.a
  AR      drivers/gpu/built-in.a
  CC      net/ipv4/tcp.o
  CC      drivers/tty/serial/8250/8250_platform.o
  CC      drivers/acpi/acpica/exmutex.o
  CC      net/ethtool/tunnels.o
  CC      net/core/dst_cache.o
  CC      net/ipv6/ip6_fib.o
  CC      drivers/acpi/acpica/exnames.o
  CC      drivers/tty/serial/8250/8250_pnp.o
  CC      net/core/gro_cells.o
  CC      drivers/acpi/acpica/exoparg1.o
  CC      fs/ext4/super.o
  CC      net/ethtool/fec.o
  CC      fs/pstore/inode.o
  CC      drivers/acpi/acpica/exoparg2.o
  CC      drivers/tty/serial/8250/8250_port.o
  AR      net/core/built-in.a
  AR      net/wireless/built-in.a
  CC      fs/pstore/platform.o
  CC      drivers/acpi/acpica/exoparg3.o
  CC      drivers/acpi/processor_idle.o
  CC      net/ipv6/ipv6_sockglue.o
  CC      net/ethtool/eeprom.o
  CC      drivers/acpi/acpica/exoparg6.o
  AR      fs/pstore/built-in.a
  CC [M]  fs/efivarfs/inode.o
  CC      drivers/acpi/acpica/exprep.o
  CC      drivers/tty/serial/8250/8250_dwlib.o
  CC      drivers/acpi/acpica/exregion.o
  CC      net/ipv4/tcp_input.o
  CC [M]  fs/efivarfs/file.o
  CC      net/ethtool/stats.o
  CC      drivers/acpi/processor_throttling.o
  CC      drivers/tty/serial/8250/8250_pcilib.o
  CC      drivers/acpi/acpica/exresnte.o
  CC [M]  fs/efivarfs/super.o
  CC      drivers/acpi/acpica/exresolv.o
  CC      fs/ext4/symlink.o
  CC      net/ipv6/ndisc.o
  CC      drivers/tty/serial/8250/8250_early.o
  CC      drivers/acpi/processor_perflib.o
  CC      net/ethtool/phc_vclocks.o
  CC      drivers/acpi/acpica/exresop.o
  CC      drivers/tty/serial/8250/8250_exar.o
  CC [M]  fs/efivarfs/vars.o
  CC      fs/ext4/sysfs.o
  CC      drivers/acpi/acpica/exserial.o
  CC      drivers/acpi/container.o
  CC      net/ethtool/mm.o
  CC      drivers/acpi/acpica/exstore.o
  CC      drivers/acpi/thermal_lib.o
  LD [M]  fs/efivarfs/efivarfs.o
  CC      drivers/base/component.o
  CC      drivers/acpi/acpica/exstoren.o
  CC      fs/ext4/xattr.o
  CC      drivers/tty/serial/8250/8250_lpss.o
  CC      drivers/base/core.o
  CC      net/ipv6/udp.o
  CC      drivers/acpi/acpica/exstorob.o
  CC      net/ethtool/module.o
  CC      drivers/base/bus.o
  CC      drivers/acpi/acpica/exsystem.o
  CC      drivers/tty/serial/8250/8250_mid.o
  CC      drivers/acpi/acpica/extrace.o
  CC      drivers/base/dd.o
  CC      net/ethtool/cmis_fw_update.o
  CC      drivers/tty/serial/8250/8250_pci.o
  CC      net/ipv4/tcp_output.o
  CC      drivers/acpi/acpica/exutils.o
  CC      fs/ext4/xattr_hurd.o
  CC      drivers/acpi/acpica/hwacpi.o
  CC      drivers/base/syscore.o
  CC      net/ipv6/raw.o
  CC      net/sysctl_net.o
  CC      drivers/acpi/acpica/hwesleep.o
  CC      net/ethtool/cmis_cdb.o
  CC      fs/ext4/xattr_trusted.o
  CC      drivers/tty/serial/8250/8250_pericom.o
  CC      drivers/acpi/acpica/hwgpe.o
  CC      drivers/base/driver.o
  CC      drivers/acpi/acpica/hwregs.o
  CC      fs/ext4/xattr_user.o
  CC      net/ethtool/pse-pd.o
  CC      drivers/base/class.o
  CC      drivers/block/brd.o
  AR      drivers/tty/serial/8250/built-in.a
  AR      drivers/tty/serial/built-in.a
  AR      drivers/tty/built-in.a
  CC      drivers/base/platform.o
  CC      drivers/acpi/acpica/hwsleep.o
  CC      net/ipv6/icmp.o
  CC      fs/ext4/fast_commit.o
  CC      drivers/acpi/acpica/hwvalid.o
  CC      drivers/base/cpu.o
  CC      drivers/acpi/acpica/hwxface.o
  CC      drivers/block/virtio_blk.o
  CC      net/ethtool/plca.o
  CC      net/ipv4/tcp_timer.o
  CC      fs/ext4/orphan.o
  CC      drivers/acpi/acpica/hwxfsleep.o
  CC      drivers/base/firmware.o
  CC      drivers/acpi/acpica/hwpci.o
  CC      drivers/base/init.o
  CC      net/ipv6/mcast.o
  CC      net/ipv4/tcp_ipv4.o
  AR      drivers/block/built-in.a
  CC      drivers/acpi/acpica/nsaccess.o
  CC      drivers/acpi/thermal.o
  AR      fs/ext4/built-in.a
  AR      fs/built-in.a
  CC      net/ethtool/phy.o
  CC      drivers/acpi/acpica/nsalloc.o
  CC      drivers/base/map.o
  CC      net/ipv4/tcp_minisocks.o
  CC      drivers/acpi/acpica/nsarguments.o
  CC      drivers/base/devres.o
  CC      drivers/acpi/platform_profile.o
  CC      net/ipv6/reassembly.o
  CC      drivers/acpi/acpica/nsconvert.o
  CC      net/ethtool/tsconfig.o
  CC      drivers/acpi/acpica/nsdump.o
  CC      drivers/base/attribute_container.o
  CC      net/ipv4/tcp_cong.o
  CC      drivers/acpi/acpica/nseval.o
  CC      drivers/base/transport_class.o
  CC      drivers/acpi/acpi_memhotplug.o
  CC      drivers/misc/eeprom/eeprom_93cx6.o
  CC      net/ethtool/mse.o
  CC      drivers/acpi/acpica/nsinit.o
  CC      net/ipv6/tcp_ipv6.o
  CC      drivers/base/topology.o
  CC      drivers/base/container.o
  CC      net/ipv6/ping.o
  AR      drivers/misc/eeprom/built-in.a
  CC      drivers/base/property.o
  CC      drivers/misc/mei/init.o
  CC      drivers/acpi/acpica/nsload.o
  CC      net/ipv4/tcp_metrics.o
  CC      drivers/acpi/acpica/nsnames.o
  CC      net/ipv6/exthdrs.o
  AR      net/ethtool/built-in.a
  CC      drivers/base/cacheinfo.o
  CC      drivers/misc/mei/hbm.o
  CC      drivers/acpi/acpica/nsobject.o
  CC      net/ipv6/datagram.o
  CC      drivers/base/swnode.o
  CC      drivers/acpi/ioapic.o
  CC      drivers/acpi/acpica/nsparse.o
  CC      drivers/misc/mei/interrupt.o
  CC      net/ipv4/tcp_fastopen.o
  CC      net/ipv6/ip6_flowlabel.o
  CC      drivers/acpi/acpica/nspredef.o
  CC      drivers/acpi/battery.o
  CC      drivers/base/faux.o
  CC      net/ipv6/inet6_connection_sock.o
  CC      drivers/acpi/acpica/nsprepkg.o
  CC      drivers/misc/mei/client.o
  CC      net/ipv6/udp_offload.o
  CC      drivers/base/auxiliary.o
  CC      drivers/acpi/acpica/nsrepair.o
  CC      net/ipv6/seg6.o
  CC      drivers/base/devtmpfs.o
  CC      drivers/acpi/acpica/nsrepair2.o
  CC      drivers/acpi/cppc_acpi.o
  CC      net/ipv4/tcp_recovery.o
  CC      net/ipv6/fib6_notifier.o
  CC      drivers/acpi/acpica/nssearch.o
  CC      drivers/acpi/spcr.o
  CC      drivers/misc/mei/main.o
  AR      drivers/base/power/built-in.a
  CC      drivers/base/firmware_loader/builtin/main.o
  CC      drivers/acpi/acpica/nsutils.o
  CC      net/ipv4/tcp_ulp.o
  AR      drivers/base/firmware_loader/builtin/built-in.a
  AR      drivers/base/firmware_loader/built-in.a
  CC      net/ipv6/rpl.o
  CC      drivers/base/module.o
  CC      drivers/acpi/apei/apei-base.o
  CC      drivers/acpi/acpica/nswalk.o
  CC      drivers/misc/mei/dma-ring.o
  CC      drivers/base/auxiliary_sysfs.o
  CC      drivers/acpi/acpica/nsxfeval.o
  CC      drivers/acpi/apei/hest.o
  CC      net/ipv6/ioam6.o
  CC      drivers/misc/mei/bus.o
  CC      drivers/base/platform-msi.o
  CC      drivers/base/physical_location.o
  CC      net/ipv4/tcp_offload.o
  CC      drivers/acpi/acpica/nsxfname.o
  CC      net/ipv6/sysctl_net_ipv6.o
  CC      drivers/acpi/apei/erst.o
  AR      drivers/macintosh/built-in.a
  CC      drivers/misc/mei/bus-fixup.o
  AR      drivers/base/built-in.a
  CC      drivers/acpi/acpica/nsxfobj.o
  AR      drivers/scsi/built-in.a
  CC      drivers/acpi/apei/bert.o
  CC      drivers/acpi/acpica/psargs.o
  CC      drivers/acpi/x86/apple.o
  CC      drivers/misc/mei/pci-me.o
  CC      net/ipv4/tcp_plb.o
  CC      drivers/nvme/host/core.o
  CC      net/ipv6/proc.o
  AR      drivers/acpi/apei/built-in.a
  CC      drivers/misc/mei/hw-me.o
  CC      drivers/net/loopback.o
  CC      drivers/acpi/acpica/psloop.o
  CC      drivers/acpi/x86/cmos_rtc.o
  AR      drivers/net/phy/built-in.a
  CC      net/ipv6/addrconf_core.o
  CC      drivers/acpi/acpica/psobject.o
  CC      drivers/acpi/x86/lpss.o
  AR      drivers/misc/mei/built-in.a
  CC      net/ipv4/datagram.o
  AR      drivers/misc/built-in.a
  AR      drivers/net/mdio/built-in.a
  CC      drivers/acpi/x86/s2idle.o
  AR      drivers/net/built-in.a
  CC      drivers/acpi/acpica/psopcode.o
  CC      drivers/acpi/acpica/psopinfo.o
  CC      net/ipv4/raw.o
  CC      drivers/acpi/acpica/psparse.o
  CC      drivers/nvme/host/ioctl.o
  CC      net/ipv6/exthdrs_core.o
  AR      drivers/firewire/built-in.a
  CC      net/ipv4/udp.o
  CC      drivers/acpi/x86/utils.o
  CC      drivers/acpi/acpica/psscope.o
  AR      drivers/cdrom/built-in.a
  CC      drivers/nvme/host/sysfs.o
  CC      drivers/acpi/acpica/pstree.o
  CC      drivers/nvme/host/pr.o
  CC      drivers/acpi/x86/blacklist.o
  CC      drivers/acpi/acpica/psutils.o
  CC      net/ipv6/ip6_checksum.o
  CC      drivers/acpi/acpica/pswalk.o
  AR      drivers/acpi/x86/built-in.a
  CC      net/ipv4/udp_offload.o
  AR      drivers/usb/built-in.a
  CC      drivers/nvme/host/pci.o
  CC      net/ipv6/ip6_icmp.o
  CC      drivers/acpi/acpica/psxface.o
  CC      net/ipv4/arp.o
  CC      drivers/input/serio/serio.o
  CC      drivers/acpi/acpica/rsaddr.o
  CC      net/ipv4/icmp.o
  CC      net/ipv6/output_core.o
  CC      drivers/acpi/acpica/rscalc.o
  CC      drivers/input/serio/i8042.o
  CC      net/ipv4/devinet.o
  CC      drivers/acpi/acpica/rscreate.o
  CC      drivers/input/input.o
  CC      net/ipv6/protocol.o
  CC      drivers/acpi/acpica/rsdumpinfo.o
  CC      net/ipv4/af_inet.o
  AR      drivers/nvme/host/built-in.a
  AR      drivers/nvme/built-in.a
  CC      drivers/rtc/lib.o
  CC      drivers/input/serio/serport.o
  CC      drivers/acpi/acpica/rsinfo.o
  CC      drivers/input/input-compat.o
  CC      drivers/acpi/acpica/rsio.o
  CC      drivers/rtc/rtc-mc146818-lib.o
  CC      net/ipv6/ip6_offload.o
  CC      drivers/input/input-mt.o
  CC      drivers/acpi/acpica/rsirq.o
  CC      drivers/input/serio/libps2.o
  CC      drivers/input/input-poller.o
  CC      drivers/acpi/acpica/rslist.o
  AR      drivers/rtc/built-in.a
  CC      net/ipv4/igmp.o
  AR      drivers/i2c/algos/built-in.a
  AR      drivers/i2c/busses/built-in.a
  AR      drivers/i2c/built-in.a
  CC      net/ipv6/exthdrs_offload.o
  CC      drivers/acpi/acpica/rsmemory.o
  AR      drivers/input/serio/built-in.a
  AR      drivers/ptp/built-in.a
  CC      drivers/input/ff-core.o
  CC      net/ipv6/inet6_hashtables.o
  CC      drivers/acpi/acpica/rsmisc.o
  CC      drivers/acpi/acpica/rsserial.o
  CC      drivers/power/supply/power_supply_core.o
  CC      drivers/acpi/acpica/rsutils.o
  CC      drivers/input/touchscreen.o
  CC      drivers/power/supply/power_supply_sysfs.o
  CC      drivers/acpi/acpica/rsxface.o
  CC      drivers/acpi/acpica/tbdata.o
  CC      drivers/acpi/acpica/tbfadt.o
  CC      drivers/input/touch-overlay.o
  CC      net/ipv6/mcast_snoop.o
  CC      drivers/input/vivaldi-fmap.o
  CC      net/ipv4/fib_frontend.o
  CC      drivers/acpi/acpica/tbfind.o
  AR      drivers/power/supply/built-in.a
  AR      drivers/power/built-in.a
  CC      drivers/thermal/thermal_core.o
  CC      drivers/acpi/acpica/tbinstal.o
  CC      drivers/cpufreq/cpufreq.o
  CC      net/ipv4/fib_semantics.o
  CC      drivers/input/keyboard/atkbd.o
  CC      net/ipv4/fib_trie.o
  CC      drivers/acpi/acpica/tbprint.o
  CC [M]  net/ipv6/sit.o
  CC      drivers/acpi/acpica/tbutils.o
  CC      drivers/thermal/thermal_sysfs.o
  CC      drivers/acpi/acpica/tbxface.o
  AR      drivers/input/keyboard/built-in.a
  CC      drivers/input/mouse/psmouse-base.o
  CC      net/ipv4/fib_notifier.o
  CC      drivers/acpi/acpica/tbxfload.o
  CC      drivers/thermal/thermal_trip.o
  CC      drivers/cpufreq/freq_table.o
  CC      drivers/acpi/acpica/tbxfroot.o
  CC      net/ipv4/inet_fragment.o
  CC      drivers/thermal/thermal_helpers.o
  CC      drivers/input/mouse/synaptics.o
  AR      net/ipv6/built-in.a
  CC      net/ipv4/ping.o
  CC      drivers/cpuidle/cpuidle.o
  CC      drivers/thermal/thermal_thresholds.o
  CC      drivers/cpufreq/cpufreq_performance.o
  CC      drivers/acpi/acpica/utaddress.o
  CC      drivers/input/mouse/focaltech.o
  CC      drivers/cpufreq/cpufreq_governor_attr_set.o
  CC      drivers/thermal/thermal_netlink.o
  CC      drivers/acpi/acpica/utalloc.o
  CC      drivers/input/mouse/alps.o
  CC      drivers/cpuidle/driver.o
  CC      drivers/acpi/acpica/utascii.o
  CC      drivers/cpufreq/amd-pstate.o
  CC      drivers/input/mouse/byd.o
  CC      net/ipv4/ip_tunnel_core.o
  CC      drivers/cpuidle/governor.o
  CC      drivers/acpi/acpica/utbuffer.o
  CC      net/ipv4/gre_offload.o
  CC      drivers/cpuidle/sysfs.o
  CC      drivers/cpuidle/governors/ladder.o
  CC      drivers/thermal/gov_step_wise.o
  CC      drivers/acpi/acpica/utcksum.o
  CC      drivers/acpi/acpica/utcopy.o
  AR      drivers/cpuidle/governors/built-in.a
  CC      drivers/cpuidle/poll_state.o
  CC      drivers/thermal/intel/intel_tcc.o
  CC      drivers/cpufreq/amd-pstate-trace.o
  CC      drivers/input/mouse/logips2pp.o
  AR      drivers/cpuidle/built-in.a
  CC      drivers/cpufreq/intel_pstate.o
  CC      drivers/thermal/intel/therm_throt.o
  CC      drivers/firmware/efi/efi.o
  CC      drivers/acpi/acpica/utexcep.o
  CC      net/ipv4/metrics.o
  CC      drivers/firmware/efi/vars.o
  CC      drivers/input/mouse/trackpoint.o
  CC      drivers/acpi/acpica/utdebug.o
  CC      drivers/clocksource/acpi_pm.o
  CC      drivers/input/mouse/cypress_ps2.o
  CC      drivers/acpi/acpica/utdecode.o
  CC      net/ipv4/netlink.o
  CC [M]  drivers/thermal/intel/x86_pkg_temp_thermal.o
  CC      drivers/firmware/efi/reboot.o
  CC      drivers/clocksource/i8253.o
  CC      drivers/hid/hid-core.o
  CC      drivers/acpi/acpica/utdelete.o
  AR      drivers/clocksource/built-in.a
  CC      drivers/firmware/efi/memattr.o
  AR      drivers/thermal/intel/built-in.a
  AR      drivers/input/mouse/built-in.a
  AR      drivers/input/built-in.a
  CC      net/ipv4/nexthop.o
  CC      drivers/acpi/acpica/uterror.o
  AR      drivers/thermal/built-in.a
  CC      drivers/firmware/efi/tpm.o
  AR      drivers/cpufreq/built-in.a
  CC      drivers/acpi/acpica/uteval.o
  CC      net/ipv4/udp_tunnel_stub.o
  CC      drivers/acpi/acpica/utglobal.o
  CC      net/ipv4/sysctl_net_ipv4.o
  CC      drivers/acpi/acpica/uthex.o
  CC      drivers/hid/hid-input.o
  CC      drivers/firmware/efi/memmap.o
  CC      drivers/acpi/acpica/utids.o
  AR      drivers/platform/x86/built-in.a
  AR      drivers/platform/built-in.a
  CC      net/ipv4/proc.o
  CC      drivers/hid/hid-quirks.o
  CC      drivers/acpi/acpica/utinit.o
  CC      net/ipv4/inet_diag.o
  CC      drivers/firmware/efi/esrt.o
  CC      drivers/mailbox/mailbox.o
  CC      drivers/acpi/acpica/utlock.o
  CC      drivers/firmware/efi/efi-pstore.o
  CC      drivers/acpi/acpica/utmath.o
  CC      drivers/firmware/efi/cper.o
  CC      drivers/mailbox/pcc.o
  CC      drivers/hid/hid-generic.o
  CC      drivers/acpi/acpica/utmisc.o
  CC      drivers/firmware/efi/cper_cxl.o
  CC      net/ipv4/tcp_diag.o
  CC      drivers/firmware/efi/runtime-wrappers.o
  CC      drivers/acpi/acpica/utmutex.o
  CC      net/ipv4/tcp_cubic.o
  AR      drivers/mailbox/built-in.a
  CC      drivers/firmware/efi/earlycon.o
  CC      drivers/acpi/acpica/utnonansi.o
  AR      drivers/hid/built-in.a
  CC [M]  net/ipv4/ip_tunnel.o
  CC      drivers/acpi/acpica/utobject.o
  CC      drivers/firmware/efi/cper-x86.o
  CC      drivers/acpi/acpica/utosi.o
  CC      drivers/firmware/efi/libstub/alignedmem.o
  CC [M]  net/ipv4/tunnel4.o
  CC      drivers/acpi/acpica/utownerid.o
  CC      drivers/firmware/efi/libstub/efi-stub-helper.o
  AR      drivers/firmware/efi/built-in.a
  CC      drivers/acpi/acpica/utpredef.o
  CC      drivers/firmware/efi/libstub/file.o
  AR      net/ipv4/built-in.a
  CC      drivers/acpi/acpica/utresdecode.o
  CC      drivers/firmware/efi/libstub/gop.o
  CC      drivers/acpi/acpica/utresrc.o
  CC      drivers/firmware/efi/libstub/lib-cmdline.o
  CC      drivers/acpi/acpica/utstate.o
  CC      drivers/firmware/efi/libstub/lib-ctype.o
  CC      drivers/firmware/efi/libstub/mem.o
  CC      drivers/acpi/acpica/utstring.o
  CC      drivers/acpi/acpica/utstrsuppt.o
  CC      drivers/firmware/efi/libstub/pci.o
  CC      drivers/acpi/acpica/utstrtoul64.o
  CC      drivers/acpi/acpica/utxface.o
  AR      net/built-in.a
  CC      drivers/acpi/acpica/utxfinit.o
  CC      drivers/firmware/efi/libstub/printk.o
  CC      drivers/acpi/acpica/utxferror.o
  CC      drivers/firmware/efi/libstub/random.o
  CC      drivers/acpi/acpica/utxfmutex.o
  CC      drivers/firmware/efi/libstub/randomalloc.o
  CC      drivers/firmware/efi/libstub/secureboot.o
  CC      drivers/firmware/efi/libstub/skip_spaces.o
  CC      drivers/firmware/efi/libstub/smbios.o
  CC      drivers/firmware/efi/libstub/tpm.o
  CC      drivers/firmware/efi/libstub/vsprintf.o
  AR      drivers/acpi/acpica/built-in.a
  AR      drivers/acpi/built-in.a
  CC      drivers/firmware/efi/libstub/x86-5lvl.o
  CC      drivers/firmware/efi/libstub/x86-stub.o
  STUBCPY drivers/firmware/efi/libstub/alignedmem.stub.o
  STUBCPY drivers/firmware/efi/libstub/efi-stub-helper.stub.o
  STUBCPY drivers/firmware/efi/libstub/file.stub.o
  STUBCPY drivers/firmware/efi/libstub/gop.stub.o
  STUBCPY drivers/firmware/efi/libstub/lib-cmdline.stub.o
  STUBCPY drivers/firmware/efi/libstub/lib-ctype.stub.o
  STUBCPY drivers/firmware/efi/libstub/mem.stub.o
  STUBCPY drivers/firmware/efi/libstub/pci.stub.o
  STUBCPY drivers/firmware/efi/libstub/printk.stub.o
  STUBCPY drivers/firmware/efi/libstub/random.stub.o
  STUBCPY drivers/firmware/efi/libstub/randomalloc.stub.o
  STUBCPY drivers/firmware/efi/libstub/secureboot.stub.o
  STUBCPY drivers/firmware/efi/libstub/skip_spaces.stub.o
  STUBCPY drivers/firmware/efi/libstub/vsprintf.stub.o
  STUBCPY drivers/firmware/efi/libstub/smbios.stub.o
  STUBCPY drivers/firmware/efi/libstub/x86-5lvl.stub.o
  STUBCPY drivers/firmware/efi/libstub/tpm.stub.o
  STUBCPY drivers/firmware/efi/libstub/x86-stub.stub.o
  AR      drivers/firmware/efi/libstub/lib.a
  AR      drivers/firmware/built-in.a
  AR      drivers/built-in.a
  AR      built-in.a
  AR      built-in-fixup.a
  COPY    vmlinux.a
  LD      vmlinux.o
  MODPOST Module.symvers
  CC      .vmlinux.export.o
  CC [M]  fs/efivarfs/efivarfs.mod.o
  CC [M]  .module-common.o
  CC [M]  drivers/thermal/intel/x86_pkg_temp_thermal.mod.o
  CC [M]  net/ipv4/ip_tunnel.mod.o
  CC [M]  net/ipv4/tunnel4.mod.o
  CC [M]  net/ipv6/sit.mod.o
  LD [M]  fs/efivarfs/efivarfs.ko
  LD [M]  net/ipv6/sit.ko
  LD [M]  drivers/thermal/intel/x86_pkg_temp_thermal.ko
  LD [M]  net/ipv4/ip_tunnel.ko
  LD [M]  net/ipv4/tunnel4.ko
  UPD     include/generated/utsversion.h
  CC      init/version-timestamp.o
  LD      vmlinux.unstripped
  NM      System.map
  SORTTAB vmlinux.unstripped
  OBJCOPY vmlinux
  GEN     modules.builtin.modinfo
  GEN     modules.builtin
  CC      arch/x86/boot/a20.o
  AS      arch/x86/boot/bioscall.o
  CC      arch/x86/boot/cmdline.o
  AS      arch/x86/boot/copy.o
  HOSTCC  arch/x86/boot/mkcpustr
  CC      arch/x86/boot/cpuflags.o
  CC      arch/x86/boot/cpucheck.o
  CC      arch/x86/boot/early_serial_console.o
  CC      arch/x86/boot/edd.o
  CC      arch/x86/boot/main.o
  CC      arch/x86/boot/memory.o
  CC      arch/x86/boot/pm.o
  AS      arch/x86/boot/pmjump.o
  CC      arch/x86/boot/printf.o
  CC      arch/x86/boot/regs.o
  CC      arch/x86/boot/string.o
  CC      arch/x86/boot/tty.o
  CC      arch/x86/boot/video.o
  CC      arch/x86/boot/video-mode.o
  LDS     arch/x86/boot/compressed/vmlinux.lds
  CC      arch/x86/boot/version.o
  AS      arch/x86/boot/compressed/kernel_info.o
  CC      arch/x86/boot/video-vga.o
  AS      arch/x86/boot/compressed/head_64.o
  CC      arch/x86/boot/video-vesa.o
  VOFFSET arch/x86/boot/compressed/../voffset.h
  CC      arch/x86/boot/video-bios.o
  CC      arch/x86/boot/compressed/string.o
  CC      arch/x86/boot/compressed/cmdline.o
  CC      arch/x86/boot/compressed/error.o
  OBJCOPY arch/x86/boot/compressed/vmlinux.bin
  RELOCS  arch/x86/boot/compressed/vmlinux.relocs
  HOSTCC  arch/x86/boot/compressed/mkpiggy
  CC      arch/x86/boot/compressed/cpuflags.o
  CC      arch/x86/boot/compressed/kaslr.o
  CC      arch/x86/boot/compressed/ident_map_64.o
  CC      arch/x86/boot/compressed/idt_64.o
  AS      arch/x86/boot/compressed/idt_handlers_64.o
  CC      arch/x86/boot/compressed/pgtable_64.o
  CC      arch/x86/boot/compressed/acpi.o
  CC      arch/x86/boot/compressed/efi.o
  CC      arch/x86/boot/compressed/misc.o
  CPUSTR  arch/x86/boot/cpustr.h
  CC      arch/x86/boot/cpu.o
  XZKERN  arch/x86/boot/compressed/vmlinux.bin.xz
  MKPIGGY arch/x86/boot/compressed/piggy.S
  AS      arch/x86/boot/compressed/piggy.o
  LD      arch/x86/boot/compressed/vmlinux
  ZOFFSET arch/x86/boot/zoffset.h
  OBJCOPY arch/x86/boot/vmlinux.bin
  AS      arch/x86/boot/header.o
  LD      arch/x86/boot/setup.elf
  OBJCOPY arch/x86/boot/setup.bin
  BUILD   arch/x86/boot/bzImage
Kernel: arch/x86/boot/bzImage is ready  (#4)
[PASS] kernel-build

Build duration: 105 seconds

[12/15] Inspecting build artifacts...
Kernel image:
-rw-r--r-- 1 manan manan 2.4M Sep  8 10:40 /home/manan/Aira-Octave/linux-7.2.2/arch/x86/boot/bzImage
/home/manan/Aira-Octave/linux-7.2.2/arch/x86/boot/bzImage: Linux kernel x86 boot executable, bzImage, version 7.2.2 (manan@IPAD-SERVER) #4 SMP PREEMPT Tue Sep  8 10:40:39 UTC 2026, RO-rootFS, Normal VGA, setup size 512*31, syssize 0x25140, jump 0x26c 0x8cd88ec0fc8cd239 instruction, protocol 2.15, from protected-mode code at offset 0x2c4 0x243818 bytes XZ compressed, relocatable, handover offset 0x24bc91, legacy 64-bit entry point, can be above 4G, 64-bit EFI handoff entry point, xloadflags bit 5, max cmdline size 2047, init_size 0xde9000
92625229a8e270a4279376a688428ef082c866747ff4222b3c9ea61f47fe3b45  /home/manan/Aira-Octave/linux-7.2.2/arch/x86/boot/bzImage

Kernel System.map:
-rw-r--r-- 1 manan manan 2.1M Sep  8 10:40 /home/manan/Aira-Octave/linux-7.2.2/System.map
5632352a6ff819bde920b13c44953e678a20515f7d43473fc363e1862554d2c3  /home/manan/Aira-Octave/linux-7.2.2/System.map

Kernel modules:
12

VMLINUX:
-rwxr-xr-x 1 manan manan 17M Sep  8 10:40 /home/manan/Aira-Octave/linux-7.2.2/vmlinux
/home/manan/Aira-Octave/linux-7.2.2/vmlinux: ELF 64-bit LSB executable, x86-64, version 1 (SYSV), statically linked, BuildID[sha1]=a7597662ac0d897bfd0226a300ed363667773c69, not stripped

[13/15] Static kernel sanity checks...
Undefined symbols in vmlinux, if available:

Kernel warnings from build log:

Suspicious TODO/FIXME/HACK markers in custom/root files:
/home/manan/Aira-Octave/configs/airaos-x86_64.config:679:CONFIG_HAVE_JUMP_LABEL_HACK=y
/home/manan/Aira-Octave/configs/airaos-x86_64.config:680:CONFIG_HAVE_NOINSTR_HACK=y
/home/manan/Aira-Octave/configs/airaos-x86_64.config:1310:# CONFIG_MOUSE_VSXXXAA is not set
/home/manan/Aira-Octave/configs/airaos-x86_64.config:1364:# CONFIG_SERIAL_8250_PCI1XXXX is not set
/home/manan/Aira-Octave/configs/airaos-x86_64.config:1447:# CONFIG_BATTERY_BQ27XXX is not set
/home/manan/Aira-Octave/configs/airaos-x86_64.config:1547:# CONFIG_FB_S1D13XXX is not set
/home/manan/Aira-Octave/configs/airaos-x86_64.config:2237:# Kernel hacking
/home/manan/Aira-Octave/configs/airaos-x86_64.config:2472:# Rust hacking
/home/manan/Aira-Octave/configs/airaos-x86_64.config:2474:# end of Rust hacking
/home/manan/Aira-Octave/configs/airaos-x86_64.config:2475:# end of Kernel hacking
/home/manan/Aira-Octave/configs/airaos-x86_64-working.config:679:CONFIG_HAVE_JUMP_LABEL_HACK=y
/home/manan/Aira-Octave/configs/airaos-x86_64-working.config:680:CONFIG_HAVE_NOINSTR_HACK=y
/home/manan/Aira-Octave/configs/airaos-x86_64-working.config:1310:# CONFIG_MOUSE_VSXXXAA is not set
/home/manan/Aira-Octave/configs/airaos-x86_64-working.config:1364:# CONFIG_SERIAL_8250_PCI1XXXX is not set
/home/manan/Aira-Octave/configs/airaos-x86_64-working.config:1447:# CONFIG_BATTERY_BQ27XXX is not set
/home/manan/Aira-Octave/configs/airaos-x86_64-working.config:1547:# CONFIG_FB_S1D13XXX is not set
/home/manan/Aira-Octave/configs/airaos-x86_64-working.config:2237:# Kernel hacking
/home/manan/Aira-Octave/configs/airaos-x86_64-working.config:2472:# Rust hacking
/home/manan/Aira-Octave/configs/airaos-x86_64-working.config:2474:# end of Rust hacking
/home/manan/Aira-Octave/configs/airaos-x86_64-working.config:2475:# end of Kernel hacking
/home/manan/Aira-Octave/logs/octave-audit-20260908-103825/octave-source-scan.txt:563:/home/manan/Aira-Octave/logs/autonomous-20260830-063845.log:594:./configs/airaos-x86_64.config:2237:# Kernel hacking
/home/manan/Aira-Octave/logs/octave-audit-20260908-103825/octave-source-scan.txt:581:/home/manan/Aira-Octave/logs/autonomous-20260830-063845.log:612:./configs/airaos-x86_64.config:2475:# end of Kernel hacking
/home/manan/Aira-Octave/logs/octave-audit-20260908-103825/octave-source-scan.txt:677:/home/manan/Aira-Octave/logs/autonomous-20260830-063845.log:708:./configs/airaos-x86_64-working.config:2237:# Kernel hacking
/home/manan/Aira-Octave/logs/octave-audit-20260908-103825/octave-source-scan.txt:695:/home/manan/Aira-Octave/logs/autonomous-20260830-063845.log:726:./configs/airaos-x86_64-working.config:2475:# end of Kernel hacking
/home/manan/Aira-Octave/logs/octave-audit-20260908-103825/octave-source-scan.txt:1307:1788005170.6719499610 2026-08-29 12:06:10.6719499610 /home/manan/Aira-Octave/linux-7.2.2/drivers/gpu/drm/i915/display/.dvo_ch7xxx.o.cmd
/home/manan/Aira-Octave/logs/octave-audit-20260908-103825/octave-source-scan.txt:1308:1788005170.6639499610 2026-08-29 12:06:10.6639499610 /home/manan/Aira-Octave/linux-7.2.2/drivers/gpu/drm/i915/display/dvo_ch7xxx.o
/home/manan/Aira-Octave/logs/octave-audit-20260908-103825/sanity.txt:5:Suspicious TODO/FIXME/HACK markers in custom/root files:
/home/manan/Aira-Octave/logs/octave-audit-20260908-103825/audit.log:1688:# CONFIG_MOUSE_VSXXXAA is not set
/home/manan/Aira-Octave/logs/octave-audit-20260908-103825/audit.log:1705:# CONFIG_SERIAL_8250_PCI1XXXX is not set
/home/manan/Aira-Octave/logs/octave-audit-20260908-103825/audit.log:1751:# CONFIG_BATTERY_BQ27XXX is not set
/home/manan/Aira-Octave/logs/octave-audit-20260908-103825/audit.log:1805:# CONFIG_FB_S1D13XXX is not set
/home/manan/Aira-Octave/logs/octave-audit-20260908-103825/audit.log:2282:	clear, cmp, cp, cpio, crc32, crond, crontab, cttyhack, cut, date, dc,
/home/manan/Aira-Octave/logs/octave-audit-20260908-103825/audit.log:2895:/home/manan/Aira-Octave/logs/autonomous-20260830-063845.log:594:./configs/airaos-x86_64.config:2237:# Kernel hacking
/home/manan/Aira-Octave/logs/octave-audit-20260908-103825/audit.log:2913:/home/manan/Aira-Octave/logs/autonomous-20260830-063845.log:612:./configs/airaos-x86_64.config:2475:# end of Kernel hacking
/home/manan/Aira-Octave/logs/octave-audit-20260908-103825/audit.log:3009:/home/manan/Aira-Octave/logs/autonomous-20260830-063845.log:708:./configs/airaos-x86_64-working.config:2237:# Kernel hacking
/home/manan/Aira-Octave/logs/octave-audit-20260908-103825/audit.log:3027:/home/manan/Aira-Octave/logs/autonomous-20260830-063845.log:726:./configs/airaos-x86_64-working.config:2475:# end of Kernel hacking
/home/manan/Aira-Octave/logs/octave-audit-20260908-103825/audit.log:3639:1788005170.6719499610 2026-08-29 12:06:10.6719499610 /home/manan/Aira-Octave/linux-7.2.2/drivers/gpu/drm/i915/display/.dvo_ch7xxx.o.cmd
/home/manan/Aira-Octave/logs/octave-audit-20260908-103825/audit.log:3640:1788005170.6639499610 2026-08-29 12:06:10.6639499610 /home/manan/Aira-Octave/linux-7.2.2/drivers/gpu/drm/i915/display/dvo_ch7xxx.o
/home/manan/Aira-Octave/logs/octave-audit-20260908-103825/audit.log:6071:Suspicious TODO/FIXME/HACK markers in custom/root files:
/home/manan/Aira-Octave/logs/octave-audit-20260908-103825/config-summary.txt:509:# CONFIG_MOUSE_VSXXXAA is not set
/home/manan/Aira-Octave/logs/octave-audit-20260908-103825/config-summary.txt:526:# CONFIG_SERIAL_8250_PCI1XXXX is not set
/home/manan/Aira-Octave/logs/octave-audit-20260908-103825/config-summary.txt:572:# CONFIG_BATTERY_BQ27XXX is not set
/home/manan/Aira-Octave/logs/octave-audit-20260908-103825/config-summary.txt:626:# CONFIG_FB_S1D13XXX is not set
/home/manan/Aira-Octave/logs/octave-audit-20260908-103825/final.config:679:CONFIG_HAVE_JUMP_LABEL_HACK=y
/home/manan/Aira-Octave/logs/octave-audit-20260908-103825/final.config:680:CONFIG_HAVE_NOINSTR_HACK=y
/home/manan/Aira-Octave/logs/octave-audit-20260908-103825/final.config:1310:# CONFIG_MOUSE_VSXXXAA is not set
/home/manan/Aira-Octave/logs/octave-audit-20260908-103825/final.config:1364:# CONFIG_SERIAL_8250_PCI1XXXX is not set
/home/manan/Aira-Octave/logs/octave-audit-20260908-103825/final.config:1447:# CONFIG_BATTERY_BQ27XXX is not set
/home/manan/Aira-Octave/logs/octave-audit-20260908-103825/final.config:1547:# CONFIG_FB_S1D13XXX is not set
/home/manan/Aira-Octave/logs/octave-audit-20260908-103825/final.config:2237:# Kernel hacking
/home/manan/Aira-Octave/logs/octave-audit-20260908-103825/final.config:2472:# Rust hacking
/home/manan/Aira-Octave/logs/octave-audit-20260908-103825/final.config:2474:# end of Rust hacking
/home/manan/Aira-Octave/logs/octave-audit-20260908-103825/final.config:2475:# end of Kernel hacking
/home/manan/Aira-Octave/logs/octave-audit-20260908-103825/initramfs.txt:96:	clear, cmp, cp, cpio, crc32, crond, crontab, cttyhack, cut, date, dc,
/home/manan/Aira-Octave/logs/autonomous-20260830-063845.log:293:cttyhack
/home/manan/Aira-Octave/logs/autonomous-20260830-063845.log:594:./configs/airaos-x86_64.config:2237:# Kernel hacking
/home/manan/Aira-Octave/logs/autonomous-20260830-063845.log:612:./configs/airaos-x86_64.config:2475:# end of Kernel hacking
/home/manan/Aira-Octave/logs/autonomous-20260830-063845.log:708:./configs/airaos-x86_64-working.config:2237:# Kernel hacking
/home/manan/Aira-Octave/logs/autonomous-20260830-063845.log:726:./configs/airaos-x86_64-working.config:2475:# end of Kernel hacking
/home/manan/Aira-Octave/linux-7.2.2/mm/khugepaged.c:724:			 * TODO: Support shared pages without leading to further
/home/manan/Aira-Octave/linux-7.2.2/mm/khugepaged.c:738:		 * TODO: In some cases of partially-mapped folios, we'd actually
/home/manan/Aira-Octave/linux-7.2.2/mm/khugepaged.c:1186:		 * TODO: Support swapin without leading to further mTHP
/home/manan/Aira-Octave/linux-7.2.2/mm/khugepaged.c:2258:	 * TODO: once shmem always calls mapping_set_large_folios() on its
/home/manan/Aira-Octave/linux-7.2.2/mm/migrate.c:116:	 * TODO: these pages will not be folios in the future. All
/home/manan/Aira-Octave/linux-7.2.2/mm/migrate.c:196:	 * TODO: these pages will not be folios in the future. All
/home/manan/Aira-Octave/linux-7.2.2/mm/migrate.c:229: * TODO: migration core will treat both pages as folios and lock them before
/home/manan/Aira-Octave/linux-7.2.2/mm/page_isolation.c:192:		 * FIXME: Now, memory hotplug doesn't call shrink_slab() by
/home/manan/Aira-Octave/linux-7.2.2/mm/.secretmem.o.cmd:324:    $(wildcard include/config/HAVE_JUMP_LABEL_HACK) \
/home/manan/Aira-Octave/linux-7.2.2/mm/memblock.c:2778:	/* TODO: Allocation must be outside of scratch region */
/home/manan/Aira-Octave/linux-7.2.2/mm/page_alloc.c:2567:	bool todo = false;
/home/manan/Aira-Octave/linux-7.2.2/mm/page_alloc.c:2580:			todo = true;
/home/manan/Aira-Octave/linux-7.2.2/mm/page_alloc.c:2589:		todo = true;
/home/manan/Aira-Octave/linux-7.2.2/mm/page_alloc.c:2594:	return todo;
/home/manan/Aira-Octave/linux-7.2.2/mm/page_alloc.c:3829:		 * XXX: For now, allow allocations to potentially
/home/manan/Aira-Octave/linux-7.2.2/mm/page_alloc.c:4106:	 * XXX: GFP_NOFS allocations should rather fail than rely on
/home/manan/Aira-Octave/linux-7.2.2/mm/.mmu_notifier.o.cmd:261:    $(wildcard include/config/HAVE_JUMP_LABEL_HACK) \
/home/manan/Aira-Octave/linux-7.2.2/mm/vma.c:2577:	/* TODO: Fix SPARC ADI! */
/home/manan/Aira-Octave/linux-7.2.2/mm/page_counter.c:435:	 * TODO: calculation should be more robust so that we do not need
/home/manan/Aira-Octave/linux-7.2.2/mm/hugetlb.c:2849: * NOTE! "cow_from_owner" represents a very hacky usage only used in CoW
/home/manan/Aira-Octave/linux-7.2.2/mm/hugetlb.c:5961:		/* TODO: Track hugetlb faults using vm_fault */
/home/manan/Aira-Octave/linux-7.2.2/mm/.hugetlb_cgroup.o.cmd:418:    $(wildcard include/config/HAVE_JUMP_LABEL_HACK) \
/home/manan/Aira-Octave/linux-7.2.2/mm/.numa.o.cmd:329:    $(wildcard include/config/HAVE_JUMP_LABEL_HACK) \
/home/manan/Aira-Octave/linux-7.2.2/mm/vmscan.c:1606:		/* TODO: these pages should not even appear in this list. */
/home/manan/Aira-Octave/linux-7.2.2/mm/vmscan.c:5470:			const char *s = "xxx";
/home/manan/Aira-Octave/linux-7.2.2/mm/vmscan.c:5495:		const char *s = "xxxx";
/home/manan/Aira-Octave/linux-7.2.2/mm/vmscan.c:6750:	 * will pick up pages from other mem cgroup's as well. We hack
/home/manan/Aira-Octave/linux-7.2.2/mm/vmscan.c:6910:		 * TODO: NR_FREE_PAGES_BLOCKS moves in steps of
/home/manan/Aira-Octave/linux-7.2.2/mm/.memfd.o.cmd:367:    $(wildcard include/config/HAVE_JUMP_LABEL_HACK) \
/home/manan/Aira-Octave/linux-7.2.2/mm/.hugetlb_sysctl.o.cmd:263:    $(wildcard include/config/HAVE_JUMP_LABEL_HACK) \
/home/manan/Aira-Octave/linux-7.2.2/mm/vmalloc.c:832:	 * XXX we might need to change this if we add VIRTUAL_BUG_ON for
/home/manan/Aira-Octave/linux-7.2.2/mm/vmalloc.c:840:		return NULL; /* XXX: no allowance for huge pgd */
/home/manan/Aira-Octave/linux-7.2.2/mm/vmalloc.c:4313: * If @p is %NULL, vrealloc_XXX() behaves exactly like vmalloc_XXX(). If @size
/home/manan/Aira-Octave/linux-7.2.2/mm/vmalloc.c:4452:	/* TODO: Grow the vm_area, i.e. allocate and map additional pages. */
/home/manan/Aira-Octave/linux-7.2.2/mm/vmalloc.c:4810: * Returns:	0 for success, -Exxx on failure
/home/manan/Aira-Octave/linux-7.2.2/mm/vmalloc.c:4871: * Returns:	0 for success, -Exxx on failure
/home/manan/Aira-Octave/linux-7.2.2/mm/page_owner.c:19: * TODO: teach PAGE_OWNER_STACK_DEPTH (__dump_page_owner and save_stack)
/home/manan/Aira-Octave/linux-7.2.2/mm/memory_hotplug.c:770:	 * TODO now we have a visible range of pages which are not associated
/home/manan/Aira-Octave/linux-7.2.2/mm/memory_hotplug.c:847:		/* TODO: cache values */
/home/manan/Aira-Octave/linux-7.2.2/mm/memory_hotplug.c:1374:	 * TODO: Although we have a check here to make sure that vmemmap pages
/home/manan/Aira-Octave/linux-7.2.2/mm/memory_hotplug.c:2017:				 * TODO: fatal migration failures should bail
/home/manan/Aira-Octave/linux-7.2.2/mm/.hugetlb_sysfs.o.cmd:199:    $(wildcard include/config/HAVE_JUMP_LABEL_HACK) \
/home/manan/Aira-Octave/linux-7.2.2/mm/balloon.c:198: * TODO: remove the caller accounting requirements, and allow caller to wait
/home/manan/Aira-Octave/linux-7.2.2/mm/.migrate.o.cmd:328:    $(wildcard include/config/HAVE_JUMP_LABEL_HACK) \
/home/manan/Aira-Octave/linux-7.2.2/mm/.madvise.o.cmd:369:    $(wildcard include/config/HAVE_JUMP_LABEL_HACK) \
/home/manan/Aira-Octave/linux-7.2.2/mm/hugetlb_cgroup.c:151:	 * TODO: this routine can waste much memory for nodes which will
/home/manan/Aira-Octave/linux-7.2.2/mm/workingset.c:409:	/* XXX: target_memcg can be NULL, go through lruvec */
/home/manan/Aira-Octave/linux-7.2.2/mm/workingset.c:468:	 * XXX: On !CONFIG_MEMCG, this will always return NULL; it
/home/manan/Aira-Octave/linux-7.2.2/mm/workingset.c:486:	 * XXX: With per-memcg flushing and thresholding, is ratelimiting
/home/manan/Aira-Octave/linux-7.2.2/mm/workingset.c:588:		 * XXX: Move to folio_add_lru() when it supports new vs
/home/manan/Aira-Octave/linux-7.2.2/mm/.process_vm_access.o.cmd:347:    $(wildcard include/config/HAVE_JUMP_LABEL_HACK) \
/home/manan/Aira-Octave/linux-7.2.2/mm/memcontrol.c:3599:		 * TODO: we could batch this until slab_pgdat(slab) changes
/home/manan/Aira-Octave/linux-7.2.2/mm/kmsan/instrumentation.c:5: * This file implements __msan_XXX hooks that Clang inserts into the code
/home/manan/Aira-Octave/linux-7.2.2/mm/highmem.c:667:		 * This is a horrible hack for XTENSA to calculate the
/home/manan/Aira-Octave/linux-7.2.2/mm/.page_counter.o.cmd:300:    $(wildcard include/config/HAVE_JUMP_LABEL_HACK) \
/home/manan/Aira-Octave/linux-7.2.2/mm/.hugetlb_vmemmap.o.cmd:324:    $(wildcard include/config/HAVE_JUMP_LABEL_HACK) \
/home/manan/Aira-Octave/linux-7.2.2/mm/damon/core.c:3088:	/* todo: do this for only installed probes */
/home/manan/Aira-Octave/linux-7.2.2/mm/damon/core.c:3214:	/* todo: do this for only installed probes */
/home/manan/Aira-Octave/linux-7.2.2/mm/damon/sysfs.c:1712:	/* TODO: support multiple contexts per kdamond */
/home/manan/Aira-Octave/linux-7.2.2/mm/damon/sysfs.c:2105:	/* TODO: Support multiple contexts per kdamond */
/home/manan/Aira-Octave/linux-7.2.2/mm/damon/sysfs.c:2135:	/* TODO: Support multiple contexts per kdamond */
/home/manan/Aira-Octave/linux-7.2.2/mm/damon/sysfs.c:2227:	/* TODO: support multiple contexts per kdamond */
/home/manan/Aira-Octave/linux-7.2.2/mm/.memory-tiers.o.cmd:296:    $(wildcard include/config/HAVE_JUMP_LABEL_HACK) \
/home/manan/Aira-Octave/linux-7.2.2/mm/swapfile.c:3465:	/* swap partition endianness hack... */
/home/manan/Aira-Octave/linux-7.2.2/mm/oom_kill.c:17: *  for newbie kernel hackers. It features several pointers to major
/home/manan/Aira-Octave/linux-7.2.2/mm/mempolicy.c:31: *                FIXME: memory is allocated starting with the first node
/home/manan/Aira-Octave/linux-7.2.2/mm/slab_common.c:2137:	 * TODO: Introduce a version of __kvfree_rcu_barrier() that works
/home/manan/Aira-Octave/linux-7.2.2/mm/.ptdump.o.cmd:326:    $(wildcard include/config/HAVE_JUMP_LABEL_HACK) \
/home/manan/Aira-Octave/linux-7.2.2/mm/vmpressure.c:35: * TODO: Make the window size depend on machine size, as we do for vmstat
/home/manan/Aira-Octave/linux-7.2.2/mm/.numa_memblks.o.cmd:332:    $(wildcard include/config/HAVE_JUMP_LABEL_HACK) \
/home/manan/Aira-Octave/linux-7.2.2/mm/.mempolicy.o.cmd:419:    $(wildcard include/config/HAVE_JUMP_LABEL_HACK) \
/home/manan/Aira-Octave/linux-7.2.2/mm/mremap.c:1789:	 *        .<--------->xxx>
/home/manan/Aira-Octave/linux-7.2.2/mm/zsmalloc.c:1701:	 * TODO: nothing prevents a zspage from getting destroyed while
/home/manan/Aira-Octave/linux-7.2.2/mm/huge_memory.c:2045:	 * TODO: once we support anonymous pages, use
/home/manan/Aira-Octave/linux-7.2.2/mm/huge_memory.c:3129:		 * FIXME: Do we want to invalidate secondary mmu by calling
/home/manan/Aira-Octave/linux-7.2.2/mm/huge_memory.c:3808:	 * TODO: this will also currently refuse folios without a mapping in the
/home/manan/Aira-Octave/linux-7.2.2/mm/memory.c:444:		smp_wmb(); /* Could be smp_wmb__xxx(before|after)_spin_lock */
/home/manan/Aira-Octave/linux-7.2.2/mm/memory.c:2714:	update_mmu_cache(vma, addr, pte); /* XXX: why not for insert_page? */
/home/manan/Aira-Octave/linux-7.2.2/mm/memory.c:6455:			 * TODO once we support anonymous PUDs: NUMA case and
/home/manan/Aira-Octave/linux-7.2.2/mm/memory-failure.c:310:	 * TODO: Could shrink slab caches here if a lightweight range-based
/home/manan/Aira-Octave/linux-7.2.2/mm/memory-failure.c:893: * XXX: It is possible that a page is isolated from LRU cache,
/home/manan/Aira-Octave/linux-7.2.2/mm/memory-failure.c:1525:	 * XXX: the dirty test could be racy: set_page_dirty() may not always
/home/manan/Aira-Octave/linux-7.2.2/mm/memory-failure.c:1734:		 * TODO: Handle device pages which may need coordination
/home/manan/Aira-Octave/linux-7.2.2/mm/Kconfig:612:# PA-RISC 7xxx's spinlock_t would enlarge struct page from 32 to 44 bytes.
/home/manan/Aira-Octave/linux-7.2.2/mm/Kconfig:987:	  XXX: For now, swap cluster backing transparent huge page
/home/manan/Aira-Octave/linux-7.2.2/mm/Kconfig:1027:# TODO: Allow to be enabled without THP
/home/manan/Aira-Octave/linux-7.2.2/mm/memcontrol-v1.c:382:		 * term TODO.
/home/manan/Aira-Octave/linux-7.2.2/mm/memcontrol-v1.c:2112:		.name = "cgroup.event_control",		/* XXX: for compat */
/home/manan/Aira-Octave/linux-7.2.2/mm/filemap.c:60: * FIXME: remove all knowledge of the buffer layer from the core VM
/home/manan/Aira-Octave/linux-7.2.2/mm/slub.c:5179:	 * TODO: do we want to support *sheaf == NULL to be equivalent of
/home/manan/Aira-Octave/linux-7.2.2/mm/slub.c:6922:	 * TODO: Revise huge-mapping path to support non-blocking
/home/manan/Aira-Octave/linux-7.2.2/mm/slub.c:8377:		 * XXX: kmem_cache_alloc_node will fallback to other nodes
/home/manan/Aira-Octave/linux-7.2.2/mm/Kconfig.debug:69:	  possible with slab_debug=xxx. SLUB debugging may be switched
/home/manan/Aira-Octave/linux-7.2.2/mm/.hugetlb.o.cmd:339:    $(wildcard include/config/HAVE_JUMP_LABEL_HACK) \
/home/manan/Aira-Octave/linux-7.2.2/mm/zswap.c:1205:	 * and may enter fs. XXX: Harmonize with vmscan.c __GFP_FS
/home/manan/Aira-Octave/linux-7.2.2/lib/test_hmm.c:223:		/* TODO Support splitting here */
/home/manan/Aira-Octave/linux-7.2.2/lib/test_hmm.c:1669:	/* FIXME demonstrate how we can adjust migrate range */
/home/manan/Aira-Octave/linux-7.2.2/lib/tests/test_bits.c:29:/* FIXME: add a test case written in asm for GENMASK() and GENMASK_ULL() */
/home/manan/Aira-Octave/linux-7.2.2/lib/tests/printf_kunit.c:162:	test("xxx%yyy", "xxx%cyyy", '%');
/home/manan/Aira-Octave/linux-7.2.2/lib/tests/printf_kunit.c:163:	__test(kunittest, __FILE__, __LINE__, "xxx\0yyy", 7, "xxx%cyyy", '\0');
/home/manan/Aira-Octave/linux-7.2.2/lib/.glob.o.cmd:368:    $(wildcard include/config/HAVE_JUMP_LABEL_HACK) \
/home/manan/Aira-Octave/linux-7.2.2/lib/crc/.crc-ccitt.o.cmd:369:    $(wildcard include/config/HAVE_JUMP_LABEL_HACK) \
/home/manan/Aira-Octave/linux-7.2.2/lib/.assoc_array.o.cmd:253:    $(wildcard include/config/HAVE_JUMP_LABEL_HACK) \
/home/manan/Aira-Octave/linux-7.2.2/lib/math/div64.c:133: * by the book 'Hacker's Delight'.  The original source and full proof
/home/manan/Aira-Octave/linux-7.2.2/lib/math/div64.c:136: * 'http://www.hackersdelight.org/hdcodetxt/divDouble.c.txt'
/home/manan/Aira-Octave/linux-7.2.2/lib/sys_info.c:34:/* Expecting string like "xxx_sys_info=tasks,mem,timers,locks,ftrace,..." */
/home/manan/Aira-Octave/linux-7.2.2/lib/.bug.o.cmd:368:    $(wildcard include/config/HAVE_JUMP_LABEL_HACK) \
/home/manan/Aira-Octave/linux-7.2.2/lib/xz/xz_dec_lzma2.c:811:	 * All probabilities are initialized to the same value. This hack
/home/manan/Aira-Octave/linux-7.2.2/lib/decompress_unxz.c:170: * FIXME: Not all basic memory functions are provided in architecture-specific
/home/manan/Aira-Octave/linux-7.2.2/lib/xarray.c:1050:	/* XXX: no support for splitting really large entries yet */
/home/manan/Aira-Octave/linux-7.2.2/lib/uuid.c:83: *	xxxxxxxx-xxxx-xxxx-xxxx-xxxxxxxxxxxx
/home/manan/Aira-Octave/linux-7.2.2/lib/raid/raid6/int.uc:46: * specially optimized using architecture-specific hacks.
/home/manan/Aira-Octave/linux-7.2.2/lib/raid/xor/sparc/xor-sparc64-glue.c:29:/* XXX Ugh, write cheetah versions... -DaveM */
/home/manan/Aira-Octave/linux-7.2.2/lib/.oid_registry.o.cmd:368:    $(wildcard include/config/HAVE_JUMP_LABEL_HACK) \
/home/manan/Aira-Octave/linux-7.2.2/lib/lzo/.lzo1x_compress.o.cmd:369:    $(wildcard include/config/HAVE_JUMP_LABEL_HACK) \
/home/manan/Aira-Octave/linux-7.2.2/lib/lzo/.lzo1x_compress_safe.o.cmd:370:    $(wildcard include/config/HAVE_JUMP_LABEL_HACK) \
/home/manan/Aira-Octave/linux-7.2.2/lib/vsprintf.c:90:		/* FIXME */
/home/manan/Aira-Octave/linux-7.2.2/lib/vsprintf.c:1501:	char ip6_addr[sizeof("xxxx:xxxx:xxxx:xxxx:xxxx:xxxx:255.255.255.255")];
/home/manan/Aira-Octave/linux-7.2.2/lib/vsprintf.c:1527:	char ip6_addr[sizeof("[xxxx:xxxx:xxxx:xxxx:xxxx:xxxx:255.255.255.255]") +
/home/manan/Aira-Octave/linux-7.2.2/lib/vsprintf.c:2201:	char tbuf[sizeof("xxxx") + 1];
/home/manan/Aira-Octave/linux-7.2.2/lib/vsprintf.c:2449: *       "xxxxxxxx-xxxx-xxxx-xxxx-xxxxxxxxxxxx"
/home/manan/Aira-Octave/linux-7.2.2/lib/ubsan.c:25: * The mappings of struct SanitizerKind (the -fsanitize=xxx args) to
/home/manan/Aira-Octave/linux-7.2.2/lib/btree.c:396:			/* FIXME: If the right-most key on higher levels is
/home/manan/Aira-Octave/linux-7.2.2/lib/btree.c:652:	/* TODO: This needs some optimizations.  Currently we do three tree
/home/manan/Aira-Octave/linux-7.2.2/lib/.stackdepot.o.cmd:368:    $(wildcard include/config/HAVE_JUMP_LABEL_HACK) \
/home/manan/Aira-Octave/linux-7.2.2/lib/zstd/compress/zstd_lazy.c:1288:        /* TODO: Measure and potentially add prefetching to DMS */
/home/manan/Aira-Octave/linux-7.2.2/lib/zstd/compress/zstd_lazy.c:1343: * TODO: The start of the search function involves loading and calculating a
/home/manan/Aira-Octave/linux-7.2.2/lib/zstd/compress/zstd_lazy.c:1349: * TODO: Move the match re-winding into searchMax. This improves compression
/home/manan/Aira-Octave/linux-7.2.2/lib/zstd/compress/zstd_lazy.c:1350: * ratio, and unlocks further simplifications with the next TODO.
/home/manan/Aira-Octave/linux-7.2.2/lib/zstd/compress/zstd_lazy.c:1352: * TODO: Try moving the repcode search into searchMax. After the re-winding
/home/manan/Aira-Octave/linux-7.2.2/lib/zstd/compress/zstd_ldm.c:572:         * TODO: * Test the chunk size.
/home/manan/Aira-Octave/linux-7.2.2/lib/zstd/compress/huf_compress.c:474:             * TODO.
/home/manan/Aira-Octave/linux-7.2.2/lib/zstd/compress/zstd_compress.c:2149:            /* TODO: avoid memset? */
/home/manan/Aira-Octave/linux-7.2.2/lib/zstd/compress/zstd_compress.c:2184:            /* TODO: avoid memset? */
/home/manan/Aira-Octave/linux-7.2.2/lib/zstd/compress/zstd_compress.c:3185:    /* TODO: See 3090. We reduced MIN_CBLOCK_SIZE from 3 to 2 so to compensate we are adding
/home/manan/Aira-Octave/linux-7.2.2/lib/zstd/compress/zstd_compress.c:4535:        /* TODO: See 3090. We reduced MIN_CBLOCK_SIZE from 3 to 2 so to compensate we are adding
/home/manan/Aira-Octave/linux-7.2.2/lib/zstd/compress/zstd_compress.c:6553:    /* TODO(embg) support fast parsing mode in noBlockDelim mode */
/home/manan/Aira-Octave/linux-7.2.2/lib/zstd/compress/zstd_compress.c:6778:        /* TODO: See 3090. We reduced MIN_CBLOCK_SIZE from 3 to 2 so to compensate we are adding
/home/manan/Aira-Octave/linux-7.2.2/lib/zstd/decompress/huf_decompress.c:1282:                /* ugly hack; works only because it's the last symbol. Note : can't easily extract nbBits from just this symbol */
/home/manan/Aira-Octave/linux-7.2.2/lib/zstd/decompress/zstd_decompress_block.c:1239:     * ZSTD_memcpy hack.
/home/manan/Aira-Octave/linux-7.2.2/lib/.genalloc.o.cmd:296:    $(wildcard include/config/HAVE_JUMP_LABEL_HACK) \
/home/manan/Aira-Octave/linux-7.2.2/lib/bch.c:251:	 * xxxxxxxx  yyyyyyyy  zzzzzzzz  tttttttt
/home/manan/Aira-Octave/linux-7.2.2/lib/bch.c:255:	 * xxxxxxxx  00000000  00000000  00000000  mod g = r3 (precomputed)
/home/manan/Aira-Octave/linux-7.2.2/lib/bch.c:256:	 * xxxxxxxx  yyyyyyyy  zzzzzzzz  tttttttt  mod g = r0^r1^r2^r3
/home/manan/Aira-Octave/linux-7.2.2/lib/bch.c:318:	 * http://www-graphics.stanford.edu/~seander/bithacks.html
/home/manan/Aira-Octave/linux-7.2.2/lib/.dump_stack.o.cmd:434:    $(wildcard include/config/HAVE_JUMP_LABEL_HACK) \
/home/manan/Aira-Octave/linux-7.2.2/lib/kunit/kunit-test.c:369: * TODO(brendanhiggins@google.com): replace the arrays that keep track of the
/home/manan/Aira-Octave/linux-7.2.2/lib/kunit/executor.c:306:	/* Hack: print a ktap header so kunit.py can find the start of KUnit output. */
/home/manan/Aira-Octave/linux-7.2.2/lib/kunit/test.c:313:	 * XXX: we should never reach this line! As kunit_try_catch_throw is
/home/manan/Aira-Octave/linux-7.2.2/lib/kunit/test.c:462: * XXX: Should ONLY BE CALLED AFTER kunit_run_case_internal!
/home/manan/Aira-Octave/linux-7.2.2/lib/kunit/test.c:701:	/* TODO: Make generate_params try-catch */
/home/manan/Aira-Octave/linux-7.2.2/lib/kunit/test.c:744:	 * TODO: Put into a try catch. Since we don't need suite->exit
/home/manan/Aira-Octave/linux-7.2.2/lib/kunit/test.c:749:	/* TODO: Put this kunit_cleanup into a try-catch. */
/home/manan/Aira-Octave/linux-7.2.2/lib/kunit/Kconfig:57:	  is intended for curious hackers who would like to understand how to
/home/manan/Aira-Octave/linux-7.2.2/lib/crypto/.hash_info.o.cmd:126:    $(wildcard include/config/HAVE_JUMP_LABEL_HACK) \
/home/manan/Aira-Octave/linux-7.2.2/lib/crypto/.arc4.o.cmd:369:    $(wildcard include/config/HAVE_JUMP_LABEL_HACK) \
/home/manan/Aira-Octave/linux-7.2.2/lib/crypto/.utils.o.cmd:373:    $(wildcard include/config/HAVE_JUMP_LABEL_HACK) \
/home/manan/Aira-Octave/linux-7.2.2/lib/crypto/.memneq.o.cmd:373:    $(wildcard include/config/HAVE_JUMP_LABEL_HACK) \
/home/manan/Aira-Octave/linux-7.2.2/lib/crypto/.gf128hash.o.cmd:115:    $(wildcard include/config/HAVE_JUMP_LABEL_HACK) \
/home/manan/Aira-Octave/linux-7.2.2/lib/crypto/.aes.o.cmd:255:    $(wildcard include/config/HAVE_JUMP_LABEL_HACK) \
/home/manan/Aira-Octave/linux-7.2.2/lib/crypto/.sha512.o.cmd:391:    $(wildcard include/config/HAVE_JUMP_LABEL_HACK) \
/home/manan/Aira-Octave/linux-7.2.2/lib/crypto/arm/chacha.h:86:		unsigned int todo = min_t(unsigned int, bytes, SZ_4K);
/home/manan/Aira-Octave/linux-7.2.2/lib/crypto/arm/chacha.h:89:			chacha_doneon(state, dst, src, todo, nrounds);
/home/manan/Aira-Octave/linux-7.2.2/lib/crypto/arm/chacha.h:91:		bytes -= todo;
/home/manan/Aira-Octave/linux-7.2.2/lib/crypto/arm/chacha.h:92:		src += todo;
/home/manan/Aira-Octave/linux-7.2.2/lib/crypto/arm/chacha.h:93:		dst += todo;
/home/manan/Aira-Octave/linux-7.2.2/lib/crypto/arm/poly1305.h:32:			unsigned int todo = min_t(unsigned int, len, SZ_4K);
/home/manan/Aira-Octave/linux-7.2.2/lib/crypto/arm/poly1305.h:35:				poly1305_blocks_neon(state, src, todo, padbit);
/home/manan/Aira-Octave/linux-7.2.2/lib/crypto/arm/poly1305.h:37:			len -= todo;
/home/manan/Aira-Octave/linux-7.2.2/lib/crypto/arm/poly1305.h:38:			src += todo;
/home/manan/Aira-Octave/linux-7.2.2/lib/crypto/.md5.o.cmd:250:    $(wildcard include/config/HAVE_JUMP_LABEL_HACK) \
/home/manan/Aira-Octave/linux-7.2.2/lib/crypto/mpi/.mpi-mod.o.cmd:369:    $(wildcard include/config/HAVE_JUMP_LABEL_HACK) \
/home/manan/Aira-Octave/linux-7.2.2/lib/crypto/mpi/.mpi-bit.o.cmd:369:    $(wildcard include/config/HAVE_JUMP_LABEL_HACK) \
/home/manan/Aira-Octave/linux-7.2.2/lib/crypto/mpi/.generic_mpih-sub1.o.cmd:369:    $(wildcard include/config/HAVE_JUMP_LABEL_HACK) \
/home/manan/Aira-Octave/linux-7.2.2/lib/crypto/mpi/.mpih-cmp.o.cmd:369:    $(wildcard include/config/HAVE_JUMP_LABEL_HACK) \
/home/manan/Aira-Octave/linux-7.2.2/lib/crypto/mpi/.generic_mpih-mul3.o.cmd:369:    $(wildcard include/config/HAVE_JUMP_LABEL_HACK) \
/home/manan/Aira-Octave/linux-7.2.2/lib/crypto/mpi/.mpi-mul.o.cmd:369:    $(wildcard include/config/HAVE_JUMP_LABEL_HACK) \
/home/manan/Aira-Octave/linux-7.2.2/lib/crypto/mpi/.generic_mpih-mul2.o.cmd:369:    $(wildcard include/config/HAVE_JUMP_LABEL_HACK) \
/home/manan/Aira-Octave/linux-7.2.2/lib/crypto/mpi/.mpi-cmp.o.cmd:369:    $(wildcard include/config/HAVE_JUMP_LABEL_HACK) \
/home/manan/Aira-Octave/linux-7.2.2/lib/crypto/mpi/.mpih-mul.o.cmd:107:    $(wildcard include/config/HAVE_JUMP_LABEL_HACK) \
/home/manan/Aira-Octave/linux-7.2.2/lib/crypto/mpi/.mpiutil.o.cmd:369:    $(wildcard include/config/HAVE_JUMP_LABEL_HACK) \
/home/manan/Aira-Octave/linux-7.2.2/lib/crypto/mpi/.mpi-pow.o.cmd:411:    $(wildcard include/config/HAVE_JUMP_LABEL_HACK) \
/home/manan/Aira-Octave/linux-7.2.2/lib/crypto/mpi/mpi-pow.c:40:	/* fixme: we should check that the warning is void */
/home/manan/Aira-Octave/linux-7.2.2/lib/crypto/mpi/.mpi-sub-ui.o.cmd:369:    $(wildcard include/config/HAVE_JUMP_LABEL_HACK) \
/home/manan/Aira-Octave/linux-7.2.2/lib/crypto/mpi/.generic_mpih-rshift.o.cmd:369:    $(wildcard include/config/HAVE_JUMP_LABEL_HACK) \
/home/manan/Aira-Octave/linux-7.2.2/lib/crypto/mpi/.mpi-add.o.cmd:369:    $(wildcard include/config/HAVE_JUMP_LABEL_HACK) \
/home/manan/Aira-Octave/linux-7.2.2/lib/crypto/mpi/.mpi-div.o.cmd:369:    $(wildcard include/config/HAVE_JUMP_LABEL_HACK) \
/home/manan/Aira-Octave/linux-7.2.2/lib/crypto/mpi/.mpicoder.o.cmd:227:    $(wildcard include/config/HAVE_JUMP_LABEL_HACK) \
/home/manan/Aira-Octave/linux-7.2.2/lib/crypto/mpi/.generic_mpih-mul1.o.cmd:369:    $(wildcard include/config/HAVE_JUMP_LABEL_HACK) \
/home/manan/Aira-Octave/linux-7.2.2/lib/crypto/mpi/.generic_mpih-lshift.o.cmd:369:    $(wildcard include/config/HAVE_JUMP_LABEL_HACK) \
/home/manan/Aira-Octave/linux-7.2.2/lib/crypto/mpi/.mpih-div.o.cmd:369:    $(wildcard include/config/HAVE_JUMP_LABEL_HACK) \
/home/manan/Aira-Octave/linux-7.2.2/lib/crypto/mpi/.generic_mpih-add1.o.cmd:369:    $(wildcard include/config/HAVE_JUMP_LABEL_HACK) \
/home/manan/Aira-Octave/linux-7.2.2/lib/crypto/x86/chacha.h:147:		unsigned int todo = min_t(unsigned int, bytes, SZ_4K);
/home/manan/Aira-Octave/linux-7.2.2/lib/crypto/x86/chacha.h:150:		chacha_dosimd(state, dst, src, todo, nrounds);
/home/manan/Aira-Octave/linux-7.2.2/lib/crypto/x86/chacha.h:153:		bytes -= todo;
/home/manan/Aira-Octave/linux-7.2.2/lib/crypto/x86/chacha.h:154:		src += todo;
/home/manan/Aira-Octave/linux-7.2.2/lib/crypto/x86/chacha.h:155:		dst += todo;
/home/manan/Aira-Octave/linux-7.2.2/lib/crypto/powerpc/chacha.h:59:		unsigned int todo = min_t(unsigned int, bytes, SZ_4K);
/home/manan/Aira-Octave/linux-7.2.2/lib/crypto/powerpc/chacha.h:62:		chacha_p10_do_8x(state, dst, src, todo, nrounds);
/home/manan/Aira-Octave/linux-7.2.2/lib/crypto/powerpc/chacha.h:65:		bytes -= todo;
/home/manan/Aira-Octave/linux-7.2.2/lib/crypto/powerpc/chacha.h:66:		src += todo;
/home/manan/Aira-Octave/linux-7.2.2/lib/crypto/powerpc/chacha.h:67:		dst += todo;
/home/manan/Aira-Octave/linux-7.2.2/lib/crypto/powerpc/aes-spe-modes.S:36:#define NEXT_BLOCK			/* nothing todo			*/
/home/manan/Aira-Octave/linux-7.2.2/lib/test_kmod.c:282: * XXX: add result option to display if all errors did not match.
/home/manan/Aira-Octave/linux-7.2.2/lib/test_kmod.c:604: * XXX: move to kstrncpy() once merged.
/home/manan/Aira-Octave/linux-7.2.2/lib/.asn1_decoder.o.cmd:387:    $(wildcard include/config/HAVE_JUMP_LABEL_HACK) \
/home/manan/Aira-Octave/linux-7.2.2/lib/test_bitmap.c:1248: * FIXME: Clang breaks compile-time evaluations when KASAN and GCOV are enabled.
/home/manan/Aira-Octave/linux-7.2.2/lib/.interval_tree.o.cmd:258:    $(wildcard include/config/HAVE_JUMP_LABEL_HACK) \
/home/manan/Aira-Octave/linux-7.2.2/lib/lz4/.lz4_compress.o.cmd:223:    $(wildcard include/config/HAVE_JUMP_LABEL_HACK) \
/home/manan/Aira-Octave/linux-7.2.2/lib/decompress_inflate.c:146:			/* TODO: handle case where both pos and fill are set */
/home/manan/Aira-Octave/linux-7.2.2/lib/Makefile:90:# FIXME: Clang breaks test_bitmap_const_eval when KASAN and GCOV are enabled
/home/manan/Aira-Octave/linux-7.2.2/lib/Kconfig.debug:2:menu "Kernel hacking"
/home/manan/Aira-Octave/linux-7.2.2/lib/Kconfig.debug:476:	  that look like '.Lxxx') so they don't pollute the output of
/home/manan/Aira-Octave/linux-7.2.2/lib/Kconfig.debug:677:	  Don't say Y unless you really know what this hack does.
/home/manan/Aira-Octave/linux-7.2.2/lib/Kconfig.debug:978:	  # echo offline > /sys/devices/system/memory/memoryXXX/state
/home/manan/Aira-Octave/linux-7.2.2/lib/Kconfig.debug:2216:	depends on !ARCH_WANTS_NO_INSTR || HAVE_NOINSTR_HACK || \
/home/manan/Aira-Octave/linux-7.2.2/lib/Kconfig.debug:2219:	select OBJTOOL if HAVE_NOINSTR_HACK
/home/manan/Aira-Octave/linux-7.2.2/lib/Kconfig.debug:3566:menu "Rust hacking"
/home/manan/Aira-Octave/linux-7.2.2/lib/Kconfig.debug:3646:endmenu # Kernel hacking
/home/manan/Aira-Octave/linux-7.2.2/lib/.check_signature.o.cmd:123:    $(wildcard include/config/HAVE_JUMP_LABEL_HACK) \
/home/manan/Aira-Octave/linux-7.2.2/lib/test_firmware.c:210: * XXX: move to kstrncpy() once merged.
/home/manan/Aira-Octave/linux-7.2.2/LICENSES/preferred/BSD-3-Clause-Clear:12:Copyright (c) [xxxx]-[xxxx] [Owner Organization]
/home/manan/Aira-Octave/linux-7.2.2/LICENSES/preferred/LGPL-2.0:481:by James Random Hacker.
/home/manan/Aira-Octave/linux-7.2.2/LICENSES/preferred/LGPL-2.1:505:by James Random Hacker.
/home/manan/Aira-Octave/linux-7.2.2/LICENSES/preferred/GPL-2.0:348:  `Gnomovision' (which makes passes at compilers) written by James Hacker.
/home/manan/Aira-Octave/linux-7.2.2/LICENSES/deprecated/GPL-1.0:255:  at assemblers) written by James Hacker.
/home/manan/Aira-Octave/linux-7.2.2/.config.pre-foundation-20260830-082619:861:CONFIG_HAVE_JUMP_LABEL_HACK=y
/home/manan/Aira-Octave/linux-7.2.2/.config.pre-foundation-20260830-082619:862:CONFIG_HAVE_NOINSTR_HACK=y
/home/manan/Aira-Octave/linux-7.2.2/.config.pre-foundation-20260830-082619:1801:# CONFIG_BLK_DEV_3W_XXXX_RAID is not set
/home/manan/Aira-Octave/linux-7.2.2/.config.pre-foundation-20260830-082619:1803:# CONFIG_SCSI_3W_9XXX is not set
/home/manan/Aira-Octave/linux-7.2.2/.config.pre-foundation-20260830-082619:1807:# CONFIG_SCSI_AIC7XXX is not set
/home/manan/Aira-Octave/linux-7.2.2/.config.pre-foundation-20260830-082619:2176:# CONFIG_QLA3XXX is not set
/home/manan/Aira-Octave/linux-7.2.2/.config.pre-foundation-20260830-082619:2253:# CONFIG_AS21XXX_PHY is not set
/home/manan/Aira-Octave/linux-7.2.2/.config.pre-foundation-20260830-082619:2263:# CONFIG_BCM7XXX_PHY is not set
/home/manan/Aira-Octave/linux-7.2.2/.config.pre-foundation-20260830-082619:2275:# CONFIG_MARVELL_88Q2XXX_PHY is not set
/home/manan/Aira-Octave/linux-7.2.2/.config.pre-foundation-20260830-082619:2411:# CONFIG_RTL8XXXU is not set
/home/manan/Aira-Octave/linux-7.2.2/.config.pre-foundation-20260830-082619:2504:# CONFIG_MOUSE_VSXXXAA is not set
/home/manan/Aira-Octave/linux-7.2.2/.config.pre-foundation-20260830-082619:2561:# CONFIG_TOUCHSCREEN_HYNITRON_CSTXXX is not set
/home/manan/Aira-Octave/linux-7.2.2/.config.pre-foundation-20260830-082619:2684:# CONFIG_SERIAL_8250_PCI1XXXX is not set
/home/manan/Aira-Octave/linux-7.2.2/.config.pre-foundation-20260830-082619:2801:# CONFIG_I2C_PCI1XXXX is not set
/home/manan/Aira-Octave/linux-7.2.2/.config.pre-foundation-20260830-082619:2870:# CONFIG_IP5XXX_POWER is not set
/home/manan/Aira-Octave/linux-7.2.2/.config.pre-foundation-20260830-082619:2882:# CONFIG_BATTERY_BQ27XXX is not set
/home/manan/Aira-Octave/linux-7.2.2/.config.pre-foundation-20260830-082619:3222:# CONFIG_MFD_MC13XXX_I2C is not set
/home/manan/Aira-Octave/linux-7.2.2/.config.pre-foundation-20260830-082619:4969:# CONFIG_CRYPTO_DEV_QAT_C3XXX is not set
/home/manan/Aira-Octave/linux-7.2.2/.config.pre-foundation-20260830-082619:4971:# CONFIG_CRYPTO_DEV_QAT_4XXX is not set
/home/manan/Aira-Octave/linux-7.2.2/.config.pre-foundation-20260830-082619:4973:# CONFIG_CRYPTO_DEV_QAT_6XXX is not set
/home/manan/Aira-Octave/linux-7.2.2/.config.pre-foundation-20260830-082619:4975:# CONFIG_CRYPTO_DEV_QAT_C3XXXVF is not set
/home/manan/Aira-Octave/linux-7.2.2/.config.pre-foundation-20260830-082619:5123:# Kernel hacking
/home/manan/Aira-Octave/linux-7.2.2/.config.pre-foundation-20260830-082619:5467:# Rust hacking
/home/manan/Aira-Octave/linux-7.2.2/.config.pre-foundation-20260830-082619:5469:# end of Rust hacking
/home/manan/Aira-Octave/linux-7.2.2/.config.pre-foundation-20260830-082619:5470:# end of Kernel hacking
/home/manan/Aira-Octave/linux-7.2.2/.config.old:679:CONFIG_HAVE_JUMP_LABEL_HACK=y
/home/manan/Aira-Octave/linux-7.2.2/.config.old:680:CONFIG_HAVE_NOINSTR_HACK=y
/home/manan/Aira-Octave/linux-7.2.2/.config.old:1310:# CONFIG_MOUSE_VSXXXAA is not set
/home/manan/Aira-Octave/linux-7.2.2/.config.old:1364:# CONFIG_SERIAL_8250_PCI1XXXX is not set
/home/manan/Aira-Octave/linux-7.2.2/.config.old:1447:# CONFIG_BATTERY_BQ27XXX is not set
/home/manan/Aira-Octave/linux-7.2.2/.config.old:1547:# CONFIG_FB_S1D13XXX is not set
/home/manan/Aira-Octave/linux-7.2.2/.config.old:2237:# Kernel hacking
/home/manan/Aira-Octave/linux-7.2.2/.config.old:2472:# Rust hacking
/home/manan/Aira-Octave/linux-7.2.2/.config.old:2474:# end of Rust hacking
/home/manan/Aira-Octave/linux-7.2.2/.config.old:2475:# end of Kernel hacking
/home/manan/Aira-Octave/linux-7.2.2/sound/sound_core.c:97: *	FIXME: we have to resolve modules and fine grained load/unload
/home/manan/Aira-Octave/linux-7.2.2/sound/firewire/bebob/bebob_maudio.c:668:/* TODO: need testers. these positions are based on authour's assumption */
/home/manan/Aira-Octave/linux-7.2.2/sound/firewire/bebob/bebob_stream.c:533:	// TODO: This can be removed hwdep functionality becomes popular.
/home/manan/Aira-Octave/linux-7.2.2/sound/firewire/oxfw/oxfw-stream.c:264:	// TODO: This can be removed hwdep functionality becomes popular.
/home/manan/Aira-Octave/linux-7.2.2/sound/firewire/fireworks/fireworks_stream.c:193:	// TODO: This can be removed hwdep functionality becomes popular.
/home/manan/Aira-Octave/linux-7.2.2/sound/firewire/fireface/ff.h:110:	/* TODO: perhaps TCO exists. */
/home/manan/Aira-Octave/linux-7.2.2/sound/firewire/fireface/ff-protocol-former.c:513:	// TODO: investigate the purpose of this 0x80.
/home/manan/Aira-Octave/linux-7.2.2/sound/firewire/motu/amdtp-motu.c:194:	/* TODO: how to set an constraint for exactly 24bit PCM sample? */
/home/manan/Aira-Octave/linux-7.2.2/sound/firewire/tascam/tascam-midi.c:102:		/* TODO: support virtual MIDI ports. */
/home/manan/Aira-Octave/linux-7.2.2/sound/firewire/tascam/tascam-transaction.c:267:		/* TODO: support virtual MIDI ports. */
/home/manan/Aira-Octave/linux-7.2.2/sound/isa/es18xx.c:1950:	/* ok. hack using Vendor-Defined Card-Level registers */
/home/manan/Aira-Octave/linux-7.2.2/sound/isa/sscape.c:102:#define CMD_XXX_MIDI_VOL	0x86
/home/manan/Aira-Octave/linux-7.2.2/sound/isa/sscape.c:600:		  host_write_ctrl_unsafe(sscape->io_base, CMD_XXX_MIDI_VOL, 100) &&
/home/manan/Aira-Octave/linux-7.2.2/sound/isa/sscape.c:666:		 && host_write_ctrl_unsafe(s->io_base, CMD_XXX_MIDI_VOL, 100)
/home/manan/Aira-Octave/linux-7.2.2/sound/isa/gus/gus_mem.c:180:				/* TODO: remove in the future */
/home/manan/Aira-Octave/linux-7.2.2/sound/isa/sb/sb16.c:204:	{ .id = "CTLXXXX" , .devs = { { "CTL0031" }, { "CTL0021" } } },
/home/manan/Aira-Octave/linux-7.2.2/sound/isa/sb/sb16.c:205:	{ .id = "CTLXXXX" , .devs = { { "CTL0041" }, { "CTL0021" } } },
/home/manan/Aira-Octave/linux-7.2.2/sound/isa/sb/sb16.c:206:	{ .id = "CTLXXXX" , .devs = { { "CTL0042" }, { "CTL0022" } } },
/home/manan/Aira-Octave/linux-7.2.2/sound/isa/sb/sb16.c:207:	{ .id = "CTLXXXX" , .devs = { { "CTL0044" }, { "CTL0023" } } },
/home/manan/Aira-Octave/linux-7.2.2/sound/isa/sb/sb16.c:208:	{ .id = "CTLXXXX" , .devs = { { "CTL0045" }, { "CTL0022" } } },
/home/manan/Aira-Octave/linux-7.2.2/sound/isa/sb/sb16_csp.c:411:				/* TODO: Text2Speech handling routines */
/home/manan/Aira-Octave/linux-7.2.2/sound/isa/sb/sb16_main.c:497:		/* Vibra16X hack */
/home/manan/Aira-Octave/linux-7.2.2/sound/isa/sb/sb16_main.c:565:		/* Vibra16X hack */
/home/manan/Aira-Octave/linux-7.2.2/sound/isa/sb/sb_mixer.c:635:	/* FIXME: functionality of 3D controls might be swapped, I didn't find
/home/manan/Aira-Octave/linux-7.2.2/sound/isa/sb/sb_mixer.c:638:	/* FIXME: maybe there's actually some standard 3D ctrl name for it?? */
/home/manan/Aira-Octave/linux-7.2.2/sound/isa/sb/sb_mixer.c:640:	/* FIXME: ALS4000a.pdf mentions BBD (Bucket Brigade Device) time delay,
/home/manan/Aira-Octave/linux-7.2.2/sound/isa/sb/emu8000_callback.c:165:		best[i].time = (unsigned int)(-1); /* XXX MAX_?INT really */
/home/manan/Aira-Octave/linux-7.2.2/sound/isa/wavefront/wavefront_midi.c:137:		/* XXX fix me - no hard timing loops allowed! */
/home/manan/Aira-Octave/linux-7.2.2/sound/isa/wavefront/wavefront_midi.c:175:		/* XXX fix me - no hard timing loops allowed! */
/home/manan/Aira-Octave/linux-7.2.2/sound/isa/wavefront/wavefront_midi.c:518:	/* XXX fix me - no hard timing loops allowed! */
/home/manan/Aira-Octave/linux-7.2.2/sound/isa/wavefront/wavefront_midi.c:557:		/* XXX error ? */
/home/manan/Aira-Octave/linux-7.2.2/sound/isa/wavefront/wavefront_synth.c:54:/* XXX this needs to be made firmware and hardware version dependent */
/home/manan/Aira-Octave/linux-7.2.2/sound/isa/wavefront/wavefront_synth.c:193:	   There is a hack in snd_wavefront_cmd() to support this. The actual
/home/manan/Aira-Octave/linux-7.2.2/sound/isa/wavefront/wavefront_synth.c:200:	/* This one is a hack as well. We just read the first byte of the
/home/manan/Aira-Octave/linux-7.2.2/sound/isa/wavefront/wavefront_synth.c:349:	/* Hack to handle the one variable-size write command. See
/home/manan/Aira-Octave/linux-7.2.2/sound/isa/wavefront/wavefront_synth.c:823:	/* XXX need to zero existing SLOT_USED bit for program_status[i]
/home/manan/Aira-Octave/linux-7.2.2/sound/isa/wavefront/wavefront_synth.c:832:			/* XXX need to mark SLOT_USED for sample used by
/home/manan/Aira-Octave/linux-7.2.2/sound/isa/wavefront/wavefront_synth.c:915:		/* XXX it's a debatable point whether or not RDONLY semantics
/home/manan/Aira-Octave/linux-7.2.2/sound/isa/wavefront/wavefront_synth.c:1245:	/* Need a hack here to pass in the number of bytes
/home/manan/Aira-Octave/linux-7.2.2/sound/isa/wavefront/wavefront_synth.c:1991:	   XXX Interesting question: why is no RX interrupt received first ?
/home/manan/Aira-Octave/linux-7.2.2/sound/isa/wavefront/wavefront_synth.c:2234:		/* XXX is this always true ? */
/home/manan/Aira-Octave/linux-7.2.2/sound/isa/Kconfig:71:	tristate "Diamond Tech. DT-019x and Avance Logic ALSxxx"
/home/manan/Aira-Octave/linux-7.2.2/sound/isa/Kconfig:391:# select SEQ stuff to min(SND_SEQUENCER,SND_XXX)
/home/manan/Aira-Octave/linux-7.2.2/sound/pci/es1968.c:11: *  TODO:
/home/manan/Aira-Octave/linux-7.2.2/sound/pci/es1968.c:439:/* DMA Hack! */
/home/manan/Aira-Octave/linux-7.2.2/sound/pci/es1968.c:871:#if 0 /* XXX: do we need this? */ 
/home/manan/Aira-Octave/linux-7.2.2/sound/pci/es1968.c:2148:	/* XXX huh?  claims to be reserved.. */
/home/manan/Aira-Octave/linux-7.2.2/sound/pci/es1968.c:2161:	/* XXX how do we know which to use? */
/home/manan/Aira-Octave/linux-7.2.2/sound/pci/lx6464es/lx_core.h:89:	u16	dsp_stat;	/* status type, RMP_SSIZE_XXX */
/home/manan/Aira-Octave/linux-7.2.2/sound/pci/lx6464es/lx6464es.c:550:	/* todo: add some error handling? */
/home/manan/Aira-Octave/linux-7.2.2/sound/pci/lx6464es/lx6464es.c:724:	/** \todo the mac address should be ready by not, but it isn't,
/home/manan/Aira-Octave/linux-7.2.2/sound/pci/lx6464es/lx_core.c:367:	/* todo: endianess handling */
/home/manan/Aira-Octave/linux-7.2.2/sound/pci/lx6464es/lx_core.c:717:	/* todo: pause request, circular buffer */
/home/manan/Aira-Octave/linux-7.2.2/sound/pci/lx6464es/lx_core.c:788: * \todo: can we unmute capture/playback channels independently?
/home/manan/Aira-Octave/linux-7.2.2/sound/pci/lx6464es/lx_core.c:960:	/* todo: handle xrun notification */
/home/manan/Aira-Octave/linux-7.2.2/sound/pci/es1938.c:12: *  TODO:
/home/manan/Aira-Octave/linux-7.2.2/sound/pci/azt3328.h:110:/** DirectX timer, main interrupt area (FIXME: and something else?) **/ 
/home/manan/Aira-Octave/linux-7.2.2/sound/pci/azt3328.h:153:/* this WORD can be set to have bits 0x0028 activated (FIXME: correct??);
/home/manan/Aira-Octave/linux-7.2.2/sound/pci/azt3328.h:265:  /* FIXME: these values might be reversed... */
/home/manan/Aira-Octave/linux-7.2.2/sound/pci/ice1712/hoontech.c:258:static void stdsp24_ak4524_lock(struct snd_akm4xxx *ak, int chip)
/home/manan/Aira-Octave/linux-7.2.2/sound/pci/ice1712/hoontech.c:274:	static const struct snd_akm4xxx akm_stdsp24_mv = {
/home/manan/Aira-Octave/linux-7.2.2/sound/pci/ice1712/hoontech.c:283:	static const struct snd_ak4xxx_private akm_stdsp24_mv_priv = {
/home/manan/Aira-Octave/linux-7.2.2/sound/pci/ice1712/hoontech.c:295:	struct snd_akm4xxx *ak;
/home/manan/Aira-Octave/linux-7.2.2/sound/pci/ice1712/hoontech.c:304:	ak = ice->akm = kmalloc_obj(struct snd_akm4xxx);
/home/manan/Aira-Octave/linux-7.2.2/sound/pci/ice1712/hoontech.c:309:	err = snd_ice1712_akm4xxx_init(ak, &akm_stdsp24_mv, &akm_stdsp24_mv_priv, ice);
/home/manan/Aira-Octave/linux-7.2.2/sound/pci/ice1712/hoontech.c:314:	return snd_ice1712_akm4xxx_build_controls(ice);
/home/manan/Aira-Octave/linux-7.2.2/sound/pci/ice1712/quartet.c:257:static void qtet_akm_write(struct snd_akm4xxx *ak, int chip,
/home/manan/Aira-Octave/linux-7.2.2/sound/pci/ice1712/quartet.c:319:static void qtet_akm_set_regs(struct snd_akm4xxx *ak, unsigned char addr,
/home/manan/Aira-Octave/linux-7.2.2/sound/pci/ice1712/quartet.c:325:		tmp = snd_akm4xxx_get(ak, chip, addr);
/home/manan/Aira-Octave/linux-7.2.2/sound/pci/ice1712/quartet.c:330:		snd_akm4xxx_write(ak, chip, addr, tmp);
/home/manan/Aira-Octave/linux-7.2.2/sound/pci/ice1712/quartet.c:337:static void qtet_akm_set_rate_val(struct snd_akm4xxx *ak, unsigned int rate)
/home/manan/Aira-Octave/linux-7.2.2/sound/pci/ice1712/quartet.c:365:static const struct snd_akm4xxx_dac_channel qtet_dac[] = {
/home/manan/Aira-Octave/linux-7.2.2/sound/pci/ice1712/quartet.c:370:static const struct snd_akm4xxx_adc_channel qtet_adc[] = {
/home/manan/Aira-Octave/linux-7.2.2/sound/pci/ice1712/quartet.c:375:static const struct snd_akm4xxx akm_qtet_dac = {
/home/manan/Aira-Octave/linux-7.2.2/sound/pci/ice1712/quartet.c:520:		struct snd_akm4xxx *ak = ice->akm;
/home/manan/Aira-Octave/linux-7.2.2/sound/pci/ice1712/quartet.c:773:	err = snd_ice1712_akm4xxx_build_controls(ice);
/home/manan/Aira-Octave/linux-7.2.2/sound/pci/ice1712/quartet.c:965:	struct snd_akm4xxx *ak;
/home/manan/Aira-Octave/linux-7.2.2/sound/pci/ice1712/quartet.c:1008:	ice->akm = kzalloc_objs(struct snd_akm4xxx, 2);
/home/manan/Aira-Octave/linux-7.2.2/sound/pci/ice1712/quartet.c:1014:	err = snd_ice1712_akm4xxx_init(ak, &akm_qtet_dac, NULL, ice);
/home/manan/Aira-Octave/linux-7.2.2/sound/pci/ice1712/juli.c:56: * TODO:
/home/manan/Aira-Octave/linux-7.2.2/sound/pci/ice1712/juli.c:187:static void juli_akm_lock(struct snd_akm4xxx *ak, int chip)
/home/manan/Aira-Octave/linux-7.2.2/sound/pci/ice1712/juli.c:191:static void juli_akm_unlock(struct snd_akm4xxx *ak, int chip)
/home/manan/Aira-Octave/linux-7.2.2/sound/pci/ice1712/juli.c:195:static void juli_akm_write(struct snd_akm4xxx *ak, int chip,
/home/manan/Aira-Octave/linux-7.2.2/sound/pci/ice1712/juli.c:208:static void juli_akm_set_rate_val(struct snd_akm4xxx *ak, unsigned int rate)
/home/manan/Aira-Octave/linux-7.2.2/sound/pci/ice1712/juli.c:245:	tmp = snd_akm4xxx_get(ak, 0, 2);
/home/manan/Aira-Octave/linux-7.2.2/sound/pci/ice1712/juli.c:246:	snd_akm4xxx_reset(ak, 1);
/home/manan/Aira-Octave/linux-7.2.2/sound/pci/ice1712/juli.c:247:	tmp = snd_akm4xxx_get(ak, 0, 2);
/home/manan/Aira-Octave/linux-7.2.2/sound/pci/ice1712/juli.c:250:	snd_akm4xxx_set(ak, 0, 2, tmp);
/home/manan/Aira-Octave/linux-7.2.2/sound/pci/ice1712/juli.c:251:	snd_akm4xxx_reset(ak, 0);
/home/manan/Aira-Octave/linux-7.2.2/sound/pci/ice1712/juli.c:263:static const struct snd_akm4xxx_dac_channel juli_dac[] = {
/home/manan/Aira-Octave/linux-7.2.2/sound/pci/ice1712/juli.c:271:static const struct snd_akm4xxx akm_juli_dac = {
/home/manan/Aira-Octave/linux-7.2.2/sound/pci/ice1712/juli.c:316:			snd_akm4xxx_write(ice->akm, 0, 0x01, 0x01);
/home/manan/Aira-Octave/linux-7.2.2/sound/pci/ice1712/juli.c:327:			snd_akm4xxx_write(ice->akm, 0, 0x01, 0x03);
/home/manan/Aira-Octave/linux-7.2.2/sound/pci/ice1712/juli.c:418:	err = snd_ice1712_akm4xxx_build_controls(ice);
/home/manan/Aira-Octave/linux-7.2.2/sound/pci/ice1712/juli.c:452:	struct snd_akm4xxx *ak = ice->akm;
/home/manan/Aira-Octave/linux-7.2.2/sound/pci/ice1712/juli.c:455:	snd_akm4xxx_reset(ak, 0);
/home/manan/Aira-Octave/linux-7.2.2/sound/pci/ice1712/juli.c:463:	struct snd_akm4xxx *ak = ice->akm;
/home/manan/Aira-Octave/linux-7.2.2/sound/pci/ice1712/juli.c:466:	snd_akm4xxx_reset(ak, 1);
/home/manan/Aira-Octave/linux-7.2.2/sound/pci/ice1712/juli.c:561:	struct snd_akm4xxx *ak;
/home/manan/Aira-Octave/linux-7.2.2/sound/pci/ice1712/juli.c:597:		ice->akm = kzalloc_obj(struct snd_akm4xxx);
/home/manan/Aira-Octave/linux-7.2.2/sound/pci/ice1712/juli.c:602:		err = snd_ice1712_akm4xxx_init(ak, &akm_juli_dac, NULL, ice);
/home/manan/Aira-Octave/linux-7.2.2/sound/pci/ice1712/revo.c:39:static void revo_set_rate_val(struct snd_akm4xxx *ak, unsigned int rate)
/home/manan/Aira-Octave/linux-7.2.2/sound/pci/ice1712/revo.c:62:	tmp = snd_akm4xxx_get(ak, 0, reg);
/home/manan/Aira-Octave/linux-7.2.2/sound/pci/ice1712/revo.c:68:	snd_akm4xxx_reset(ak, 1);
/home/manan/Aira-Octave/linux-7.2.2/sound/pci/ice1712/revo.c:69:	tmp = snd_akm4xxx_get(ak, 0, reg);
/home/manan/Aira-Octave/linux-7.2.2/sound/pci/ice1712/revo.c:72:	/* snd_akm4xxx_write(ak, 0, reg, tmp); */
/home/manan/Aira-Octave/linux-7.2.2/sound/pci/ice1712/revo.c:73:	snd_akm4xxx_set(ak, 0, reg, tmp); /* value is written in reset(0) */
/home/manan/Aira-Octave/linux-7.2.2/sound/pci/ice1712/revo.c:74:	snd_akm4xxx_reset(ak, 0);
/home/manan/Aira-Octave/linux-7.2.2/sound/pci/ice1712/revo.c:184:static const struct snd_akm4xxx_dac_channel revo71_front[] = {
/home/manan/Aira-Octave/linux-7.2.2/sound/pci/ice1712/revo.c:193:static const struct snd_akm4xxx_dac_channel revo71_surround[] = {
/home/manan/Aira-Octave/linux-7.2.2/sound/pci/ice1712/revo.c:200:static const struct snd_akm4xxx_dac_channel revo51_dac[] = {
/home/manan/Aira-Octave/linux-7.2.2/sound/pci/ice1712/revo.c:215:static const struct snd_akm4xxx_adc_channel revo51_adc[] = {
/home/manan/Aira-Octave/linux-7.2.2/sound/pci/ice1712/revo.c:224:static const struct snd_akm4xxx akm_revo_front = {
/home/manan/Aira-Octave/linux-7.2.2/sound/pci/ice1712/revo.c:233:static const struct snd_ak4xxx_private akm_revo_front_priv = {
/home/manan/Aira-Octave/linux-7.2.2/sound/pci/ice1712/revo.c:245:static const struct snd_akm4xxx akm_revo_surround = {
/home/manan/Aira-Octave/linux-7.2.2/sound/pci/ice1712/revo.c:255:static const struct snd_ak4xxx_private akm_revo_surround_priv = {
/home/manan/Aira-Octave/linux-7.2.2/sound/pci/ice1712/revo.c:267:static const struct snd_akm4xxx akm_revo51 = {
/home/manan/Aira-Octave/linux-7.2.2/sound/pci/ice1712/revo.c:276:static const struct snd_ak4xxx_private akm_revo51_priv = {
/home/manan/Aira-Octave/linux-7.2.2/sound/pci/ice1712/revo.c:288:static const struct snd_akm4xxx akm_revo51_adc = {
/home/manan/Aira-Octave/linux-7.2.2/sound/pci/ice1712/revo.c:294:static const struct snd_ak4xxx_private akm_revo51_adc_priv = {
/home/manan/Aira-Octave/linux-7.2.2/sound/pci/ice1712/revo.c:309:static void ap192_set_rate_val(struct snd_akm4xxx *ak, unsigned int rate)
/home/manan/Aira-Octave/linux-7.2.2/sound/pci/ice1712/revo.c:331:static const struct snd_akm4xxx_dac_channel ap192_dac[] = {
/home/manan/Aira-Octave/linux-7.2.2/sound/pci/ice1712/revo.c:335:static const struct snd_akm4xxx akm_ap192 = {
/home/manan/Aira-Octave/linux-7.2.2/sound/pci/ice1712/revo.c:344:static const struct snd_ak4xxx_private akm_ap192_priv = {
/home/manan/Aira-Octave/linux-7.2.2/sound/pci/ice1712/revo.c:494:	struct snd_akm4xxx *ak;
/home/manan/Aira-Octave/linux-7.2.2/sound/pci/ice1712/revo.c:518:	ak = ice->akm = kzalloc_objs(struct snd_akm4xxx, 2);
/home/manan/Aira-Octave/linux-7.2.2/sound/pci/ice1712/revo.c:524:		err = snd_ice1712_akm4xxx_init(ak, &akm_revo_front,
/home/manan/Aira-Octave/linux-7.2.2/sound/pci/ice1712/revo.c:528:		err = snd_ice1712_akm4xxx_init(ak+1, &akm_revo_surround,
/home/manan/Aira-Octave/linux-7.2.2/sound/pci/ice1712/revo.c:538:		err = snd_ice1712_akm4xxx_init(ak, &akm_revo51,
/home/manan/Aira-Octave/linux-7.2.2/sound/pci/ice1712/revo.c:542:		err = snd_ice1712_akm4xxx_init(ak+1, &akm_revo51_adc,
/home/manan/Aira-Octave/linux-7.2.2/sound/pci/ice1712/revo.c:555:		err = snd_ice1712_akm4xxx_init(ak, &akm_ap192, &akm_ap192_priv,
/home/manan/Aira-Octave/linux-7.2.2/sound/pci/ice1712/revo.c:580:		err = snd_ice1712_akm4xxx_build_controls(ice);
/home/manan/Aira-Octave/linux-7.2.2/sound/pci/ice1712/revo.c:585:		err = snd_ice1712_akm4xxx_build_controls(ice);
/home/manan/Aira-Octave/linux-7.2.2/sound/pci/ice1712/revo.c:594:		err = snd_ice1712_akm4xxx_build_controls(ice);
/home/manan/Aira-Octave/linux-7.2.2/sound/pci/ice1712/pontis.c:578:	/* FIXME: which interface? */
/home/manan/Aira-Octave/linux-7.2.2/sound/pci/ice1712/pontis.c:731:	ice->akm = kzalloc_obj(struct snd_akm4xxx);
/home/manan/Aira-Octave/linux-7.2.2/sound/pci/ice1712/pontis.c:736:	/* HACK - use this as the SPDIF source.
/home/manan/Aira-Octave/linux-7.2.2/sound/pci/ice1712/phase.c:91:static const struct snd_akm4xxx akm_phase22 = {
/home/manan/Aira-Octave/linux-7.2.2/sound/pci/ice1712/phase.c:97:static const struct snd_ak4xxx_private akm_phase22_priv = {
/home/manan/Aira-Octave/linux-7.2.2/sound/pci/ice1712/phase.c:111:	struct snd_akm4xxx *ak;
/home/manan/Aira-Octave/linux-7.2.2/sound/pci/ice1712/phase.c:128:	ice->akm = kzalloc_obj(struct snd_akm4xxx);
/home/manan/Aira-Octave/linux-7.2.2/sound/pci/ice1712/phase.c:136:		err = snd_ice1712_akm4xxx_init(ak, &akm_phase22,
/home/manan/Aira-Octave/linux-7.2.2/sound/pci/ice1712/phase.c:153:		err = snd_ice1712_akm4xxx_build_controls(ice);
/home/manan/Aira-Octave/linux-7.2.2/sound/pci/ice1712/phase.c:406:	struct snd_akm4xxx *ak;
/home/manan/Aira-Octave/linux-7.2.2/sound/pci/ice1712/phase.c:420:	ice->akm = kzalloc_obj(struct snd_akm4xxx);
/home/manan/Aira-Octave/linux-7.2.2/sound/pci/ice1712/ice1712.h:16:#include <sound/ak4xxx-adda.h>
/home/manan/Aira-Octave/linux-7.2.2/sound/pci/ice1712/ice1712.h:200: * identical with DMA_XXX on i386 architecture.
/home/manan/Aira-Octave/linux-7.2.2/sound/pci/ice1712/ice1712.h:251:struct snd_ak4xxx_private {
/home/manan/Aira-Octave/linux-7.2.2/sound/pci/ice1712/ice1712.h:261:	struct snd_akm4xxx_ops {
/home/manan/Aira-Octave/linux-7.2.2/sound/pci/ice1712/ice1712.h:262:		void (*set_rate_val)(struct snd_akm4xxx *ak, unsigned int rate);
/home/manan/Aira-Octave/linux-7.2.2/sound/pci/ice1712/ice1712.h:341:	struct snd_akm4xxx *akm;
/home/manan/Aira-Octave/linux-7.2.2/sound/pci/ice1712/ice1712.h:481:int snd_ice1712_akm4xxx_init(struct snd_akm4xxx *ak,
/home/manan/Aira-Octave/linux-7.2.2/sound/pci/ice1712/ice1712.h:482:			     const struct snd_akm4xxx *template,
/home/manan/Aira-Octave/linux-7.2.2/sound/pci/ice1712/ice1712.h:483:			     const struct snd_ak4xxx_private *priv,
/home/manan/Aira-Octave/linux-7.2.2/sound/pci/ice1712/ice1712.h:485:void snd_ice1712_akm4xxx_free(struct snd_ice1712 *ice);
/home/manan/Aira-Octave/linux-7.2.2/sound/pci/ice1712/ice1712.h:486:int snd_ice1712_akm4xxx_build_controls(struct snd_ice1712 *ice);
/home/manan/Aira-Octave/linux-7.2.2/sound/pci/ice1712/prodigy_hifi.c:1057:	/* HACK - use this as the SPDIF source.
/home/manan/Aira-Octave/linux-7.2.2/sound/pci/ice1712/prodigy_hifi.c:1063:	ice->akm = kzalloc_obj(struct snd_akm4xxx);
/home/manan/Aira-Octave/linux-7.2.2/sound/pci/ice1712/prodigy_hifi.c:1140:	/* HACK - use this as the SPDIF source.
/home/manan/Aira-Octave/linux-7.2.2/sound/pci/ice1712/prodigy_hifi.c:1146:	ice->akm = kzalloc_obj(struct snd_akm4xxx);
/home/manan/Aira-Octave/linux-7.2.2/sound/pci/ice1712/maya44.c:508:		.count = 4,  /* FIXME: do controls 5-9 have any meaning? */
/home/manan/Aira-Octave/linux-7.2.2/sound/pci/ice1712/ak4xxx.c:21:MODULE_DESCRIPTION("ICEnsemble ICE17xx <-> AK4xxx AD/DA chip interface");
/home/manan/Aira-Octave/linux-7.2.2/sound/pci/ice1712/ak4xxx.c:24:static void snd_ice1712_akm4xxx_lock(struct snd_akm4xxx *ak, int chip)
/home/manan/Aira-Octave/linux-7.2.2/sound/pci/ice1712/ak4xxx.c:31:static void snd_ice1712_akm4xxx_unlock(struct snd_akm4xxx *ak, int chip)
/home/manan/Aira-Octave/linux-7.2.2/sound/pci/ice1712/ak4xxx.c:39: * write AK4xxx register
/home/manan/Aira-Octave/linux-7.2.2/sound/pci/ice1712/ak4xxx.c:41:static void snd_ice1712_akm4xxx_write(struct snd_akm4xxx *ak, int chip,
/home/manan/Aira-Octave/linux-7.2.2/sound/pci/ice1712/ak4xxx.c:47:	struct snd_ak4xxx_private *priv = (void *)ak->private_value[0];
/home/manan/Aira-Octave/linux-7.2.2/sound/pci/ice1712/ak4xxx.c:110: * initialize the struct snd_akm4xxx record with the template
/home/manan/Aira-Octave/linux-7.2.2/sound/pci/ice1712/ak4xxx.c:112:int snd_ice1712_akm4xxx_init(struct snd_akm4xxx *ak, const struct snd_akm4xxx *temp,
/home/manan/Aira-Octave/linux-7.2.2/sound/pci/ice1712/ak4xxx.c:113:			     const struct snd_ak4xxx_private *_priv, struct snd_ice1712 *ice)
/home/manan/Aira-Octave/linux-7.2.2/sound/pci/ice1712/ak4xxx.c:115:	struct snd_ak4xxx_private *priv;
/home/manan/Aira-Octave/linux-7.2.2/sound/pci/ice1712/ak4xxx.c:130:		ak->ops.lock = snd_ice1712_akm4xxx_lock;
/home/manan/Aira-Octave/linux-7.2.2/sound/pci/ice1712/ak4xxx.c:132:		ak->ops.unlock = snd_ice1712_akm4xxx_unlock;
/home/manan/Aira-Octave/linux-7.2.2/sound/pci/ice1712/ak4xxx.c:134:		ak->ops.write = snd_ice1712_akm4xxx_write;
/home/manan/Aira-Octave/linux-7.2.2/sound/pci/ice1712/ak4xxx.c:135:	snd_akm4xxx_init(ak);
/home/manan/Aira-Octave/linux-7.2.2/sound/pci/ice1712/ak4xxx.c:139:void snd_ice1712_akm4xxx_free(struct snd_ice1712 *ice)
/home/manan/Aira-Octave/linux-7.2.2/sound/pci/ice1712/ak4xxx.c:145:		struct snd_akm4xxx *ak = &ice->akm[akidx];
/home/manan/Aira-Octave/linux-7.2.2/sound/pci/ice1712/ak4xxx.c:152: * build AK4xxx controls
/home/manan/Aira-Octave/linux-7.2.2/sound/pci/ice1712/ak4xxx.c:154:int snd_ice1712_akm4xxx_build_controls(struct snd_ice1712 *ice)
/home/manan/Aira-Octave/linux-7.2.2/sound/pci/ice1712/ak4xxx.c:160:		struct snd_akm4xxx *ak = &ice->akm[akidx];
/home/manan/Aira-Octave/linux-7.2.2/sound/pci/ice1712/ak4xxx.c:161:		err = snd_akm4xxx_build_controls(ak);
/home/manan/Aira-Octave/linux-7.2.2/sound/pci/ice1712/ak4xxx.c:168:EXPORT_SYMBOL(snd_ice1712_akm4xxx_init);
/home/manan/Aira-Octave/linux-7.2.2/sound/pci/ice1712/ak4xxx.c:169:EXPORT_SYMBOL(snd_ice1712_akm4xxx_free);
/home/manan/Aira-Octave/linux-7.2.2/sound/pci/ice1712/ak4xxx.c:170:EXPORT_SYMBOL(snd_ice1712_akm4xxx_build_controls);
/home/manan/Aira-Octave/linux-7.2.2/sound/pci/ice1712/ews.c:158:static void ews88mt_ak4524_lock(struct snd_akm4xxx *ak, int chip)
/home/manan/Aira-Octave/linux-7.2.2/sound/pci/ice1712/ews.c:175:static void ews88mt_ak4524_unlock(struct snd_akm4xxx *ak, int chip)
/home/manan/Aira-Octave/linux-7.2.2/sound/pci/ice1712/ews.c:184:static void ewx2496_ak4524_lock(struct snd_akm4xxx *ak, int chip)
/home/manan/Aira-Octave/linux-7.2.2/sound/pci/ice1712/ews.c:199:static void dmx6fire_ak4524_lock(struct snd_akm4xxx *ak, int chip)
/home/manan/Aira-Octave/linux-7.2.2/sound/pci/ice1712/ews.c:201:	struct snd_ak4xxx_private *priv = (void *)ak->private_value[0];
/home/manan/Aira-Octave/linux-7.2.2/sound/pci/ice1712/ews.c:328:static const struct snd_akm4xxx akm_ews88mt = {
/home/manan/Aira-Octave/linux-7.2.2/sound/pci/ice1712/ews.c:338:static const struct snd_ak4xxx_private akm_ews88mt_priv = {
/home/manan/Aira-Octave/linux-7.2.2/sound/pci/ice1712/ews.c:350:static const struct snd_akm4xxx akm_ewx2496 = {
/home/manan/Aira-Octave/linux-7.2.2/sound/pci/ice1712/ews.c:359:static const struct snd_ak4xxx_private akm_ewx2496_priv = {
/home/manan/Aira-Octave/linux-7.2.2/sound/pci/ice1712/ews.c:371:static const struct snd_akm4xxx akm_6fire = {
/home/manan/Aira-Octave/linux-7.2.2/sound/pci/ice1712/ews.c:380:static const struct snd_ak4xxx_private akm_6fire_priv = {
/home/manan/Aira-Octave/linux-7.2.2/sound/pci/ice1712/ews.c:407:	struct snd_akm4xxx *ak;
/home/manan/Aira-Octave/linux-7.2.2/sound/pci/ice1712/ews.c:533:	ak = ice->akm = kzalloc_obj(struct snd_akm4xxx);
/home/manan/Aira-Octave/linux-7.2.2/sound/pci/ice1712/ews.c:543:		err = snd_ice1712_akm4xxx_init(ak, &akm_ews88mt, &akm_ews88mt_priv, ice);
/home/manan/Aira-Octave/linux-7.2.2/sound/pci/ice1712/ews.c:546:		err = snd_ice1712_akm4xxx_init(ak, &akm_ewx2496, &akm_ewx2496_priv, ice);
/home/manan/Aira-Octave/linux-7.2.2/sound/pci/ice1712/ews.c:549:		err = snd_ice1712_akm4xxx_init(ak, &akm_6fire, &akm_6fire_priv, ice);
/home/manan/Aira-Octave/linux-7.2.2/sound/pci/ice1712/ews.c:970:		err = snd_ice1712_akm4xxx_build_controls(ice);
/home/manan/Aira-Octave/linux-7.2.2/sound/pci/ice1712/delta.c:240:static void delta_ak4524_lock(struct snd_akm4xxx *ak, int chip)
/home/manan/Aira-Octave/linux-7.2.2/sound/pci/ice1712/delta.c:242:        struct snd_ak4xxx_private *priv = (void *)ak->private_value[0];
/home/manan/Aira-Octave/linux-7.2.2/sound/pci/ice1712/delta.c:254:static void delta1010lt_ak4524_lock(struct snd_akm4xxx *ak, int chip)
/home/manan/Aira-Octave/linux-7.2.2/sound/pci/ice1712/delta.c:256:        struct snd_ak4xxx_private *priv = (void *)ak->private_value[0];
/home/manan/Aira-Octave/linux-7.2.2/sound/pci/ice1712/delta.c:267:static void delta66e_ak4524_lock(struct snd_akm4xxx *ak, int chip)
/home/manan/Aira-Octave/linux-7.2.2/sound/pci/ice1712/delta.c:269:	struct snd_ak4xxx_private *priv = (void *)ak->private_value[0];
/home/manan/Aira-Octave/linux-7.2.2/sound/pci/ice1712/delta.c:281:static void vx442_ak4524_lock(struct snd_akm4xxx *ak, int chip)
/home/manan/Aira-Octave/linux-7.2.2/sound/pci/ice1712/delta.c:283:        struct snd_ak4xxx_private *priv = (void *)ak->private_value[0];
/home/manan/Aira-Octave/linux-7.2.2/sound/pci/ice1712/delta.c:314:static void delta_ak4524_set_rate_val(struct snd_akm4xxx *ak, unsigned int rate)
/home/manan/Aira-Octave/linux-7.2.2/sound/pci/ice1712/delta.c:333:	snd_akm4xxx_reset(ak, 1);
/home/manan/Aira-Octave/linux-7.2.2/sound/pci/ice1712/delta.c:340:	snd_akm4xxx_reset(ak, 0);
/home/manan/Aira-Octave/linux-7.2.2/sound/pci/ice1712/delta.c:346:static void vx442_ak4524_set_rate_val(struct snd_akm4xxx *ak, unsigned int rate)
/home/manan/Aira-Octave/linux-7.2.2/sound/pci/ice1712/delta.c:351:	if (snd_akm4xxx_get(ak, 0, 0x02) != val ||
/home/manan/Aira-Octave/linux-7.2.2/sound/pci/ice1712/delta.c:352:	    snd_akm4xxx_get(ak, 1, 0x02) != val) {
/home/manan/Aira-Octave/linux-7.2.2/sound/pci/ice1712/delta.c:353:		snd_akm4xxx_reset(ak, 1);
/home/manan/Aira-Octave/linux-7.2.2/sound/pci/ice1712/delta.c:354:		snd_akm4xxx_write(ak, 0, 0x02, val);
/home/manan/Aira-Octave/linux-7.2.2/sound/pci/ice1712/delta.c:355:		snd_akm4xxx_write(ak, 1, 0x02, val);
/home/manan/Aira-Octave/linux-7.2.2/sound/pci/ice1712/delta.c:356:		snd_akm4xxx_reset(ak, 0);
/home/manan/Aira-Octave/linux-7.2.2/sound/pci/ice1712/delta.c:425:static const struct snd_akm4xxx akm_audiophile = {
/home/manan/Aira-Octave/linux-7.2.2/sound/pci/ice1712/delta.c:434:static const struct snd_ak4xxx_private akm_audiophile_priv = {
/home/manan/Aira-Octave/linux-7.2.2/sound/pci/ice1712/delta.c:446:static const struct snd_akm4xxx akm_delta410 = {
/home/manan/Aira-Octave/linux-7.2.2/sound/pci/ice1712/delta.c:455:static const struct snd_ak4xxx_private akm_delta410_priv = {
/home/manan/Aira-Octave/linux-7.2.2/sound/pci/ice1712/delta.c:467:static const struct snd_akm4xxx akm_delta1010lt = {
/home/manan/Aira-Octave/linux-7.2.2/sound/pci/ice1712/delta.c:477:static const struct snd_ak4xxx_private akm_delta1010lt_priv = {
/home/manan/Aira-Octave/linux-7.2.2/sound/pci/ice1712/delta.c:489:static const struct snd_akm4xxx akm_delta66e = {
/home/manan/Aira-Octave/linux-7.2.2/sound/pci/ice1712/delta.c:499:static const struct snd_ak4xxx_private akm_delta66e_priv = {
/home/manan/Aira-Octave/linux-7.2.2/sound/pci/ice1712/delta.c:512:static const struct snd_akm4xxx akm_delta44 = {
/home/manan/Aira-Octave/linux-7.2.2/sound/pci/ice1712/delta.c:522:static const struct snd_ak4xxx_private akm_delta44_priv = {
/home/manan/Aira-Octave/linux-7.2.2/sound/pci/ice1712/delta.c:534:static const struct snd_akm4xxx akm_vx442 = {
/home/manan/Aira-Octave/linux-7.2.2/sound/pci/ice1712/delta.c:544:static const struct snd_ak4xxx_private akm_vx442_priv = {
/home/manan/Aira-Octave/linux-7.2.2/sound/pci/ice1712/delta.c:559:	unsigned char akm_img_bak[AK4XXX_IMAGE_SIZE];
/home/manan/Aira-Octave/linux-7.2.2/sound/pci/ice1712/delta.c:560:	unsigned char akm_vol_bak[AK4XXX_IMAGE_SIZE];
/home/manan/Aira-Octave/linux-7.2.2/sound/pci/ice1712/delta.c:587:		snd_akm4xxx_init(ice->akm);
/home/manan/Aira-Octave/linux-7.2.2/sound/pci/ice1712/delta.c:590:		snd_akm4xxx_reset(ice->akm, 0);
/home/manan/Aira-Octave/linux-7.2.2/sound/pci/ice1712/delta.c:599:		snd_akm4xxx_reset(ice->akm, 1);
/home/manan/Aira-Octave/linux-7.2.2/sound/pci/ice1712/delta.c:608:	struct snd_akm4xxx *ak;
/home/manan/Aira-Octave/linux-7.2.2/sound/pci/ice1712/delta.c:710:	ak = ice->akm = kmalloc_obj(struct snd_akm4xxx);
/home/manan/Aira-Octave/linux-7.2.2/sound/pci/ice1712/delta.c:717:		err = snd_ice1712_akm4xxx_init(ak, &akm_audiophile, &akm_audiophile_priv, ice);
/home/manan/Aira-Octave/linux-7.2.2/sound/pci/ice1712/delta.c:720:		err = snd_ice1712_akm4xxx_init(ak, &akm_delta410, &akm_delta410_priv, ice);
/home/manan/Aira-Octave/linux-7.2.2/sound/pci/ice1712/delta.c:724:		err = snd_ice1712_akm4xxx_init(ak, &akm_delta1010lt, &akm_delta1010lt_priv, ice);
/home/manan/Aira-Octave/linux-7.2.2/sound/pci/ice1712/delta.c:728:		err = snd_ice1712_akm4xxx_init(ak, &akm_delta44, &akm_delta44_priv, ice);
/home/manan/Aira-Octave/linux-7.2.2/sound/pci/ice1712/delta.c:731:		err = snd_ice1712_akm4xxx_init(ak, &akm_vx442, &akm_vx442_priv, ice);
/home/manan/Aira-Octave/linux-7.2.2/sound/pci/ice1712/delta.c:734:		err = snd_ice1712_akm4xxx_init(ak, &akm_delta66e, &akm_delta66e_priv, ice);
/home/manan/Aira-Octave/linux-7.2.2/sound/pci/ice1712/delta.c:826:		err = snd_ice1712_akm4xxx_build_controls(ice);
/home/manan/Aira-Octave/linux-7.2.2/sound/pci/ice1712/vt1720_mobo.c:29:	/* FIXME: TODO */
/home/manan/Aira-Octave/linux-7.2.2/sound/pci/ice1712/vt1720_mobo.c:36:	/* FIXME: needs some quirks for VT1616? */
/home/manan/Aira-Octave/linux-7.2.2/sound/pci/ice1712/ice1712.c:2260:		ice->eeprom.size = 32; /* FIXME: any cards without the correct size? */
/home/manan/Aira-Octave/linux-7.2.2/sound/pci/ice1712/ice1712.c:2432:	snd_ice1712_akm4xxx_free(ice);
/home/manan/Aira-Octave/linux-7.2.2/sound/pci/ice1712/ice1724.c:909:	.period_bytes_min =	8 * 4 * 2,	/* FIXME: constraints needed */
/home/manan/Aira-Octave/linux-7.2.2/sound/pci/ice1712/ice1724.c:1458:		mdelay(5); /* FIXME */
/home/manan/Aira-Octave/linux-7.2.2/sound/pci/ice1712/ice1724.c:1749:	/* FIXME: the following conflict with IEC958 Playback Route */
/home/manan/Aira-Octave/linux-7.2.2/sound/pci/ice1712/ice1724.c:2121:	uinfo->count = 22; /* FIXME: for compatibility with ice1712... */
/home/manan/Aira-Octave/linux-7.2.2/sound/pci/ice1712/ice1724.c:2463:	snd_ice1712_akm4xxx_free(ice);
/home/manan/Aira-Octave/linux-7.2.2/sound/pci/ice1712/Makefile:7:snd-ice17xx-ak4xxx-y := ak4xxx.o
/home/manan/Aira-Octave/linux-7.2.2/sound/pci/ice1712/Makefile:12:obj-$(CONFIG_SND_ICE1712) += snd-ice1712.o snd-ice17xx-ak4xxx.o
/home/manan/Aira-Octave/linux-7.2.2/sound/pci/ice1712/Makefile:13:obj-$(CONFIG_SND_ICE1724) += snd-ice1724.o snd-ice17xx-ak4xxx.o
/home/manan/Aira-Octave/linux-7.2.2/sound/pci/ice1712/aureon.c:11: * - we reuse the struct snd_akm4xxx record for storing the wm8770 codec data.
/home/manan/Aira-Octave/linux-7.2.2/sound/pci/ice1712/aureon.c:2096:	ice->akm = kzalloc_obj(struct snd_akm4xxx);
/home/manan/Aira-Octave/linux-7.2.2/sound/pci/maestro3.c:1655:#if 0 /* TODO: not supported yet */
/home/manan/Aira-Octave/linux-7.2.2/sound/pci/maestro3.c:1948: * hack, returns non zero on err 
/home/manan/Aira-Octave/linux-7.2.2/sound/pci/maestro3.c:2055:	/* seems ac97 PCM needs initialization.. hack hack.. */
/home/manan/Aira-Octave/linux-7.2.2/sound/pci/maestro3.c:2328:	/* TODO: MPU401 not supported yet */
/home/manan/Aira-Octave/linux-7.2.2/sound/pci/maestro3.c:2682:#if 0 /* TODO: not supported yet */
/home/manan/Aira-Octave/linux-7.2.2/sound/pci/maestro3.c:2683:	/* TODO enable MIDI IRQ and I/O */
/home/manan/Aira-Octave/linux-7.2.2/sound/pci/ctxfi/ctatc.c:474:	if (1 == atc->msr) { /* FIXME: do we really need SRC here if pitch==1 */
/home/manan/Aira-Octave/linux-7.2.2/sound/pci/ctxfi/cthw20k2.c:1227:				/* FIXME: check this against the chip spec */
/home/manan/Aira-Octave/linux-7.2.2/sound/pci/ctxfi/cthw20k2.c:2130:	/* TODO: Disable interrupt and so on... */
/home/manan/Aira-Octave/linux-7.2.2/sound/pci/ctxfi/cthw20k2.c:2196:		/* TODO: detect the card ID and configure GPIO accordingly. */
/home/manan/Aira-Octave/linux-7.2.2/sound/pci/ctxfi/ctpcm.c:167:	/* TODO: Notify mixer inactive. */
/home/manan/Aira-Octave/linux-7.2.2/sound/pci/ctxfi/ctpcm.c:307:	/* TODO: Notify mixer inactive. */
/home/manan/Aira-Octave/linux-7.2.2/sound/pci/via82xx.c:267:#define  VIA_FUNC_MIDI_PNP	0x80 /* FIXME: it's 0x40 in the datasheet! */
/home/manan/Aira-Octave/linux-7.2.2/sound/pci/via82xx.c:268:#define  VIA_FUNC_MIDI_IRQMASK	0x40 /* FIXME: not documented! */
/home/manan/Aira-Octave/linux-7.2.2/sound/pci/via82xx.c:1789:	{	/* FIXME: which codec? */
/home/manan/Aira-Octave/linux-7.2.2/sound/pci/via82xx.c:2017:	legacy |= VIA_FUNC_MIDI_IRQMASK;	/* FIXME: correct? (disable MIDI) */
/home/manan/Aira-Octave/linux-7.2.2/sound/pci/via82xx.c:2127:#if 1 /* FIXME: should we do full reset here for all chip models? */
/home/manan/Aira-Octave/linux-7.2.2/sound/pci/via82xx.c:2166:#if 0 /* FIXME: we don't support the second codec yet so skip the detection now.. */
/home/manan/Aira-Octave/linux-7.2.2/sound/pci/via82xx.c:2513:			// chip->dxs_fixed = 1; /* FIXME: use 48k for DXS #3? */
/home/manan/Aira-Octave/linux-7.2.2/sound/pci/au88x0/au8830.h:144:#define		VOL_MAX 0x7f	/* FIXME: Not confirmed! Just guessed. */
/home/manan/Aira-Octave/linux-7.2.2/sound/pci/au88x0/au88x0_mpu401.c:40:	port = (0x03 << 5);	/* FIXME: static address. 0x330 */
/home/manan/Aira-Octave/linux-7.2.2/sound/pci/au88x0/au8820.h:117:#define		VOL_MAX 0x7f	/* FIXME: Not confirmed! Just guessed. */
/home/manan/Aira-Octave/linux-7.2.2/sound/pci/au88x0/au8820.h:168:#define VORTEX_SPDIF_FLAGS		0x1005c	/* FIXME */
/home/manan/Aira-Octave/linux-7.2.2/sound/pci/au88x0/au8810.h:124:#define		VOL_MAX 0x7f	/* FIXME: Not confirmed! Just guessed. */
/home/manan/Aira-Octave/linux-7.2.2/sound/pci/au88x0/au88x0_pcm.c:327:		// FIXME: Set rate (i guess using vortex_wt_writereg() somehow).
/home/manan/Aira-Octave/linux-7.2.2/sound/pci/au88x0/au88x0_pcm.c:618:	// This is an evil hack, but it saves a lot of duplicated code.
/home/manan/Aira-Octave/linux-7.2.2/sound/pci/au88x0/au88x0_synth.c:59:	//FIXME: WT audio routing.
/home/manan/Aira-Octave/linux-7.2.2/sound/pci/au88x0/au88x0_synth.c:363:	//FIXME: 64 bit operation.
/home/manan/Aira-Octave/linux-7.2.2/sound/pci/au88x0/au88x0_eq.c:12: *  TODO:
/home/manan/Aira-Octave/linux-7.2.2/sound/pci/au88x0/au88x0_eq.c:911:	   //FIXME: segfault because vortex->eqctrl[i] == 4
/home/manan/Aira-Octave/linux-7.2.2/sound/pci/au88x0/au88x0_a3d.c:210:	// FIXME: verify this!
/home/manan/Aira-Octave/linux-7.2.2/sound/pci/au88x0/au88x0_a3d.c:695:	/* FIXME: implement this. */
/home/manan/Aira-Octave/linux-7.2.2/sound/pci/au88x0/au88x0_a3d.c:700:	/* FIXME: implement this. */
/home/manan/Aira-Octave/linux-7.2.2/sound/pci/au88x0/au88x0_a3d.c:705:	/* FIXME: implement this. */
/home/manan/Aira-Octave/linux-7.2.2/sound/pci/au88x0/au88x0_a3d.c:710:	/* FIXME: implement this. */
/home/manan/Aira-Octave/linux-7.2.2/sound/pci/au88x0/au88x0_core.c:73:// FIXME: get rid of this.
/home/manan/Aira-Octave/linux-7.2.2/sound/pci/au88x0/au88x0_core.c:370:	// FIXME: get rid of this crap.
/home/manan/Aira-Octave/linux-7.2.2/sound/pci/au88x0/au88x0_core.c:2323:	/* AC97 Codec channel setup. FIXME: this has no effect on some cards !! */
/home/manan/Aira-Octave/linux-7.2.2/sound/pci/au88x0/au88x0_core.c:2463:				/* FIXME: we ignore the return value from
/home/manan/Aira-Octave/linux-7.2.2/sound/pci/nm256/nm256.c:47:static bool vaio_hack;			/* disabled */
/home/manan/Aira-Octave/linux-7.2.2/sound/pci/nm256/nm256.c:65:module_param(vaio_hack, bool, 0444);
/home/manan/Aira-Octave/linux-7.2.2/sound/pci/nm256/nm256.c:66:MODULE_PARM_DESC(vaio_hack, "Enable workaround for Sony VAIO notebooks.");
/home/manan/Aira-Octave/linux-7.2.2/sound/pci/nm256/nm256.c:1598:	if (vaio_hack)
/home/manan/Aira-Octave/linux-7.2.2/sound/pci/atiixp.c:215:	int type;			/* ATI_DMA_XXX */
/home/manan/Aira-Octave/linux-7.2.2/sound/pci/atiixp.c:639: * pointer callback simplly reads XXX_DMA_DT_CUR register as the current
/home/manan/Aira-Octave/linux-7.2.2/sound/pci/atiixp.c:799:#if 0 /* FIXME: this causes the endless loop */
/home/manan/Aira-Octave/linux-7.2.2/sound/pci/atiixp.c:1280:	/* FIXME: non-48k sample rate doesn't work on my test machine with AD1888 */
/home/manan/Aira-Octave/linux-7.2.2/sound/pci/fm801.c:597:		/* TODO */
/home/manan/Aira-Octave/linux-7.2.2/sound/pci/fm801.c:1357:		/* FIXME: tea575x suspend */
/home/manan/Aira-Octave/linux-7.2.2/sound/pci/mixart/mixart_hwdep.h:65:#define  MIXART_PSEUDOREG_MXLX_STATUS_OFFSET       MIXART_PSEUDOREG+0xA4     /* status = EMBEBBED_STAT_XXX */ 
/home/manan/Aira-Octave/linux-7.2.2/sound/pci/mixart/mixart_hwdep.h:68:#define  MIXART_PSEUDOREG_ELF_STATUS_OFFSET        MIXART_PSEUDOREG+0xB0     /* status = EMBEBBED_STAT_XXX */ 
/home/manan/Aira-Octave/linux-7.2.2/sound/pci/mixart/mixart_hwdep.h:84:#define  MIXART_PSEUDOREG_DXLX_STATUS_OFFSET       MIXART_PSEUDOREG+0x9A0    /* status = EMBEBBED_STAT_XXX */ 
/home/manan/Aira-Octave/linux-7.2.2/sound/pci/mixart/mixart_hwdep.c:179:		/* TODO: really need send_msg MSG_CONNECTOR_GET_AUDIO_INFO for each connector ? perhaps for analog level caps ? */
/home/manan/Aira-Octave/linux-7.2.2/sound/pci/mixart/mixart_hwdep.c:223:		/* TODO: really need send_msg MSG_CONNECTOR_GET_AUDIO_INFO for each connector ? perhaps for analog level caps ? */
/home/manan/Aira-Octave/linux-7.2.2/sound/pci/mixart/mixart.c:445:		/* TODO */
/home/manan/Aira-Octave/linux-7.2.2/sound/pci/mixart/mixart.c:450:		/* TODO */
/home/manan/Aira-Octave/linux-7.2.2/sound/pci/mixart/mixart.c:482:	/* TODO de façon non bloquante, réappliquer les hw_params (rate, bits, codec) */
/home/manan/Aira-Octave/linux-7.2.2/sound/pci/mixart/mixart.c:561:	/* TODO: what else to configure ? */
/home/manan/Aira-Octave/linux-7.2.2/sound/pci/mixart/mixart.c:656: *  TODO CONFIGURATION SPACE for all pcms, mono pcm must update channels_max
/home/manan/Aira-Octave/linux-7.2.2/sound/pci/mixart/mixart.c:1295:	mgr->num_cards = MIXART_MAX_CARDS; /* 4  FIXME: configurable? */
/home/manan/Aira-Octave/linux-7.2.2/sound/pci/mixart/mixart_core.c:163:	/* TODO : use memcpy_toio() with intermediate buffer to copy the message */
/home/manan/Aira-Octave/linux-7.2.2/sound/pci/mixart/mixart_core.c:548:			/* TODO : are there things to do here ? */
/home/manan/Aira-Octave/linux-7.2.2/sound/pci/vx222/vx222_ops.c:956: * FIXME: compressor/limiter implementation is missing yet...
/home/manan/Aira-Octave/linux-7.2.2/sound/pci/cs5535audio/cs5535audio_pcm.c:9: * todo: add be fmt support, spdif, pm
/home/manan/Aira-Octave/linux-7.2.2/sound/pci/trident/trident_main.c:10: *  TODO:
/home/manan/Aira-Octave/linux-7.2.2/sound/pci/trident/trident_main.c:2634:	/* FIXME: no tlv yet */
/home/manan/Aira-Octave/linux-7.2.2/sound/pci/cs5530.c:14: * that way we can hack up some full duplex audio. 
/home/manan/Aira-Octave/linux-7.2.2/sound/pci/sis7019.c:65: * FIXME: It'd be nice to make use of some of the synth features in the
/home/manan/Aira-Octave/linux-7.2.2/sound/pci/sis7019.c:639:	/* FIXME: The driver only supports recording from one channel
/home/manan/Aira-Octave/linux-7.2.2/sound/pci/sis7019.c:1120:	 * FIXME: Maximum attenuation is set for the music amp, which will
/home/manan/Aira-Octave/linux-7.2.2/sound/pci/pcxhr/pcxhr.h:27:/* TODO : granularity could be 64 or 128 */
/home/manan/Aira-Octave/linux-7.2.2/sound/pci/pcxhr/pcxhr_core.c:456:	u16 st_type;		/* status type (RMH_SSIZE_XXX) */
/home/manan/Aira-Octave/linux-7.2.2/sound/pci/pcxhr/pcxhr_mixer.c:303:	/* TODO : if mask (3 << pipe->first_audio) is used, left and right
/home/manan/Aira-Octave/linux-7.2.2/sound/pci/pcxhr/pcxhr.c:867:		/* TODO */
/home/manan/Aira-Octave/linux-7.2.2/sound/pci/pcxhr/pcxhr_core.h:37:	u16	dsp_stat;		/* status type, RMP_SSIZE_XXX */
/home/manan/Aira-Octave/linux-7.2.2/sound/pci/aw2/aw2-alsa.c:337:	/* TODO: something to do ? */
/home/manan/Aira-Octave/linux-7.2.2/sound/pci/aw2/aw2-saa7146.c:417:	/* FIXME: switch between analog and digital input does not always work.
/home/manan/Aira-Octave/linux-7.2.2/sound/pci/als4000.c:49: * ToDo:
/home/manan/Aira-Octave/linux-7.2.2/sound/pci/als4000.c:399:	/* FIXME: from second playback on, there's a lot more clicks and pops
/home/manan/Aira-Octave/linux-7.2.2/sound/pci/als4000.c:496:/* FIXME: this IRQ routine doesn't really support IRQ sharing (we always
/home/manan/Aira-Octave/linux-7.2.2/sound/pci/als4000.c:887:	/* FIXME: ALS4000 has interesting MPU401 configuration features
/home/manan/Aira-Octave/linux-7.2.2/sound/pci/cs4281.c:558:	// FIXME: volatile is necessary in the following due to a bug of
/home/manan/Aira-Octave/linux-7.2.2/sound/pci/bt87x.c:281:		/* error 'handling' similar to aic7xxx_pci.c: */
/home/manan/Aira-Octave/linux-7.2.2/sound/pci/asihpi/hpi6205.c:9: ASI50xx, AS51xx, ASI6xxx, ASI87xx ASI89xx series adapters.
/home/manan/Aira-Octave/linux-7.2.2/sound/pci/asihpi/hpi6205.c:12: and (except ASI50xx) TI TMS320C6xxx floating point DSP
/home/manan/Aira-Octave/linux-7.2.2/sound/pci/asihpi/hpi_internal.h:604:	u32 command; /**< HPI_BUFFER_CMD_xxx*/
/home/manan/Aira-Octave/linux-7.2.2/sound/pci/asihpi/hpi_internal.h:992:	u16 function;		/* HPI_SUBSYS_xxx, HPI_ADAPTER_xxx */
/home/manan/Aira-Octave/linux-7.2.2/sound/pci/asihpi/hpi_internal.h:1003:	u16 function;		/* HPI_SUBSYS_xxx, HPI_ADAPTER_xxx */
/home/manan/Aira-Octave/linux-7.2.2/sound/pci/asihpi/hpi_internal.h:1054:	u16 function;		/* HPI_SUBSYS_xxx, HPI_ADAPTER_xxx */
/home/manan/Aira-Octave/linux-7.2.2/sound/pci/asihpi/hpi_internal.h:1055:	u16 error;		/* HPI_ERROR_xxx */
/home/manan/Aira-Octave/linux-7.2.2/sound/pci/asihpi/hpi_internal.h:1065:	u16 function;		/* HPI_SUBSYS_xxx, HPI_ADAPTER_xxx */
/home/manan/Aira-Octave/linux-7.2.2/sound/pci/asihpi/hpi_internal.h:1066:	u16 error;		/* HPI_ERROR_xxx */
/home/manan/Aira-Octave/linux-7.2.2/sound/pci/asihpi/asihpi.c:36:MODULE_DESCRIPTION("AudioScience ALSA ASI5xxx ASI6xxx ASI87xx ASI89xx "
/home/manan/Aira-Octave/linux-7.2.2/sound/pci/asihpi/hpicmn.c:10: Common functions used by hpixxxx.c modules
/home/manan/Aira-Octave/linux-7.2.2/sound/pci/intel8x0.c:1927:	{	/* FIXME: which codec? */
/home/manan/Aira-Octave/linux-7.2.2/sound/pci/intel8x0.c:2171:#if 0 /* FIXME: this seems wrong on most boards */
/home/manan/Aira-Octave/linux-7.2.2/sound/pci/intel8x0.c:2265:	/* FIXME: my test board doesn't work well with VRA... */
/home/manan/Aira-Octave/linux-7.2.2/sound/pci/intel8x0.c:2914:		/* Parallels VM emulated sound, PCI SSID: 1ab8:xxxx */
/home/manan/Aira-Octave/linux-7.2.2/sound/pci/ens1370.c:9: * for ens1371 only ( FIXME )
/home/manan/Aira-Octave/linux-7.2.2/sound/pci/ens1370.c:1867:static const struct snd_pci_quirk es1371_amplifier_hack[] = {
/home/manan/Aira-Octave/linux-7.2.2/sound/pci/ens1370.c:1875:static const struct es1371_quirk es1371_ac97_reset_hack[] = {
/home/manan/Aira-Octave/linux-7.2.2/sound/pci/ens1370.c:1903:	if (es1371_quirk_lookup(ensoniq, es1371_ac97_reset_hack)) {
/home/manan/Aira-Octave/linux-7.2.2/sound/pci/ens1370.c:2033:	if (snd_pci_quirk_lookup(pci, es1371_amplifier_hack))
/home/manan/Aira-Octave/linux-7.2.2/sound/pci/ens1370.c:2036:	if (es1371_quirk_lookup(ensoniq, es1371_ac97_reset_hack))
/home/manan/Aira-Octave/linux-7.2.2/sound/pci/ad1889.c:5: * on the HP PA-RISC [BCJ]-xxx0 workstations.
/home/manan/Aira-Octave/linux-7.2.2/sound/pci/ad1889.c:11: * TODO:
/home/manan/Aira-Octave/linux-7.2.2/sound/pci/atiixp_modem.c:191:	int type;			/* ATI_DMA_XXX */
/home/manan/Aira-Octave/linux-7.2.2/sound/pci/atiixp_modem.c:588: * pointer callback simplly reads XXX_DMA_DT_CUR register as the current
/home/manan/Aira-Octave/linux-7.2.2/sound/pci/emu10k1/emupcm.c:985:		udelay(50);	/* hack, it takes awhile until capture is started */
/home/manan/Aira-Octave/linux-7.2.2/sound/pci/emu10k1/p16v.c:59: *  TODO:
/home/manan/Aira-Octave/linux-7.2.2/sound/pci/emu10k1/p16v.c:283:	/* FIXME: Check emu->buffer.size before actually writing to it. */
/home/manan/Aira-Octave/linux-7.2.2/sound/pci/emu10k1/p16v.c:332:	/* FIXME: Check emu->buffer.size before actually writing to it. */
/home/manan/Aira-Octave/linux-7.2.2/sound/pci/emu10k1/io.c:169:	reset = (tmp & ~0x3ffff) | 0x20000; /* Set xxx20000 */
/home/manan/Aira-Octave/linux-7.2.2/sound/pci/emu10k1/io.c:170:	set = reset | 0x10000; /* Set xxx1xxxx */
/home/manan/Aira-Octave/linux-7.2.2/sound/pci/emu10k1/io.c:361:	// FIXME: The /4 is valid for 0404b, but contradicts all other info.
/home/manan/Aira-Octave/linux-7.2.2/sound/pci/emu10k1/io.c:397:	// FIXME: this should probably represent the AND of all currently
/home/manan/Aira-Octave/linux-7.2.2/sound/pci/emu10k1/emu10k1_main.c:189:		/* Hacks for Alice3 to work independent of haP16V driver */
/home/manan/Aira-Octave/linux-7.2.2/sound/pci/emu10k1/emu10k1_main.c:204:		/* Hacks for Alice3 to work independent of haP16V driver */
/home/manan/Aira-Octave/linux-7.2.2/sound/pci/emu10k1/emu10k1_main.c:290:	/* FIXME: Remove all these emu->model and replace it with a card recognition parameter,
/home/manan/Aira-Octave/linux-7.2.2/sound/pci/emu10k1/emu10k1_main.c:371:	/* FIXME: the following routine disables LiveDrive-II !! */
/home/manan/Aira-Octave/linux-7.2.2/sound/pci/emu10k1/emu10k1_main.c:609:	/* Step 3: Wait for awhile;   XXX We can't get away with this
/home/manan/Aira-Octave/linux-7.2.2/sound/pci/emu10k1/emu10k1_main.c:1011:	 * Win sets it to 0xXX61
/home/manan/Aira-Octave/linux-7.2.2/sound/pci/emu10k1/emu10k1_main.c:1601:	// FIXME: these should come from the card_capabilites table.
/home/manan/Aira-Octave/linux-7.2.2/sound/pci/emu10k1/p17v.h:62:/* FIXME: Not tested yet. */
/home/manan/Aira-Octave/linux-7.2.2/sound/pci/emu10k1/emumixer.c:936:		// TODO: determine what is actually available.
/home/manan/Aira-Octave/linux-7.2.2/sound/pci/emu10k1/emumixer.c:1929:	/* FIXME: better to use a cached version */
/home/manan/Aira-Octave/linux-7.2.2/sound/pci/emu10k1/emumixer.c:2136:			goto no_ac97; /* FIXME: get rid of ugly gotos.. */
/home/manan/Aira-Octave/linux-7.2.2/sound/pci/emu10k1/emufx.c:831:	     	/* FIXME: we need to check the WRITE access */
/home/manan/Aira-Octave/linux-7.2.2/sound/pci/emu10k1/emufx.c:1099:		/* FIXME: we need to add universal code to the PCM transfer routine */
/home/manan/Aira-Octave/linux-7.2.2/sound/pci/emu10k1/emufx.c:2361:#if 0 /* FIXME: who use them? */
/home/manan/Aira-Octave/linux-7.2.2/sound/pci/emu10k1/emu10k1x.c:12: *  TODO:
/home/manan/Aira-Octave/linux-7.2.2/sound/pci/emu10k1/emu10k1_callback.c:165:	/* FIXME: emu10k1_synth is broken. */
/home/manan/Aira-Octave/linux-7.2.2/sound/pci/emu10k1/emu10k1_callback.c:218:		best[i].time = (unsigned int)-1; /* XXX MAX_?INT really */
/home/manan/Aira-Octave/linux-7.2.2/sound/pci/emu10k1/p16v.h:38:#define CAPTURE_P16V_VOLUME1	0x14		/* Low: Capture volume 0xXXXX3030 */
/home/manan/Aira-Octave/linux-7.2.2/sound/pci/emu10k1/p16v.h:151:						 * 0xXXXXXXX4 = Enable Front Left/Right
/home/manan/Aira-Octave/linux-7.2.2/sound/pci/emu10k1/p16v.h:165:						/* 0xXXXX3030 = PCM0 Volume (Front).
/home/manan/Aira-Octave/linux-7.2.2/sound/pci/emu10k1/p16v.h:166:						 * 0x3030XXXX = PCM1 Volume (Center)
/home/manan/Aira-Octave/linux-7.2.2/sound/pci/emu10k1/p16v.h:169:						/* 0x3030XXXX = PCM3 Volume (Rear). */
/home/manan/Aira-Octave/linux-7.2.2/sound/pci/emu10k1/p16v.h:188:						 * 0xXXXXXXX1 = PCM0 Left. (Front)
/home/manan/Aira-Octave/linux-7.2.2/sound/pci/emu10k1/p16v.h:189:						 * 0xXXXXXXX2 = PCM0 Right.
/home/manan/Aira-Octave/linux-7.2.2/sound/pci/emu10k1/p16v.h:190:						 * 0xXXXXXXX4 = PCM1 Left. (Center/LFE)
/home/manan/Aira-Octave/linux-7.2.2/sound/pci/emu10k1/p16v.h:191:						 * 0xXXXXXXX8 = PCM1 Right.
/home/manan/Aira-Octave/linux-7.2.2/sound/pci/emu10k1/p16v.h:192:						 * 0xXXXXXX1X = PCM2 Left. (Unknown)
/home/manan/Aira-Octave/linux-7.2.2/sound/pci/emu10k1/p16v.h:193:						 * 0xXXXXXX2X = PCM2 Right.
/home/manan/Aira-Octave/linux-7.2.2/sound/pci/emu10k1/p16v.h:194:						 * 0xXXXXXX4X = PCM3 Left. (Rear)
/home/manan/Aira-Octave/linux-7.2.2/sound/pci/emu10k1/p16v.h:195:						 * 0xXXXXXX8X = PCM3 Right.
/home/manan/Aira-Octave/linux-7.2.2/sound/pci/emu10k1/p16v.h:208:						/* 0xXXXXXX10 = PCM0 Left/Right On. (Front)
/home/manan/Aira-Octave/linux-7.2.2/sound/pci/emu10k1/p16v.h:209:						 * 0xXXXXXX20 = PCM1 Left/Right On. (Center/LFE)
/home/manan/Aira-Octave/linux-7.2.2/sound/pci/emu10k1/p16v.h:210:						 * 0xXXXXXX40 = PCM2 Left/Right On. (Unknown)
/home/manan/Aira-Octave/linux-7.2.2/sound/pci/emu10k1/p16v.h:211:						 * 0xXXXXXX80 = PCM3 Left/Right On. (Rear)
/home/manan/Aira-Octave/linux-7.2.2/sound/pci/ca0106/ca0106_mixer.c:375:		/* FIXME: this isn't safe, but needed to keep the compatibility
/home/manan/Aira-Octave/linux-7.2.2/sound/pci/ca0106/ca0106.h:514:/* FIXME: Not tested yet. */
/home/manan/Aira-Octave/linux-7.2.2/sound/pci/ca0106/ca0106_main.c:92: *  TODO:
/home/manan/Aira-Octave/linux-7.2.2/sound/pci/ca0106/ca0106_main.c:165:	   .name   = "X-Fi Extreme Audio [SBxxxx]",
/home/manan/Aira-Octave/linux-7.2.2/sound/pci/ca0106/ca0106_main.c:256:	/* FIXME: the GPIO and I2C setting aren't tested well */
/home/manan/Aira-Octave/linux-7.2.2/sound/pci/ca0106/ca0106_main.c:311:#if 0 /* FIXME: looks like 44.1kHz capture causes noisy output on 48kHz */
/home/manan/Aira-Octave/linux-7.2.2/sound/pci/ca0106/ca0106_main.c:319:#endif /* FIXME */
/home/manan/Aira-Octave/linux-7.2.2/sound/pci/ca0106/ca0106_main.c:368:	reset = (tmp & ~0x3ffff) | 0x20000; /* Set xxx20000 */
/home/manan/Aira-Octave/linux-7.2.2/sound/pci/ca0106/ca0106_main.c:369:	set = reset | 0x10000; /* Set xxx1xxxx */
/home/manan/Aira-Octave/linux-7.2.2/sound/pci/ca0106/ca0106_main.c:607:	/* FIXME: maybe zero others */
/home/manan/Aira-Octave/linux-7.2.2/sound/pci/ca0106/ca0106_main.c:681:	/* FIXME: maybe zero others */
/home/manan/Aira-Octave/linux-7.2.2/sound/pci/ca0106/ca0106_main.c:720:	/* FIXME: Depending on mixer selection of SPDIF out or not, select the spdif rate or the DAC rate. */
/home/manan/Aira-Octave/linux-7.2.2/sound/pci/ca0106/ca0106_main.c:768:	/* FIXME: Only let the first channel accessed set this. */
/home/manan/Aira-Octave/linux-7.2.2/sound/pci/ca0106/ca0106_main.c:790:	/* FIXME: Check emu->buffer->size before actually writing to it. */
/home/manan/Aira-Octave/linux-7.2.2/sound/pci/ca0106/ca0106_main.c:801:	/* FIXME  test what 0 bytes does. */
/home/manan/Aira-Octave/linux-7.2.2/sound/pci/ca0106/ca0106_main.c:870:	/* FIXME: Only let the first channel accessed set this. */
/home/manan/Aira-Octave/linux-7.2.2/sound/pci/ca0106/ca0106_main.c:1203:/* FIXME: Select the correct substream for period elapsed */
/home/manan/Aira-Octave/linux-7.2.2/sound/pci/ca0106/ca0106_main.c:1219:/* FIXME: Select the correct substream for period elapsed */
/home/manan/Aira-Octave/linux-7.2.2/sound/pci/ca0106/ca0106_main.c:1410:#if 0 /* FIXME: what are these? */
/home/manan/Aira-Octave/linux-7.2.2/sound/pci/ca0106/ca0106_main.c:1480:		/* FIXME: Still need to find out what the other GPIO bits do.
/home/manan/Aira-Octave/linux-7.2.2/sound/pci/ca0106/ca0106_main.c:1488:		/* FIXME: Still need to find out what the other GPIO bits do.
/home/manan/Aira-Octave/linux-7.2.2/sound/pci/ca0106/ca0106_main.c:1554:	/* FIXME: We need to stop and DMA transfers here.
/home/manan/Aira-Octave/linux-7.2.2/sound/pci/azt3328.c:64: *    FIXME: how to enable legacy addr??
/home/manan/Aira-Octave/linux-7.2.2/sound/pci/azt3328.c:73: *    [FIXME: 3.3V or 5V level? maximum rate is 66.2kHz right?]
/home/manan/Aira-Octave/linux-7.2.2/sound/pci/azt3328.c:78: *    required for Microsoft's logo compliance (FIXME: where?)
/home/manan/Aira-Octave/linux-7.2.2/sound/pci/azt3328.c:149: * TODO
/home/manan/Aira-Octave/linux-7.2.2/sound/pci/azt3328.c:252:	spinlock_t *lock; /* TODO: convert to our own per-codec lock member */
/home/manan/Aira-Octave/linux-7.2.2/sound/pci/azt3328.c:1255:	 * (FIXME: yes, it works, but what exactly am I doing here?? :)
/home/manan/Aira-Octave/linux-7.2.2/sound/pci/azt3328.c:1256:	 * FIXME: does this have some side effects for full-duplex
/home/manan/Aira-Octave/linux-7.2.2/sound/pci/azt3328.c:1469:			/* FIXME: clear interrupts or what??? */
/home/manan/Aira-Octave/linux-7.2.2/sound/pci/azt3328.c:1480:			/* FIXME: enable playback/recording??? */
/home/manan/Aira-Octave/linux-7.2.2/sound/pci/azt3328.c:1485:			/* FIXME: what is this value (0x0010)??? */
/home/manan/Aira-Octave/linux-7.2.2/sound/pci/azt3328.c:1576:		WARN(1, "FIXME: SNDRV_PCM_TRIGGER_PAUSE_PUSH NIY!\n");
/home/manan/Aira-Octave/linux-7.2.2/sound/pci/azt3328.c:1579:		WARN(1, "FIXME: SNDRV_PCM_TRIGGER_PAUSE_RELEASE NIY!\n");
/home/manan/Aira-Octave/linux-7.2.2/sound/pci/azt3328.c:1582:		WARN(1, "FIXME: unknown trigger mode!\n");
/home/manan/Aira-Octave/linux-7.2.2/sound/pci/azt3328.c:1939:	/* FIXME!! Correct? */
/home/manan/Aira-Octave/linux-7.2.2/sound/pci/azt3328.c:1963:	/* FIXME: maybe that card actually has a FIFO?
/home/manan/Aira-Octave/linux-7.2.2/sound/pci/rme9652/hdsp.c:371:/* FIXME : more values for 9632 cards ? */
/home/manan/Aira-Octave/linux-7.2.2/sound/pci/rme9652/hdsp.c:418:    u32 xxx_peak[16];
/home/manan/Aira-Octave/linux-7.2.2/sound/pci/rme9652/hdsp.c:423:    u32 xxx_rms_low[16];
/home/manan/Aira-Octave/linux-7.2.2/sound/pci/rme9652/hdsp.c:427:    u32 xxx_rms_high[16];
/home/manan/Aira-Octave/linux-7.2.2/sound/pci/rme9652/hdspm.c:4168:	/* TODO freq from app could be supported here, see tco->samplerate */
/home/manan/Aira-Octave/linux-7.2.2/sound/pci/rme9652/hdspm.c:4921:		pref_sync_ref = "XXXX Clock";
/home/manan/Aira-Octave/linux-7.2.2/sound/pci/rme9652/hdspm.c:6243:			/* TODO: Mac driver sets it when f_s>48kHz */
/home/manan/Aira-Octave/linux-7.2.2/sound/pci/rme9652/rme9652.c:675:	/* XXX what unsets this ? */
/home/manan/Aira-Octave/linux-7.2.2/sound/pci/rme9652/rme9652.c:862:	/* XXX do we actually need to stop the card when we do this ? */
/home/manan/Aira-Octave/linux-7.2.2/sound/pci/rme9652/rme9652.c:1357:/* FIXME: this routine needs a port to the new control API --jk */
/home/manan/Aira-Octave/linux-7.2.2/sound/pci/rme9652/rme9652.c:1379:	/* XXX bug alert: loop-based timing !!!! */
/home/manan/Aira-Octave/linux-7.2.2/sound/pci/ali5451/ali5451.c:10: *  TODO:
/home/manan/Aira-Octave/linux-7.2.2/sound/pci/ali5451/ali5451.c:1763:	/* FIXME: "IEC958 Playback Switch" may conflict with one on ac97_codec */
/home/manan/Aira-Octave/linux-7.2.2/sound/pci/cs46xx/cs46xx_lib.c:16: *  TODO:
/home/manan/Aira-Octave/linux-7.2.2/sound/pci/cs46xx/cs46xx_lib.c:342:	"cwc4630", "cwcasync", "cwcsnoop", "cwcbinhack", "cwcdma"
/home/manan/Aira-Octave/linux-7.2.2/sound/pci/cs46xx/cs46xx_lib.c:348:MODULE_FIRMWARE("cs46xx/cwcbinhack");
/home/manan/Aira-Octave/linux-7.2.2/sound/pci/cs46xx/cs46xx_lib.c:1481:	chip->playback_pcm = cpcm; /* HACK */
/home/manan/Aira-Octave/linux-7.2.2/sound/pci/cs46xx/cs46xx_lib.c:2457:	/* get EAPD mixer switch (for voyetra hack) */
/home/manan/Aira-Octave/linux-7.2.2/sound/pci/cs46xx/cs46xx_lib.c:3492: *	The original idea and code for this hack comes from David Kaiser at
/home/manan/Aira-Octave/linux-7.2.2/sound/pci/cs46xx/cs46xx_lib.c:3497:static void clkrun_hack(struct snd_cs46xx *chip, int change)
/home/manan/Aira-Octave/linux-7.2.2/sound/pci/cs46xx/cs46xx_lib.c:3642:	/* Not sure if the 570 needs the clkrun hack */
/home/manan/Aira-Octave/linux-7.2.2/sound/pci/cs46xx/cs46xx_lib.c:3648:		.active = clkrun_hack,
/home/manan/Aira-Octave/linux-7.2.2/sound/pci/cs46xx/cs46xx_lib.c:3655:		.active = clkrun_hack,
/home/manan/Aira-Octave/linux-7.2.2/sound/pci/cs46xx/cs46xx_lib.c:3840:	/* set up amp and clkrun hack */
/home/manan/Aira-Octave/linux-7.2.2/sound/pci/cs46xx/cs46xx_lib.c:3846:			dev_dbg(chip->card->dev, "hack for %s enabled\n",
/home/manan/Aira-Octave/linux-7.2.2/sound/pci/cs46xx/cs46xx_lib.c:3867:			 "Activating CLKRUN hack for Thinkpad.\n");
/home/manan/Aira-Octave/linux-7.2.2/sound/pci/cs46xx/cs46xx_lib.c:3868:		chip->active_ctrl = clkrun_hack;
/home/manan/Aira-Octave/linux-7.2.2/sound/pci/cs46xx/cs46xx.h:1689:	struct snd_kcontrol *eapd_switch; /* for amplifier hack */
/home/manan/Aira-Octave/linux-7.2.2/sound/pci/cs46xx/dsp_spos.h:11:#ifdef  CONFIG_SND_CS46XX_NEW_DSP /* hack ... */
/home/manan/Aira-Octave/linux-7.2.2/sound/pci/cs46xx/cs46xx_dsp_scb_types.h:296:	/* Initial values are 0000:xxxx */
/home/manan/Aira-Octave/linux-7.2.2/sound/pci/cs46xx/cs46xx_dsp_scb_types.h:302:	/* Initial values are xxxx:0000
/home/manan/Aira-Octave/linux-7.2.2/sound/pci/cs46xx/cs46xx_dsp_scb_types.h:784:	   xxx for ASER 1 (not allowed); 118 for ASER2 */
/home/manan/Aira-Octave/linux-7.2.2/sound/pci/cs46xx/dsp_spos_scb_lib.c:1229:		/* TODO */
/home/manan/Aira-Octave/linux-7.2.2/sound/pci/cs46xx/dsp_spos_scb_lib.c:1242:			/* Hack to bypass creating a new SRC */
/home/manan/Aira-Octave/linux-7.2.2/sound/pci/als300.c:6: *  TODO
/home/manan/Aira-Octave/linux-7.2.2/sound/pci/als300.c:236:	/* FIXME: Ack other interrupt types. Not important right now as
/home/manan/Aira-Octave/linux-7.2.2/sound/pci/cmipci.c:652:	/* FIXME: Init (Do we've to set an other register first before programming?) */
/home/manan/Aira-Octave/linux-7.2.2/sound/pci/cmipci.c:654:	/* FIXME: Is this correct? Or shouldn't the m/n/r values be used for that? */
/home/manan/Aira-Octave/linux-7.2.2/sound/pci/cmipci.c:658:	/* FIXME: Setup (Do we've to set an other register first to enable this?) */
/home/manan/Aira-Octave/linux-7.2.2/sound/pci/cmipci.c:1295:static void snd_cmipci_silence_hack(struct cmipci *cm, struct cmipci_pcm *rec)
/home/manan/Aira-Octave/linux-7.2.2/sound/pci/cmipci.c:1346:	snd_cmipci_silence_hack(cm, &cm->channel[0]);
/home/manan/Aira-Octave/linux-7.2.2/sound/pci/cmipci.c:1353:	snd_cmipci_silence_hack(cm, &cm->channel[1]);
/home/manan/Aira-Octave/linux-7.2.2/sound/pci/cmipci.c:1565:	/* FIXME: a file should wait until the device becomes free
/home/manan/Aira-Octave/linux-7.2.2/sound/pci/cmipci.c:2794:	static const int ports[] = { 0x201, 0x200, 0 }; /* FIXME: majority is 0x201? */
/home/manan/Aira-Octave/linux-7.2.2/sound/pci/lola/lola_mixer.c:811:/* FIXME: buggy mixer matrix handling */
/home/manan/Aira-Octave/linux-7.2.2/sound/pci/lola/lola_mixer.c:840:#endif /* FIXME */
/home/manan/Aira-Octave/linux-7.2.2/sound/pci/Kconfig:18:	  device found in particular on the Hewlett-Packard [BCJ]-xxx0
/home/manan/Aira-Octave/linux-7.2.2/sound/pci/Kconfig:66:	tristate "AudioScience ASIxxxx"
/home/manan/Aira-Octave/linux-7.2.2/sound/pci/Kconfig:494:# select SEQ stuff to min(SND_SEQUENCER,SND_XXX)
/home/manan/Aira-Octave/linux-7.2.2/sound/pci/ac97/ac97_patch.c:1260:	/* FIXME: assume only page 0 for writing cache */
/home/manan/Aira-Octave/linux-7.2.2/sound/pci/ac97/ac97_patch.c:2649:	/* FIXME: what about revision D ? */
/home/manan/Aira-Octave/linux-7.2.2/sound/pci/ac97/ac97_patch.c:3005:	/* FIXME: can anyone confirm below? */
/home/manan/Aira-Octave/linux-7.2.2/sound/pci/ac97/ac97_patch.c:3127:	/* FIXME: set up GPIO */
/home/manan/Aira-Octave/linux-7.2.2/sound/pci/ac97/ac97_patch.c:3149:	/* FIXME: check the bits for each model
/home/manan/Aira-Octave/linux-7.2.2/sound/pci/ac97/ac97_patch.c:3321:	/* FIXME: set up GPIO */
/home/manan/Aira-Octave/linux-7.2.2/sound/pci/ac97/ac97_pcm.c:131:/* FIXME: more various mappings for ADC? */
/home/manan/Aira-Octave/linux-7.2.2/sound/pci/ac97/ac97_pcm.c:167:	/* TODO: double rate support */
/home/manan/Aira-Octave/linux-7.2.2/sound/pci/ac97/ac97_pcm.c:425: * some slots are available, pcm->xxx.slots and pcm->xxx.rslots[] members
/home/manan/Aira-Octave/linux-7.2.2/sound/pci/ac97/ac97_codec.c:138:{ 0x43585428, 0xfffffff8, "Cx20468",		patch_conexant,	NULL }, // SmartAMC fixme: the mask might be different
/home/manan/Aira-Octave/linux-7.2.2/sound/pci/ac97/ac97_codec.c:699:	/* FIXME: AC'97 spec doesn't say which bits are used for what */
/home/manan/Aira-Octave/linux-7.2.2/sound/pci/ac97/ac97_codec.c:1646:	/* Hack for ASUS P5P800-VM, which does not indicate S/PDIF capability */
/home/manan/Aira-Octave/linux-7.2.2/sound/pci/ac97/ac97_codec.c:2180:	if (bus->ops->reset) // FIXME: always skipping?
/home/manan/Aira-Octave/linux-7.2.2/sound/pci/ac97/ac97_codec.c:2183:	/* FIXME: add powerdown control */
/home/manan/Aira-Octave/linux-7.2.2/sound/pci/ac97/ac97_codec.c:2204:	/* FIXME: add powerdown control */
/home/manan/Aira-Octave/linux-7.2.2/sound/pci/ac97/ac97_codec.c:2391:		/* FIXME: this may cause click noises on some boards */
/home/manan/Aira-Octave/linux-7.2.2/sound/pci/ac97/ac97_codec.c:2612:		/* FIXME: extra delay */
/home/manan/Aira-Octave/linux-7.2.2/sound/pci/ymfpci/ymfpci_main.c:133:		return 0x40000000;	/* FIXME: What's the right value? */
/home/manan/Aira-Octave/linux-7.2.2/sound/pci/ymfpci/ymfpci_main.c:247:		/* TODO: synth/midi voice deallocation */
/home/manan/Aira-Octave/linux-7.2.2/sound/pci/ymfpci/ymfpci_main.c:814:	.buffer_bytes_max =	256 * 1024, /* FIXME: enough? */
/home/manan/Aira-Octave/linux-7.2.2/sound/pci/ymfpci/ymfpci_main.c:816:	.period_bytes_max =	256 * 1024, /* FIXME: enough? */
/home/manan/Aira-Octave/linux-7.2.2/sound/pci/ymfpci/ymfpci_main.c:836:	.buffer_bytes_max =	256 * 1024, /* FIXME: enough? */
/home/manan/Aira-Octave/linux-7.2.2/sound/pci/ymfpci/ymfpci_main.c:838:	.period_bytes_max =	256 * 1024, /* FIXME: enough? */
/home/manan/Aira-Octave/linux-7.2.2/sound/pci/ymfpci/ymfpci_main.c:857:	/* FIXME? True value is 256/48 = 5.33333 ms */
/home/manan/Aira-Octave/linux-7.2.2/sound/pci/ymfpci/ymfpci_main.c:983:	/* FIXME? True value is 256/48 = 5.33333 ms */
/home/manan/Aira-Octave/linux-7.2.2/sound/pci/oxygen/xonar_lib.c:52:			/* TODO: stop PCMs */
/home/manan/Aira-Octave/linux-7.2.2/sound/pci/via82xx_modem.c:177:#define  VIA_FUNC_MIDI_PNP	0x80 /* FIXME: it's 0x40 in the datasheet! */
/home/manan/Aira-Octave/linux-7.2.2/sound/pci/via82xx_modem.c:178:#define  VIA_FUNC_MIDI_IRQMASK	0x40 /* FIXME: not documented! */
/home/manan/Aira-Octave/linux-7.2.2/sound/pci/via82xx_modem.c:945:#if 1 /* FIXME: should we do full reset here for all chip models? */
/home/manan/Aira-Octave/linux-7.2.2/sound/oss/dmasound/dmasound_core.c:161: * TODO: think about how to sort this out... without bogging everything down in
/home/manan/Aira-Octave/linux-7.2.2/sound/oss/dmasound/dmasound_core.c:171: * it will be quite hard to trap it with an -EXXX return... because we can't
/home/manan/Aira-Octave/linux-7.2.2/sound/oss/dmasound/dmasound_core.c:473:	   latency. (TODO.  For now we will copy in the defaults.)
/home/manan/Aira-Octave/linux-7.2.2/sound/oss/dmasound/dmasound_core.c:769:		/* TODO: if O_RDWR, release any resources grabbed by write part */
/home/manan/Aira-Octave/linux-7.2.2/sound/oss/dmasound/dmasound_core.c:903:	/* XXX add check here,*/
/home/manan/Aira-Octave/linux-7.2.2/sound/oss/dmasound/dmasound_core.c:916:   TODO: We might change this to mask O_RDWR such that only one or the other channel
/home/manan/Aira-Octave/linux-7.2.2/sound/oss/dmasound/dmasound_core.c:1041:		   will cause the _ctx_xxx() functions to be substituted.
/home/manan/Aira-Octave/linux-7.2.2/sound/oss/dmasound/dmasound_core.c:1239:        return "ERROR: Unsupported AFMT_XXXX code" ;
/home/manan/Aira-Octave/linux-7.2.2/sound/oss/dmasound/dmasound_core.c:1434:	/* FIXME: other than in the most naive of cases there is no sense in these
/home/manan/Aira-Octave/linux-7.2.2/sound/.sound_core.o.cmd:370:    $(wildcard include/config/HAVE_JUMP_LABEL_HACK) \
/home/manan/Aira-Octave/linux-7.2.2/sound/ppc/awacs.c:618:/* FIXME: is this correct order?
/home/manan/Aira-Octave/linux-7.2.2/sound/ppc/awacs.c:872:	/* FIXME: Only machines with external SRS module need MASK_PAROUT */
/home/manan/Aira-Octave/linux-7.2.2/sound/ppc/awacs.c:885:		/* FIXME: screamer has loopthru vol control */
/home/manan/Aira-Octave/linux-7.2.2/sound/ppc/awacs.c:887:		/* FIXME: maybe should be vol << 3 for PCMCIA speaker */
/home/manan/Aira-Octave/linux-7.2.2/sound/ppc/pmac.c:374: * DEAD status.  However this is a TODO for now - we'll see what gets reported.
/home/manan/Aira-Octave/linux-7.2.2/sound/ppc/pmac.c:583:#if 0 /* FIXME: still under development.. */
/home/manan/Aira-Octave/linux-7.2.2/sound/ppc/pmac.c:971:		// chip->can_byte_swap = 0; /* FIXME: check this */
/home/manan/Aira-Octave/linux-7.2.2/sound/ppc/pmac.c:981:		// chip->can_byte_swap = 0; /* FIXME: check this */
/home/manan/Aira-Octave/linux-7.2.2/sound/ppc/pmac.c:993:		// chip->can_byte_swap = 0; /* FIXME: check this */
/home/manan/Aira-Octave/linux-7.2.2/sound/ppc/pmac.c:1000:		// chip->can_byte_swap = 0; /* FIXME: check this */
/home/manan/Aira-Octave/linux-7.2.2/sound/ppc/snd_ps3.c:676:/* FIXME: ps3av_set_audio_mode() assumes only consumer mode */
/home/manan/Aira-Octave/linux-7.2.2/sound/ppc/snd_ps3.c:768:	/* FIXME: move this to device_init (H/W probe) */
/home/manan/Aira-Octave/linux-7.2.2/sound/ppc/tumbler.c:716: * mute switches. FIXME: Turn that into software mute when both outputs are muted
/home/manan/Aira-Octave/linux-7.2.2/sound/ppc/tumbler.c:890:	  .name = "Input Source", /* FIXME: "Capture Source" doesn't work properly */
/home/manan/Aira-Octave/linux-7.2.2/sound/ppc/tumbler.c:1136:		/* Here are some crude hacks to extract the GPIO polarity and
/home/manan/Aira-Octave/linux-7.2.2/sound/ppc/keywest.c:30: * This is kind of a hack, best would be to turn powermac to fixed i2c
/home/manan/Aira-Octave/linux-7.2.2/sound/ppc/beep.c:220:	/* FIXME: set more better values */
/home/manan/Aira-Octave/linux-7.2.2/sound/virtio/virtio_pcm_msg.c:386: * @command: Control request code (VIRTIO_SND_R_PCM_XXX).
/home/manan/Aira-Octave/linux-7.2.2/sound/virtio/virtio_pcm.c:104:	 * TODO: set SNDRV_PCM_INFO_{BATCH,BLOCK_TRANSFER} if device supports
/home/manan/Aira-Octave/linux-7.2.2/sound/virtio/virtio_pcm.c:516:		/* TODO: deal with shmem elapsed period */
/home/manan/Aira-Octave/linux-7.2.2/sound/virtio/virtio_jack.c:26: * @features: Jack virtio feature bit map (1 << VIRTIO_SND_JACK_F_XXX).
/home/manan/Aira-Octave/linux-7.2.2/sound/virtio/virtio_jack.c:30: * @type: Kernel jack type (SND_JACK_XXX).
/home/manan/Aira-Octave/linux-7.2.2/sound/virtio/virtio_jack.c:98: * Return: SND_JACK_XXX value.
/home/manan/Aira-Octave/linux-7.2.2/sound/virtio/virtio_pcm.h:22: * @direction: Stream data flow direction (SNDRV_PCM_STREAM_XXX).
/home/manan/Aira-Octave/linux-7.2.2/sound/virtio/virtio_pcm.h:23: * @features: Stream VirtIO feature bit map (1 << VIRTIO_SND_PCM_F_XXX).
/home/manan/Aira-Octave/linux-7.2.2/sound/virtio/virtio_kctl.c:278: * @op_flag: Operation code (SNDRV_CTL_TLV_OP_XXX).
/home/manan/Aira-Octave/linux-7.2.2/sound/virtio/virtio_pcm_ops.c:148: * @format: Selected sample format (SNDRV_PCM_FORMAT_XXX).
/home/manan/Aira-Octave/linux-7.2.2/sound/virtio/virtio_pcm_ops.c:319: * @command: Substream command (SNDRV_PCM_TRIGGER_XXX).
/home/manan/Aira-Octave/linux-7.2.2/sound/virtio/virtio_chmap.c:115: * @direction: PCM stream direction (SNDRV_PCM_STREAM_XXX).
/home/manan/Aira-Octave/linux-7.2.2/sound/virtio/virtio_ctl_msg.c:249: * @command: Control request code (VIRTIO_SND_R_XXX_INFO).
/home/manan/Aira-Octave/linux-7.2.2/sound/virtio/virtio_ctl_msg.h:46: * The return value is a message status code (VIRTIO_SND_S_XXX) converted to an
/home/manan/Aira-Octave/linux-7.2.2/sound/xen/xen_snd_front_alsa.c:655: * FIXME: The mmaped data transfer is asynchronous and there is no
/home/manan/Aira-Octave/linux-7.2.2/sound/sparc/dbri.c:1466:		/* FIXME: enable CHI after _setdata? */
/home/manan/Aira-Octave/linux-7.2.2/sound/sparc/dbri.c:1483:	/* FIXME - let the CPU do something useful during these delays */
/home/manan/Aira-Octave/linux-7.2.2/sound/sparc/dbri.c:1822:	/* FIXME: Check status */
/home/manan/Aira-Octave/linux-7.2.2/sound/sparc/dbri.c:1868:	/* FIXME: do something useful in case of underrun */
/home/manan/Aira-Octave/linux-7.2.2/sound/sparc/dbri.c:2421:	/* FIXME: mic/line switch */
/home/manan/Aira-Octave/linux-7.2.2/sound/sparc/cs4231.c:127:/* XXX offsets are different than PC ISA chips... */
/home/manan/Aira-Octave/linux-7.2.2/sound/sparc/cs4231.c:1147:/* XXX We can do some power-management, in particular on EBUS using
/home/manan/Aira-Octave/linux-7.2.2/sound/sparc/cs4231.c:1148: * XXX the audio AUXIO register...
/home/manan/Aira-Octave/linux-7.2.2/sound/.last.o.cmd:439:    $(wildcard include/config/HAVE_JUMP_LABEL_HACK) \
/home/manan/Aira-Octave/linux-7.2.2/sound/i2c/other/ak4xxx-adda.c:18:#include <sound/ak4xxx-adda.h>
/home/manan/Aira-Octave/linux-7.2.2/sound/i2c/other/ak4xxx-adda.c:26:void snd_akm4xxx_write(struct snd_akm4xxx *ak, int chip, unsigned char reg,
/home/manan/Aira-Octave/linux-7.2.2/sound/i2c/other/ak4xxx-adda.c:33:	snd_akm4xxx_set(ak, chip, reg, val);
/home/manan/Aira-Octave/linux-7.2.2/sound/i2c/other/ak4xxx-adda.c:37:EXPORT_SYMBOL(snd_akm4xxx_write);
/home/manan/Aira-Octave/linux-7.2.2/sound/i2c/other/ak4xxx-adda.c:40:static void ak4524_reset(struct snd_akm4xxx *ak, int state)
/home/manan/Aira-Octave/linux-7.2.2/sound/i2c/other/ak4xxx-adda.c:46:		snd_akm4xxx_write(ak, chip, 0x01, state ? 0x00 : 0x03);
/home/manan/Aira-Octave/linux-7.2.2/sound/i2c/other/ak4xxx-adda.c:51:			snd_akm4xxx_write(ak, chip, reg,
/home/manan/Aira-Octave/linux-7.2.2/sound/i2c/other/ak4xxx-adda.c:52:					  snd_akm4xxx_get(ak, chip, reg));
/home/manan/Aira-Octave/linux-7.2.2/sound/i2c/other/ak4xxx-adda.c:57:static void ak4529_reset(struct snd_akm4xxx *ak, int state)
/home/manan/Aira-Octave/linux-7.2.2/sound/i2c/other/ak4xxx-adda.c:67:		snd_akm4xxx_write(ak, 0, 0x09,
/home/manan/Aira-Octave/linux-7.2.2/sound/i2c/other/ak4xxx-adda.c:68:				  snd_akm4xxx_get(ak, 0, 0x09) & ~0x01);
/home/manan/Aira-Octave/linux-7.2.2/sound/i2c/other/ak4xxx-adda.c:74:		snd_akm4xxx_write(ak, 0, reg,
/home/manan/Aira-Octave/linux-7.2.2/sound/i2c/other/ak4xxx-adda.c:75:				  snd_akm4xxx_get(ak, 0, reg));
/home/manan/Aira-Octave/linux-7.2.2/sound/i2c/other/ak4xxx-adda.c:77:	snd_akm4xxx_write(ak, 0, 0x09,
/home/manan/Aira-Octave/linux-7.2.2/sound/i2c/other/ak4xxx-adda.c:78:			  snd_akm4xxx_get(ak, 0, 0x09) | 0x01);
/home/manan/Aira-Octave/linux-7.2.2/sound/i2c/other/ak4xxx-adda.c:82:static void ak435X_reset(struct snd_akm4xxx *ak, int state)
/home/manan/Aira-Octave/linux-7.2.2/sound/i2c/other/ak4xxx-adda.c:87:		snd_akm4xxx_write(ak, 0, 0x01, 0x02); /* reset and soft-mute */
/home/manan/Aira-Octave/linux-7.2.2/sound/i2c/other/ak4xxx-adda.c:92:			snd_akm4xxx_write(ak, 0, reg,
/home/manan/Aira-Octave/linux-7.2.2/sound/i2c/other/ak4xxx-adda.c:93:					  snd_akm4xxx_get(ak, 0, reg));
/home/manan/Aira-Octave/linux-7.2.2/sound/i2c/other/ak4xxx-adda.c:94:	snd_akm4xxx_write(ak, 0, 0x01, 0x01); /* un-reset, unmute */
/home/manan/Aira-Octave/linux-7.2.2/sound/i2c/other/ak4xxx-adda.c:98:static void ak4381_reset(struct snd_akm4xxx *ak, int state)
/home/manan/Aira-Octave/linux-7.2.2/sound/i2c/other/ak4xxx-adda.c:103:		snd_akm4xxx_write(ak, chip, 0x00, state ? 0x0c : 0x0f);
/home/manan/Aira-Octave/linux-7.2.2/sound/i2c/other/ak4xxx-adda.c:107:			snd_akm4xxx_write(ak, chip, reg,
/home/manan/Aira-Octave/linux-7.2.2/sound/i2c/other/ak4xxx-adda.c:108:					  snd_akm4xxx_get(ak, chip, reg));
/home/manan/Aira-Octave/linux-7.2.2/sound/i2c/other/ak4xxx-adda.c:118:void snd_akm4xxx_reset(struct snd_akm4xxx *ak, int state)
/home/manan/Aira-Octave/linux-7.2.2/sound/i2c/other/ak4xxx-adda.c:143:EXPORT_SYMBOL(snd_akm4xxx_reset);
/home/manan/Aira-Octave/linux-7.2.2/sound/i2c/other/ak4xxx-adda.c:181: * initialize all the ak4xxx chips
/home/manan/Aira-Octave/linux-7.2.2/sound/i2c/other/ak4xxx-adda.c:183:void snd_akm4xxx_init(struct snd_akm4xxx *ak)
/home/manan/Aira-Octave/linux-7.2.2/sound/i2c/other/ak4xxx-adda.c:337:		snd_akm4xxx_set_vol(ak, 0, 0x04, 127);
/home/manan/Aira-Octave/linux-7.2.2/sound/i2c/other/ak4xxx-adda.c:338:		snd_akm4xxx_set_vol(ak, 0, 0x05, 127);
/home/manan/Aira-Octave/linux-7.2.2/sound/i2c/other/ak4xxx-adda.c:356:			snd_akm4xxx_write(ak, chip, reg, data);
/home/manan/Aira-Octave/linux-7.2.2/sound/i2c/other/ak4xxx-adda.c:362:EXPORT_SYMBOL(snd_akm4xxx_init);
/home/manan/Aira-Octave/linux-7.2.2/sound/i2c/other/ak4xxx-adda.c:382:static int snd_akm4xxx_volume_info(struct snd_kcontrol *kcontrol,
/home/manan/Aira-Octave/linux-7.2.2/sound/i2c/other/ak4xxx-adda.c:394:static int snd_akm4xxx_volume_get(struct snd_kcontrol *kcontrol,
/home/manan/Aira-Octave/linux-7.2.2/sound/i2c/other/ak4xxx-adda.c:397:	struct snd_akm4xxx *ak = snd_kcontrol_chip(kcontrol);
/home/manan/Aira-Octave/linux-7.2.2/sound/i2c/other/ak4xxx-adda.c:401:	ucontrol->value.integer.value[0] = snd_akm4xxx_get_vol(ak, chip, addr);
/home/manan/Aira-Octave/linux-7.2.2/sound/i2c/other/ak4xxx-adda.c:408:	struct snd_akm4xxx *ak = snd_kcontrol_chip(kcontrol);
/home/manan/Aira-Octave/linux-7.2.2/sound/i2c/other/ak4xxx-adda.c:412:	if (snd_akm4xxx_get_vol(ak, chip, addr) == nval)
/home/manan/Aira-Octave/linux-7.2.2/sound/i2c/other/ak4xxx-adda.c:415:	snd_akm4xxx_set_vol(ak, chip, addr, nval);
/home/manan/Aira-Octave/linux-7.2.2/sound/i2c/other/ak4xxx-adda.c:424:	snd_akm4xxx_write(ak, chip, addr, nval);
/home/manan/Aira-Octave/linux-7.2.2/sound/i2c/other/ak4xxx-adda.c:428:static int snd_akm4xxx_volume_put(struct snd_kcontrol *kcontrol,
/home/manan/Aira-Octave/linux-7.2.2/sound/i2c/other/ak4xxx-adda.c:438:static int snd_akm4xxx_stereo_volume_info(struct snd_kcontrol *kcontrol,
/home/manan/Aira-Octave/linux-7.2.2/sound/i2c/other/ak4xxx-adda.c:450:static int snd_akm4xxx_stereo_volume_get(struct snd_kcontrol *kcontrol,
/home/manan/Aira-Octave/linux-7.2.2/sound/i2c/other/ak4xxx-adda.c:453:	struct snd_akm4xxx *ak = snd_kcontrol_chip(kcontrol);
/home/manan/Aira-Octave/linux-7.2.2/sound/i2c/other/ak4xxx-adda.c:457:	ucontrol->value.integer.value[0] = snd_akm4xxx_get_vol(ak, chip, addr);
/home/manan/Aira-Octave/linux-7.2.2/sound/i2c/other/ak4xxx-adda.c:458:	ucontrol->value.integer.value[1] = snd_akm4xxx_get_vol(ak, chip, addr+1);
/home/manan/Aira-Octave/linux-7.2.2/sound/i2c/other/ak4xxx-adda.c:462:static int snd_akm4xxx_stereo_volume_put(struct snd_kcontrol *kcontrol,
/home/manan/Aira-Octave/linux-7.2.2/sound/i2c/other/ak4xxx-adda.c:479:static int snd_akm4xxx_deemphasis_info(struct snd_kcontrol *kcontrol,
/home/manan/Aira-Octave/linux-7.2.2/sound/i2c/other/ak4xxx-adda.c:488:static int snd_akm4xxx_deemphasis_get(struct snd_kcontrol *kcontrol,
/home/manan/Aira-Octave/linux-7.2.2/sound/i2c/other/ak4xxx-adda.c:491:	struct snd_akm4xxx *ak = snd_kcontrol_chip(kcontrol);
/home/manan/Aira-Octave/linux-7.2.2/sound/i2c/other/ak4xxx-adda.c:496:		(snd_akm4xxx_get(ak, chip, addr) >> shift) & 3;
/home/manan/Aira-Octave/linux-7.2.2/sound/i2c/other/ak4xxx-adda.c:500:static int snd_akm4xxx_deemphasis_put(struct snd_kcontrol *kcontrol,
/home/manan/Aira-Octave/linux-7.2.2/sound/i2c/other/ak4xxx-adda.c:503:	struct snd_akm4xxx *ak = snd_kcontrol_chip(kcontrol);
/home/manan/Aira-Octave/linux-7.2.2/sound/i2c/other/ak4xxx-adda.c:511:		(snd_akm4xxx_get(ak, chip, addr) & ~(3 << shift));
/home/manan/Aira-Octave/linux-7.2.2/sound/i2c/other/ak4xxx-adda.c:512:	change = snd_akm4xxx_get(ak, chip, addr) != nval;
/home/manan/Aira-Octave/linux-7.2.2/sound/i2c/other/ak4xxx-adda.c:514:		snd_akm4xxx_write(ak, chip, addr, nval);
/home/manan/Aira-Octave/linux-7.2.2/sound/i2c/other/ak4xxx-adda.c:518:#define ak4xxx_switch_info	snd_ctl_boolean_mono_info
/home/manan/Aira-Octave/linux-7.2.2/sound/i2c/other/ak4xxx-adda.c:520:static int ak4xxx_switch_get(struct snd_kcontrol *kcontrol,
/home/manan/Aira-Octave/linux-7.2.2/sound/i2c/other/ak4xxx-adda.c:523:	struct snd_akm4xxx *ak = snd_kcontrol_chip(kcontrol);
/home/manan/Aira-Octave/linux-7.2.2/sound/i2c/other/ak4xxx-adda.c:529:	unsigned char val = snd_akm4xxx_get(ak, chip, addr) & (1<<shift);
/home/manan/Aira-Octave/linux-7.2.2/sound/i2c/other/ak4xxx-adda.c:536:static int ak4xxx_switch_put(struct snd_kcontrol *kcontrol,
/home/manan/Aira-Octave/linux-7.2.2/sound/i2c/other/ak4xxx-adda.c:539:	struct snd_akm4xxx *ak = snd_kcontrol_chip(kcontrol);
/home/manan/Aira-Octave/linux-7.2.2/sound/i2c/other/ak4xxx-adda.c:550:	oval = snd_akm4xxx_get(ak, chip, addr);
/home/manan/Aira-Octave/linux-7.2.2/sound/i2c/other/ak4xxx-adda.c:557:		snd_akm4xxx_write(ak, chip, addr, val);
/home/manan/Aira-Octave/linux-7.2.2/sound/i2c/other/ak4xxx-adda.c:563:static int ak4xxx_capture_num_inputs(struct snd_akm4xxx *ak, int mixer_ch)
/home/manan/Aira-Octave/linux-7.2.2/sound/i2c/other/ak4xxx-adda.c:575:static int ak4xxx_capture_source_info(struct snd_kcontrol *kcontrol,
/home/manan/Aira-Octave/linux-7.2.2/sound/i2c/other/ak4xxx-adda.c:578:	struct snd_akm4xxx *ak = snd_kcontrol_chip(kcontrol);
/home/manan/Aira-Octave/linux-7.2.2/sound/i2c/other/ak4xxx-adda.c:582:	num_names = ak4xxx_capture_num_inputs(ak, mixer_ch);
/home/manan/Aira-Octave/linux-7.2.2/sound/i2c/other/ak4xxx-adda.c:589:static int ak4xxx_capture_source_get(struct snd_kcontrol *kcontrol,
/home/manan/Aira-Octave/linux-7.2.2/sound/i2c/other/ak4xxx-adda.c:592:	struct snd_akm4xxx *ak = snd_kcontrol_chip(kcontrol);
/home/manan/Aira-Octave/linux-7.2.2/sound/i2c/other/ak4xxx-adda.c:598:	val = snd_akm4xxx_get(ak, chip, addr) & mask;
/home/manan/Aira-Octave/linux-7.2.2/sound/i2c/other/ak4xxx-adda.c:603:static int ak4xxx_capture_source_put(struct snd_kcontrol *kcontrol,
/home/manan/Aira-Octave/linux-7.2.2/sound/i2c/other/ak4xxx-adda.c:606:	struct snd_akm4xxx *ak = snd_kcontrol_chip(kcontrol);
/home/manan/Aira-Octave/linux-7.2.2/sound/i2c/other/ak4xxx-adda.c:612:	int num_names = ak4xxx_capture_num_inputs(ak, mixer_ch);
/home/manan/Aira-Octave/linux-7.2.2/sound/i2c/other/ak4xxx-adda.c:617:	oval = snd_akm4xxx_get(ak, chip, addr);
/home/manan/Aira-Octave/linux-7.2.2/sound/i2c/other/ak4xxx-adda.c:621:		snd_akm4xxx_write(ak, chip, addr, val);
/home/manan/Aira-Octave/linux-7.2.2/sound/i2c/other/ak4xxx-adda.c:628: * build AK4xxx controls
/home/manan/Aira-Octave/linux-7.2.2/sound/i2c/other/ak4xxx-adda.c:631:static int build_dac_controls(struct snd_akm4xxx *ak)
/home/manan/Aira-Octave/linux-7.2.2/sound/i2c/other/ak4xxx-adda.c:646:			knew.info = ak4xxx_switch_info;
/home/manan/Aira-Octave/linux-7.2.2/sound/i2c/other/ak4xxx-adda.c:647:			knew.get = ak4xxx_switch_get;
/home/manan/Aira-Octave/linux-7.2.2/sound/i2c/other/ak4xxx-adda.c:648:			knew.put = ak4xxx_switch_put;
/home/manan/Aira-Octave/linux-7.2.2/sound/i2c/other/ak4xxx-adda.c:672:			knew.info = snd_akm4xxx_stereo_volume_info;
/home/manan/Aira-Octave/linux-7.2.2/sound/i2c/other/ak4xxx-adda.c:673:			knew.get = snd_akm4xxx_stereo_volume_get;
/home/manan/Aira-Octave/linux-7.2.2/sound/i2c/other/ak4xxx-adda.c:674:			knew.put = snd_akm4xxx_stereo_volume_put;
/home/manan/Aira-Octave/linux-7.2.2/sound/i2c/other/ak4xxx-adda.c:676:			knew.info = snd_akm4xxx_volume_info;
/home/manan/Aira-Octave/linux-7.2.2/sound/i2c/other/ak4xxx-adda.c:677:			knew.get = snd_akm4xxx_volume_get;
/home/manan/Aira-Octave/linux-7.2.2/sound/i2c/other/ak4xxx-adda.c:678:			knew.put = snd_akm4xxx_volume_put;
/home/manan/Aira-Octave/linux-7.2.2/sound/i2c/other/ak4xxx-adda.c:742:static int build_adc_controls(struct snd_akm4xxx *ak)
/home/manan/Aira-Octave/linux-7.2.2/sound/i2c/other/ak4xxx-adda.c:765:			knew.info = snd_akm4xxx_stereo_volume_info;
/home/manan/Aira-Octave/linux-7.2.2/sound/i2c/other/ak4xxx-adda.c:766:			knew.get = snd_akm4xxx_stereo_volume_get;
/home/manan/Aira-Octave/linux-7.2.2/sound/i2c/other/ak4xxx-adda.c:767:			knew.put = snd_akm4xxx_stereo_volume_put;
/home/manan/Aira-Octave/linux-7.2.2/sound/i2c/other/ak4xxx-adda.c:769:			knew.info = snd_akm4xxx_volume_info;
/home/manan/Aira-Octave/linux-7.2.2/sound/i2c/other/ak4xxx-adda.c:770:			knew.get = snd_akm4xxx_volume_get;
/home/manan/Aira-Octave/linux-7.2.2/sound/i2c/other/ak4xxx-adda.c:771:			knew.put = snd_akm4xxx_volume_put;
/home/manan/Aira-Octave/linux-7.2.2/sound/i2c/other/ak4xxx-adda.c:793:			knew.info = ak4xxx_switch_info;
/home/manan/Aira-Octave/linux-7.2.2/sound/i2c/other/ak4xxx-adda.c:794:			knew.get = ak4xxx_switch_get;
/home/manan/Aira-Octave/linux-7.2.2/sound/i2c/other/ak4xxx-adda.c:795:			knew.put = ak4xxx_switch_put;
/home/manan/Aira-Octave/linux-7.2.2/sound/i2c/other/ak4xxx-adda.c:814:			knew.info = ak4xxx_capture_source_info;
/home/manan/Aira-Octave/linux-7.2.2/sound/i2c/other/ak4xxx-adda.c:815:			knew.get = ak4xxx_capture_source_get;
/home/manan/Aira-Octave/linux-7.2.2/sound/i2c/other/ak4xxx-adda.c:816:			knew.put = ak4xxx_capture_source_put;
/home/manan/Aira-Octave/linux-7.2.2/sound/i2c/other/ak4xxx-adda.c:833:static int build_deemphasis(struct snd_akm4xxx *ak, int num_emphs)
/home/manan/Aira-Octave/linux-7.2.2/sound/i2c/other/ak4xxx-adda.c:844:		knew.info = snd_akm4xxx_deemphasis_info;
/home/manan/Aira-Octave/linux-7.2.2/sound/i2c/other/ak4xxx-adda.c:845:		knew.get = snd_akm4xxx_deemphasis_get;
/home/manan/Aira-Octave/linux-7.2.2/sound/i2c/other/ak4xxx-adda.c:846:		knew.put = snd_akm4xxx_deemphasis_put;
/home/manan/Aira-Octave/linux-7.2.2/sound/i2c/other/ak4xxx-adda.c:880:	struct snd_akm4xxx *ak = entry->private_data;

[14/15] Attempting QEMU boot test...
Starting QEMU for 20 seconds maximum...
